dEQP-VK.query_pool.statistics_query.clipping_invocations.primary.32bits_cmdcopyquerypoolresults_line_list_clear_color_geometry	Pass	Pass
dEQP-VK.query_pool.statistics_query.clipping_invocations.primary.32bits_cmdcopyquerypoolresults_line_list_with_no_color_attachments_vertex	Pass	Pass
dEQP-VK.query_pool.statistics_query.clipping_invocations.primary.32bits_cmdcopyquerypoolresults_line_strip_with_no_color_attachments_geometry	Pass	Pass
dEQP-VK.query_pool.statistics_query.clipping_invocations.primary.32bits_cmdcopyquerypoolresults_point_list_vertex	Pass	Pass
dEQP-VK.query_pool.statistics_query.clipping_invocations.primary.32bits_cmdcopyquerypoolresults_triangle_list_geometry	Pass	Pass
dEQP-VK.query_pool.statistics_query.clipping_invocations.primary.32bits_cmdcopyquerypoolresults_triangle_strip_clear_depth_vertex	Pass	Pass
dEQP-VK.query_pool.statistics_query.clipping_invocations.primary.32bits_dstoffset_cmdcopyquerypoolresults_line_list_clear_depth_geometry	Pass	Pass
dEQP-VK.query_pool.statistics_query.clipping_invocations.primary.32bits_dstoffset_cmdcopyquerypoolresults_line_strip_clear_color_vertex	Pass	Pass
dEQP-VK.query_pool.statistics_query.clipping_invocations.primary.32bits_dstoffset_cmdcopyquerypoolresults_patch_list_clear_color_tessellation	Fail	Result image doesn't match expected image.
dEQP-VK.query_pool.statistics_query.clipping_invocations.primary.32bits_dstoffset_cmdcopyquerypoolresults_point_list_with_no_color_attachments_vertex	Pass	Pass
dEQP-VK.query_pool.statistics_query.clipping_invocations.primary.32bits_dstoffset_cmdcopyquerypoolresults_triangle_list_with_adjacency_clear_color_geometry	Pass	Pass
dEQP-VK.query_pool.statistics_query.clipping_invocations.primary.32bits_dstoffset_cmdcopyquerypoolresults_triangle_strip_vertex	Pass	Pass
dEQP-VK.query_pool.statistics_query.clipping_invocations.primary.32bits_line_list_geometry	Pass	Pass
dEQP-VK.query_pool.statistics_query.clipping_invocations.primary.32bits_line_strip_clear_depth_vertex	Pass	Pass
dEQP-VK.query_pool.statistics_query.clipping_invocations.primary.32bits_patch_list_clear_depth_tessellation	Fail	Result image doesn't match expected image.
dEQP-VK.query_pool.statistics_query.clipping_invocations.primary.32bits_triangle_fan_clear_color_vertex	Pass	Pass
dEQP-VK.query_pool.statistics_query.clipping_invocations.primary.32bits_triangle_list_with_adjacency_clear_depth_geometry	Pass	Pass
dEQP-VK.query_pool.statistics_query.clipping_invocations.primary.32bits_triangle_strip_with_adjacency_clear_color_vertex	Pass	Pass
dEQP-VK.query_pool.statistics_query.clipping_invocations.primary.64bits_cmdcopyquerypoolresults_line_list_with_adjacency_clear_color_geometry	Pass	Pass
dEQP-VK.query_pool.statistics_query.clipping_invocations.primary.64bits_cmdcopyquerypoolresults_line_strip_vertex	Pass	Pass
dEQP-VK.query_pool.statistics_query.clipping_invocations.primary.64bits_cmdcopyquerypoolresults_patch_list_tessellation	Fail	Result image doesn't match expected image.
dEQP-VK.query_pool.statistics_query.clipping_invocations.primary.64bits_cmdcopyquerypoolresults_triangle_fan_clear_depth_vertex	Pass	Pass
dEQP-VK.query_pool.statistics_query.clipping_invocations.primary.64bits_cmdcopyquerypoolresults_triangle_list_with_adjacency_geometry	Pass	Pass
dEQP-VK.query_pool.statistics_query.clipping_invocations.primary.64bits_cmdcopyquerypoolresults_triangle_strip_with_adjacency_clear_depth_vertex	Pass	Pass
dEQP-VK.query_pool.statistics_query.clipping_invocations.primary.64bits_dstoffset_cmdcopyquerypoolresults_line_list_with_adjacency_clear_depth_geometry	Pass	Pass
dEQP-VK.query_pool.statistics_query.clipping_invocations.primary.64bits_dstoffset_cmdcopyquerypoolresults_line_strip_with_adjacency_clear_color_vertex	Pass	Pass
dEQP-VK.query_pool.statistics_query.clipping_invocations.primary.64bits_dstoffset_cmdcopyquerypoolresults_patch_list_with_no_color_attachments_tessellation	Pass	Pass
dEQP-VK.query_pool.statistics_query.clipping_invocations.primary.64bits_dstoffset_cmdcopyquerypoolresults_triangle_fan_vertex	Pass	Pass
dEQP-VK.query_pool.statistics_query.clipping_invocations.primary.64bits_dstoffset_cmdcopyquerypoolresults_triangle_list_with_adjacency_with_no_color_attachments_geometry	Pass	Pass
dEQP-VK.query_pool.statistics_query.clipping_invocations.primary.64bits_dstoffset_cmdcopyquerypoolresults_triangle_strip_with_adjacency_vertex	Pass	Pass
dEQP-VK.query_pool.statistics_query.clipping_invocations.primary.64bits_line_list_with_adjacency_geometry	Pass	Pass
dEQP-VK.query_pool.statistics_query.clipping_invocations.primary.64bits_line_strip_with_adjacency_clear_depth_vertex	Pass	Pass
dEQP-VK.query_pool.statistics_query.clipping_invocations.primary.64bits_point_list_clear_color_geometry	Pass	Pass
dEQP-VK.query_pool.statistics_query.clipping_invocations.primary.64bits_triangle_fan_with_no_color_attachments_vertex	Pass	Pass
dEQP-VK.query_pool.statistics_query.clipping_invocations.primary.64bits_triangle_list_with_no_color_attachments_geometry	Pass	Pass
dEQP-VK.query_pool.statistics_query.clipping_invocations.primary.64bits_triangle_strip_with_adjacency_with_no_color_attachments_vertex	Pass	Pass
dEQP-VK.query_pool.statistics_query.clipping_invocations.secondary.32bits_cmdcopyquerypoolresults_line_strip_clear_color_geometry	Pass	Pass
dEQP-VK.query_pool.statistics_query.clipping_invocations.secondary.32bits_cmdcopyquerypoolresults_patch_list_clear_depth_tessellation_geometry	Fail	Result image doesn't match expected image
dEQP-VK.query_pool.statistics_query.clipping_invocations.secondary.32bits_cmdcopyquerypoolresults_triangle_list_clear_color_geometry	Pass	Pass
dEQP-VK.query_pool.statistics_query.clipping_invocations.secondary.32bits_cmdcopyquerypoolresults_triangle_strip_clear_depth_vertex	Pass	Pass
dEQP-VK.query_pool.statistics_query.clipping_invocations.secondary.32bits_dstoffset_cmdcopyquerypoolresults_line_list_with_adjacency_clear_color_geometry	Pass	Pass
dEQP-VK.query_pool.statistics_query.clipping_invocations.secondary.32bits_dstoffset_cmdcopyquerypoolresults_line_strip_with_adjacency_clear_depth_vertex	Pass	Pass
dEQP-VK.query_pool.statistics_query.clipping_invocations.secondary.32bits_dstoffset_cmdcopyquerypoolresults_triangle_fan_clear_color_geometry	Pass	Pass
dEQP-VK.query_pool.statistics_query.clipping_invocations.secondary.32bits_dstoffset_cmdcopyquerypoolresults_triangle_list_with_adjacency_clear_depth_vertex	Pass	Pass
dEQP-VK.query_pool.statistics_query.clipping_invocations.secondary.32bits_line_list_clear_color_geometry	Pass	Pass
dEQP-VK.query_pool.statistics_query.clipping_invocations.secondary.32bits_line_strip_clear_depth_vertex	Pass	Pass
dEQP-VK.query_pool.statistics_query.clipping_invocations.secondary.32bits_point_list_clear_color_geometry	Pass	Pass
dEQP-VK.query_pool.statistics_query.clipping_invocations.secondary.32bits_triangle_list_clear_depth_vertex	Pass	Pass
dEQP-VK.query_pool.statistics_query.clipping_invocations.secondary.32bits_triangle_strip_with_adjacency_clear_color_geometry	Pass	Pass
dEQP-VK.query_pool.statistics_query.clipping_invocations.secondary.64bits_cmdcopyquerypoolresults_line_list_with_adjacency_clear_depth_vertex	Pass	Pass
dEQP-VK.query_pool.statistics_query.clipping_invocations.secondary.64bits_cmdcopyquerypoolresults_patch_list_clear_color_tessellation	Fail	Result image doesn't match expected image
dEQP-VK.query_pool.statistics_query.clipping_invocations.secondary.64bits_cmdcopyquerypoolresults_triangle_fan_clear_depth_vertex	Pass	Pass
dEQP-VK.query_pool.statistics_query.clipping_invocations.secondary.64bits_cmdcopyquerypoolresults_triangle_strip_clear_color_geometry	Pass	Pass
dEQP-VK.query_pool.statistics_query.clipping_invocations.secondary.64bits_dstoffset_cmdcopyquerypoolresults_line_list_clear_depth_vertex	Pass	Pass
dEQP-VK.query_pool.statistics_query.clipping_invocations.secondary.64bits_dstoffset_cmdcopyquerypoolresults_line_strip_with_adjacency_clear_color_geometry	Pass	Pass
dEQP-VK.query_pool.statistics_query.clipping_invocations.secondary.64bits_dstoffset_cmdcopyquerypoolresults_point_list_clear_depth_vertex	Pass	Pass
dEQP-VK.query_pool.statistics_query.clipping_invocations.secondary.64bits_dstoffset_cmdcopyquerypoolresults_triangle_list_with_adjacency_clear_color_geometry	Pass	Pass
dEQP-VK.query_pool.statistics_query.clipping_invocations.secondary.64bits_dstoffset_cmdcopyquerypoolresults_triangle_strip_with_adjacency_clear_depth_vertex	Pass	Pass
dEQP-VK.query_pool.statistics_query.clipping_invocations.secondary.64bits_line_strip_clear_color_geometry	Pass	Pass
dEQP-VK.query_pool.statistics_query.clipping_invocations.secondary.64bits_patch_list_clear_depth_tessellation_geometry	Fail	Result image doesn't match expected image
dEQP-VK.query_pool.statistics_query.clipping_invocations.secondary.64bits_triangle_list_clear_color_geometry	Pass	Pass
dEQP-VK.query_pool.statistics_query.clipping_invocations.secondary.64bits_triangle_strip_clear_depth_vertex	Pass	Pass
dEQP-VK.query_pool.statistics_query.clipping_invocations.secondary_inherited.32bits_cmdcopyquerypoolresults_line_strip_with_adjacency_geometry	NotSupported	Inherited queries are not supported at vktQueryPoolStatisticsTests.cpp:5866
dEQP-VK.query_pool.statistics_query.clipping_invocations.secondary_inherited.32bits_cmdcopyquerypoolresults_triangle_strip_with_adjacency_vertex	NotSupported	Inherited queries are not supported at vktQueryPoolStatisticsTests.cpp:5866
dEQP-VK.query_pool.statistics_query.clipping_invocations.secondary_inherited.32bits_dstoffset_cmdcopyquerypoolresults_triangle_list_geometry	NotSupported	Inherited queries are not supported at vktQueryPoolStatisticsTests.cpp:5866
dEQP-VK.query_pool.statistics_query.clipping_invocations.secondary_inherited.32bits_line_strip_with_adjacency_vertex	NotSupported	Inherited queries are not supported at vktQueryPoolStatisticsTests.cpp:5866
dEQP-VK.query_pool.statistics_query.clipping_invocations.secondary_inherited.64bits_cmdcopyquerypoolresults_line_list_geometry	NotSupported	Inherited queries are not supported at vktQueryPoolStatisticsTests.cpp:5866
dEQP-VK.query_pool.statistics_query.clipping_invocations.secondary_inherited.64bits_cmdcopyquerypoolresults_triangle_list_vertex	NotSupported	Inherited queries are not supported at vktQueryPoolStatisticsTests.cpp:5866
dEQP-VK.query_pool.statistics_query.clipping_invocations.secondary_inherited.64bits_dstoffset_cmdcopyquerypoolresults_patch_list_tessellation	NotSupported	Inherited queries are not supported at vktQueryPoolStatisticsTests.cpp:5866
dEQP-VK.query_pool.statistics_query.clipping_invocations.secondary_inherited.64bits_line_list_vertex	NotSupported	Inherited queries are not supported at vktQueryPoolStatisticsTests.cpp:5866
dEQP-VK.query_pool.statistics_query.clipping_invocations.secondary_inherited.64bits_triangle_list_with_adjacency_geometry	NotSupported	Inherited queries are not supported at vktQueryPoolStatisticsTests.cpp:5866
dEQP-VK.query_pool.statistics_query.clipping_primitives.cull_front_and_back.32bits_cmdcopyquerypoolresults_line_list_clear_color_geometry	Pass	Pass
dEQP-VK.query_pool.statistics_query.clipping_primitives.cull_front_and_back.32bits_cmdcopyquerypoolresults_line_strip_clear_depth_vertex	Pass	Pass
dEQP-VK.query_pool.statistics_query.clipping_primitives.cull_front_and_back.32bits_cmdcopyquerypoolresults_point_list_clear_color_geometry	Pass	Pass
dEQP-VK.query_pool.statistics_query.clipping_primitives.cull_front_and_back.32bits_cmdcopyquerypoolresults_triangle_list_clear_depth_vertex	Pass	Pass
dEQP-VK.query_pool.statistics_query.clipping_primitives.cull_front_and_back.32bits_cmdcopyquerypoolresults_triangle_strip_with_adjacency_clear_color_geometry	Pass	Pass
dEQP-VK.query_pool.statistics_query.clipping_primitives.cull_front_and_back.32bits_dstoffset_cmdcopyquerypoolresults_line_list_with_adjacency_clear_depth_vertex	Pass	Pass
dEQP-VK.query_pool.statistics_query.clipping_primitives.cull_front_and_back.32bits_dstoffset_cmdcopyquerypoolresults_patch_list_clear_color_tessellation	Fail	Result image doesn't match expected image.
dEQP-VK.query_pool.statistics_query.clipping_primitives.cull_front_and_back.32bits_dstoffset_cmdcopyquerypoolresults_triangle_fan_clear_depth_vertex	Pass	Pass
dEQP-VK.query_pool.statistics_query.clipping_primitives.cull_front_and_back.32bits_dstoffset_cmdcopyquerypoolresults_triangle_strip_clear_color_geometry	Pass	Pass
dEQP-VK.query_pool.statistics_query.clipping_primitives.cull_front_and_back.32bits_line_list_clear_depth_vertex	Pass	Pass
dEQP-VK.query_pool.statistics_query.clipping_primitives.cull_front_and_back.32bits_line_strip_with_adjacency_clear_color_geometry	Pass	Pass
dEQP-VK.query_pool.statistics_query.clipping_primitives.cull_front_and_back.32bits_point_list_clear_depth_vertex	Pass	Pass
dEQP-VK.query_pool.statistics_query.clipping_primitives.cull_front_and_back.32bits_triangle_list_with_adjacency_clear_color_geometry	Pass	Pass
dEQP-VK.query_pool.statistics_query.clipping_primitives.cull_front_and_back.32bits_triangle_strip_with_adjacency_clear_depth_vertex	Pass	Pass
dEQP-VK.query_pool.statistics_query.clipping_primitives.cull_front_and_back.64bits_cmdcopyquerypoolresults_line_strip_clear_color_geometry	Pass	Pass
dEQP-VK.query_pool.statistics_query.clipping_primitives.cull_front_and_back.64bits_cmdcopyquerypoolresults_patch_list_clear_depth_tessellation_geometry	Fail	Result image doesn't match expected image
dEQP-VK.query_pool.statistics_query.clipping_primitives.cull_front_and_back.64bits_cmdcopyquerypoolresults_triangle_list_clear_color_geometry	Pass	Pass
dEQP-VK.query_pool.statistics_query.clipping_primitives.cull_front_and_back.64bits_cmdcopyquerypoolresults_triangle_strip_clear_depth_vertex	Pass	Pass
dEQP-VK.query_pool.statistics_query.clipping_primitives.cull_front_and_back.64bits_dstoffset_cmdcopyquerypoolresults_line_list_with_adjacency_clear_color_geometry	Pass	Pass
dEQP-VK.query_pool.statistics_query.clipping_primitives.cull_front_and_back.64bits_dstoffset_cmdcopyquerypoolresults_line_strip_with_adjacency_clear_depth_vertex	Pass	Pass
dEQP-VK.query_pool.statistics_query.clipping_primitives.cull_front_and_back.64bits_dstoffset_cmdcopyquerypoolresults_triangle_fan_clear_color_geometry	Pass	Pass
dEQP-VK.query_pool.statistics_query.clipping_primitives.cull_front_and_back.64bits_dstoffset_cmdcopyquerypoolresults_triangle_list_with_adjacency_clear_depth_vertex	Pass	Pass
dEQP-VK.query_pool.statistics_query.clipping_primitives.cull_front_and_back.64bits_line_list_clear_color_geometry	Pass	Pass
dEQP-VK.query_pool.statistics_query.clipping_primitives.cull_front_and_back.64bits_line_strip_clear_depth_vertex	Pass	Pass
dEQP-VK.query_pool.statistics_query.clipping_primitives.cull_front_and_back.64bits_point_list_clear_color_geometry	Pass	Pass
dEQP-VK.query_pool.statistics_query.clipping_primitives.cull_front_and_back.64bits_triangle_list_clear_depth_vertex	Pass	Pass
dEQP-VK.query_pool.statistics_query.clipping_primitives.cull_front_and_back.64bits_triangle_strip_with_adjacency_clear_color_geometry	Pass	Pass
dEQP-VK.query_pool.statistics_query.clipping_primitives.primary.32bits_cmdcopyquerypoolresults_line_list_with_adjacency_clear_depth_vertex	Pass	Pass
dEQP-VK.query_pool.statistics_query.clipping_primitives.primary.32bits_cmdcopyquerypoolresults_line_strip_with_adjacency_clear_depth_geometry	Pass	Pass
dEQP-VK.query_pool.statistics_query.clipping_primitives.primary.32bits_cmdcopyquerypoolresults_patch_list_with_no_color_attachments_tessellation_geometry	Pass	Pass
dEQP-VK.query_pool.statistics_query.clipping_primitives.primary.32bits_cmdcopyquerypoolresults_triangle_fan_with_no_color_attachments_geometry	Pass	Pass
dEQP-VK.query_pool.statistics_query.clipping_primitives.primary.32bits_cmdcopyquerypoolresults_triangle_list_with_adjacency_with_no_color_attachments_vertex	Pass	Pass
dEQP-VK.query_pool.statistics_query.clipping_primitives.primary.32bits_cmdcopyquerypoolresults_triangle_strip_with_adjacency_with_no_color_attachments_geometry	Pass	Pass
dEQP-VK.query_pool.statistics_query.clipping_primitives.primary.32bits_dstoffset_cmdcopyquerypoolresults_line_list_with_adjacency_vertex	Pass	Pass
dEQP-VK.query_pool.statistics_query.clipping_primitives.primary.32bits_dstoffset_cmdcopyquerypoolresults_line_strip_with_adjacency_geometry	Pass	Pass
dEQP-VK.query_pool.statistics_query.clipping_primitives.primary.32bits_dstoffset_cmdcopyquerypoolresults_point_list_clear_color_vertex	Pass	Pass
dEQP-VK.query_pool.statistics_query.clipping_primitives.primary.32bits_dstoffset_cmdcopyquerypoolresults_triangle_list_clear_color_geometry	Pass	Pass
dEQP-VK.query_pool.statistics_query.clipping_primitives.primary.32bits_dstoffset_cmdcopyquerypoolresults_triangle_list_with_no_color_attachments_vertex	Pass	Pass
dEQP-VK.query_pool.statistics_query.clipping_primitives.primary.32bits_dstoffset_cmdcopyquerypoolresults_triangle_strip_with_no_color_attachments_geometry	Pass	Pass
dEQP-VK.query_pool.statistics_query.clipping_primitives.primary.32bits_line_list_with_adjacency_with_no_color_attachments_vertex	Pass	Pass
dEQP-VK.query_pool.statistics_query.clipping_primitives.primary.32bits_line_strip_with_adjacency_with_no_color_attachments_geometry	Pass	Pass
dEQP-VK.query_pool.statistics_query.clipping_primitives.primary.32bits_point_list_clear_depth_vertex	Pass	Pass
dEQP-VK.query_pool.statistics_query.clipping_primitives.primary.32bits_triangle_list_clear_depth_geometry	Pass	Pass
dEQP-VK.query_pool.statistics_query.clipping_primitives.primary.32bits_triangle_strip_clear_color_vertex	Pass	Pass
dEQP-VK.query_pool.statistics_query.clipping_primitives.primary.64bits_cmdcopyquerypoolresults_line_list_clear_color_geometry	Pass	Pass
dEQP-VK.query_pool.statistics_query.clipping_primitives.primary.64bits_cmdcopyquerypoolresults_line_list_with_no_color_attachments_vertex	Pass	Pass
dEQP-VK.query_pool.statistics_query.clipping_primitives.primary.64bits_cmdcopyquerypoolresults_line_strip_with_no_color_attachments_geometry	Pass	Pass
dEQP-VK.query_pool.statistics_query.clipping_primitives.primary.64bits_cmdcopyquerypoolresults_point_list_vertex	Pass	Pass
dEQP-VK.query_pool.statistics_query.clipping_primitives.primary.64bits_cmdcopyquerypoolresults_triangle_list_geometry	Pass	Pass
dEQP-VK.query_pool.statistics_query.clipping_primitives.primary.64bits_cmdcopyquerypoolresults_triangle_strip_clear_depth_vertex	Pass	Pass
dEQP-VK.query_pool.statistics_query.clipping_primitives.primary.64bits_dstoffset_cmdcopyquerypoolresults_line_list_clear_depth_geometry	Pass	Pass
dEQP-VK.query_pool.statistics_query.clipping_primitives.primary.64bits_dstoffset_cmdcopyquerypoolresults_line_strip_clear_color_vertex	Pass	Pass
dEQP-VK.query_pool.statistics_query.clipping_primitives.primary.64bits_dstoffset_cmdcopyquerypoolresults_patch_list_clear_color_tessellation	Fail	Result image doesn't match expected image.
dEQP-VK.query_pool.statistics_query.clipping_primitives.primary.64bits_dstoffset_cmdcopyquerypoolresults_point_list_with_no_color_attachments_vertex	Pass	Pass
dEQP-VK.query_pool.statistics_query.clipping_primitives.primary.64bits_dstoffset_cmdcopyquerypoolresults_triangle_list_with_adjacency_clear_color_geometry	Pass	Pass
dEQP-VK.query_pool.statistics_query.clipping_primitives.primary.64bits_dstoffset_cmdcopyquerypoolresults_triangle_strip_vertex	Pass	Pass
dEQP-VK.query_pool.statistics_query.clipping_primitives.primary.64bits_line_list_geometry	Pass	Pass
dEQP-VK.query_pool.statistics_query.clipping_primitives.primary.64bits_line_strip_clear_depth_vertex	Pass	Pass
dEQP-VK.query_pool.statistics_query.clipping_primitives.primary.64bits_patch_list_clear_depth_tessellation	Fail	Result image doesn't match expected image.
dEQP-VK.query_pool.statistics_query.clipping_primitives.primary.64bits_triangle_fan_clear_color_vertex	Pass	Pass
dEQP-VK.query_pool.statistics_query.clipping_primitives.primary.64bits_triangle_list_with_adjacency_clear_depth_geometry	Pass	Pass
dEQP-VK.query_pool.statistics_query.clipping_primitives.primary.64bits_triangle_strip_with_adjacency_clear_color_vertex	Pass	Pass
dEQP-VK.query_pool.statistics_query.clipping_primitives.secondary.32bits_cmdcopyquerypoolresults_line_list_with_adjacency_clear_color_geometry	Pass	Pass
dEQP-VK.query_pool.statistics_query.clipping_primitives.secondary.32bits_cmdcopyquerypoolresults_line_strip_with_adjacency_clear_depth_vertex	Pass	Pass
dEQP-VK.query_pool.statistics_query.clipping_primitives.secondary.32bits_cmdcopyquerypoolresults_triangle_fan_clear_color_geometry	Pass	Pass
dEQP-VK.query_pool.statistics_query.clipping_primitives.secondary.32bits_cmdcopyquerypoolresults_triangle_list_with_adjacency_clear_depth_vertex	Pass	Pass
dEQP-VK.query_pool.statistics_query.clipping_primitives.secondary.32bits_dstoffset_cmdcopyquerypoolresults_line_list_clear_color_geometry	Pass	Pass
dEQP-VK.query_pool.statistics_query.clipping_primitives.secondary.32bits_dstoffset_cmdcopyquerypoolresults_line_strip_clear_depth_vertex	Pass	Pass
dEQP-VK.query_pool.statistics_query.clipping_primitives.secondary.32bits_dstoffset_cmdcopyquerypoolresults_point_list_clear_color_geometry	Pass	Pass
dEQP-VK.query_pool.statistics_query.clipping_primitives.secondary.32bits_dstoffset_cmdcopyquerypoolresults_triangle_list_clear_depth_vertex	Pass	Pass
dEQP-VK.query_pool.statistics_query.clipping_primitives.secondary.32bits_dstoffset_cmdcopyquerypoolresults_triangle_strip_with_adjacency_clear_color_geometry	Pass	Pass
dEQP-VK.query_pool.statistics_query.clipping_primitives.secondary.32bits_line_list_with_adjacency_clear_depth_vertex	Pass	Pass
dEQP-VK.query_pool.statistics_query.clipping_primitives.secondary.32bits_patch_list_clear_color_tessellation	Fail	Result image doesn't match expected image
dEQP-VK.query_pool.statistics_query.clipping_primitives.secondary.32bits_triangle_fan_clear_depth_vertex	Pass	Pass
dEQP-VK.query_pool.statistics_query.clipping_primitives.secondary.32bits_triangle_strip_clear_color_geometry	Pass	Pass
dEQP-VK.query_pool.statistics_query.clipping_primitives.secondary.64bits_cmdcopyquerypoolresults_line_list_clear_depth_vertex	Pass	Pass
dEQP-VK.query_pool.statistics_query.clipping_primitives.secondary.64bits_cmdcopyquerypoolresults_line_strip_with_adjacency_clear_color_geometry	Pass	Pass
dEQP-VK.query_pool.statistics_query.clipping_primitives.secondary.64bits_cmdcopyquerypoolresults_point_list_clear_depth_vertex	Pass	Pass
dEQP-VK.query_pool.statistics_query.clipping_primitives.secondary.64bits_cmdcopyquerypoolresults_triangle_list_with_adjacency_clear_color_geometry	Pass	Pass
dEQP-VK.query_pool.statistics_query.clipping_primitives.secondary.64bits_cmdcopyquerypoolresults_triangle_strip_with_adjacency_clear_depth_vertex	Pass	Pass
dEQP-VK.query_pool.statistics_query.clipping_primitives.secondary.64bits_dstoffset_cmdcopyquerypoolresults_line_strip_clear_color_geometry	Pass	Pass
dEQP-VK.query_pool.statistics_query.clipping_primitives.secondary.64bits_dstoffset_cmdcopyquerypoolresults_patch_list_clear_depth_tessellation_geometry	Fail	Result image doesn't match expected image
dEQP-VK.query_pool.statistics_query.clipping_primitives.secondary.64bits_dstoffset_cmdcopyquerypoolresults_triangle_list_clear_color_geometry	Pass	Pass
dEQP-VK.query_pool.statistics_query.clipping_primitives.secondary.64bits_dstoffset_cmdcopyquerypoolresults_triangle_strip_clear_depth_vertex	Pass	Pass
dEQP-VK.query_pool.statistics_query.clipping_primitives.secondary.64bits_line_list_with_adjacency_clear_color_geometry	Pass	Pass
dEQP-VK.query_pool.statistics_query.clipping_primitives.secondary.64bits_line_strip_with_adjacency_clear_depth_vertex	Pass	Pass
dEQP-VK.query_pool.statistics_query.clipping_primitives.secondary.64bits_triangle_fan_clear_color_geometry	Pass	Pass
dEQP-VK.query_pool.statistics_query.clipping_primitives.secondary.64bits_triangle_list_with_adjacency_clear_depth_vertex	Pass	Pass
dEQP-VK.query_pool.statistics_query.clipping_primitives.secondary_inherited.32bits_cmdcopyquerypoolresults_line_list_geometry	NotSupported	Inherited queries are not supported at vktQueryPoolStatisticsTests.cpp:5866
dEQP-VK.query_pool.statistics_query.clipping_primitives.secondary_inherited.32bits_cmdcopyquerypoolresults_triangle_list_vertex	NotSupported	Inherited queries are not supported at vktQueryPoolStatisticsTests.cpp:5866
dEQP-VK.query_pool.statistics_query.clipping_primitives.secondary_inherited.32bits_dstoffset_cmdcopyquerypoolresults_patch_list_tessellation	NotSupported	Inherited queries are not supported at vktQueryPoolStatisticsTests.cpp:5866
dEQP-VK.query_pool.statistics_query.clipping_primitives.secondary_inherited.32bits_line_list_vertex	NotSupported	Inherited queries are not supported at vktQueryPoolStatisticsTests.cpp:5866
dEQP-VK.query_pool.statistics_query.clipping_primitives.secondary_inherited.32bits_triangle_list_with_adjacency_geometry	NotSupported	Inherited queries are not supported at vktQueryPoolStatisticsTests.cpp:5866
dEQP-VK.query_pool.statistics_query.clipping_primitives.secondary_inherited.64bits_cmdcopyquerypoolresults_patch_list_tessellation_geometry	NotSupported	Inherited queries are not supported at vktQueryPoolStatisticsTests.cpp:5866
dEQP-VK.query_pool.statistics_query.clipping_primitives.secondary_inherited.64bits_dstoffset_cmdcopyquerypoolresults_line_list_with_adjacency_geometry	NotSupported	Inherited queries are not supported at vktQueryPoolStatisticsTests.cpp:5866
dEQP-VK.query_pool.statistics_query.clipping_primitives.secondary_inherited.64bits_dstoffset_cmdcopyquerypoolresults_triangle_list_with_adjacency_vertex	NotSupported	Inherited queries are not supported at vktQueryPoolStatisticsTests.cpp:5866
dEQP-VK.query_pool.statistics_query.clipping_primitives.secondary_inherited.64bits_point_list_geometry	NotSupported	Inherited queries are not supported at vktQueryPoolStatisticsTests.cpp:5866
dEQP-VK.query_pool.statistics_query.compute_shader_invocations.32bits_cmdcopyquerypoolresults_primary	Pass	Pass
dEQP-VK.query_pool.statistics_query.compute_shader_invocations.32bits_dstoffset_cmdcopyquerypoolresults_secondary_cq	Pass	Pass
dEQP-VK.query_pool.statistics_query.compute_shader_invocations.64bits_cmdcopyquerypoolresults_primary	Pass	Pass
dEQP-VK.query_pool.statistics_query.compute_shader_invocations.64bits_dstoffset_cmdcopyquerypoolresults_secondary_cq	Pass	Pass
dEQP-VK.query_pool.statistics_query.fragment_shader_invocations.primary.32bits_cmdcopyquerypoolresults_line_list	Pass	Pass
dEQP-VK.query_pool.statistics_query.fragment_shader_invocations.primary.32bits_cmdcopyquerypoolresults_triangle_list_with_no_color_attachments	Pass	Pass
dEQP-VK.query_pool.statistics_query.fragment_shader_invocations.primary.32bits_dstoffset_cmdcopyquerypoolresults_triangle_fan	Pass	Pass
dEQP-VK.query_pool.statistics_query.fragment_shader_invocations.primary.32bits_line_strip_with_adjacency	Pass	Pass
dEQP-VK.query_pool.statistics_query.fragment_shader_invocations.primary.64bits_cmdcopyquerypoolresults_line_list	Pass	Pass
dEQP-VK.query_pool.statistics_query.fragment_shader_invocations.primary.64bits_cmdcopyquerypoolresults_triangle_list_with_no_color_attachments	Pass	Pass
dEQP-VK.query_pool.statistics_query.fragment_shader_invocations.primary.64bits_dstoffset_cmdcopyquerypoolresults_triangle_fan	Pass	Pass
dEQP-VK.query_pool.statistics_query.fragment_shader_invocations.primary.64bits_line_strip_with_adjacency	Pass	Pass
dEQP-VK.query_pool.statistics_query.fragment_shader_invocations.secondary.32bits_cmdcopyquerypoolresults_line_list	Pass	Pass
dEQP-VK.query_pool.statistics_query.fragment_shader_invocations.secondary.32bits_dstoffset_cmdcopyquerypoolresults_triangle_fan	Pass	Pass
dEQP-VK.query_pool.statistics_query.fragment_shader_invocations.secondary.64bits_cmdcopyquerypoolresults_line_list	Pass	Pass
dEQP-VK.query_pool.statistics_query.fragment_shader_invocations.secondary.64bits_dstoffset_cmdcopyquerypoolresults_triangle_fan	Pass	Pass
dEQP-VK.query_pool.statistics_query.fragment_shader_invocations.secondary_inherited.32bits_cmdcopyquerypoolresults_line_list	NotSupported	Inherited queries are not supported at vktQueryPoolStatisticsTests.cpp:5866
dEQP-VK.query_pool.statistics_query.fragment_shader_invocations.secondary_inherited.32bits_dstoffset_cmdcopyquerypoolresults_triangle_fan	NotSupported	Inherited queries are not supported at vktQueryPoolStatisticsTests.cpp:5866
dEQP-VK.query_pool.statistics_query.fragment_shader_invocations.secondary_inherited.64bits_cmdcopyquerypoolresults_line_list	NotSupported	Inherited queries are not supported at vktQueryPoolStatisticsTests.cpp:5866
dEQP-VK.query_pool.statistics_query.fragment_shader_invocations.secondary_inherited.64bits_dstoffset_cmdcopyquerypoolresults_triangle_fan	NotSupported	Inherited queries are not supported at vktQueryPoolStatisticsTests.cpp:5866
dEQP-VK.query_pool.statistics_query.geometry_shader_invocations.primary.32bits_cmdcopyquerypoolresults_line_list	Pass	Pass
dEQP-VK.query_pool.statistics_query.geometry_shader_invocations.primary.32bits_cmdcopyquerypoolresults_line_strip_with_no_color_attachments	Pass	Pass
dEQP-VK.query_pool.statistics_query.geometry_shader_invocations.primary.32bits_cmdcopyquerypoolresults_triangle_list_with_adjacency_with_no_color_attachments	Pass	Pass
dEQP-VK.query_pool.statistics_query.geometry_shader_invocations.primary.32bits_dstoffset_cmdcopyquerypoolresults_line_list_with_adjacency_clear_depth	Pass	Pass
dEQP-VK.query_pool.statistics_query.geometry_shader_invocations.primary.32bits_dstoffset_cmdcopyquerypoolresults_triangle_fan	Pass	Pass
dEQP-VK.query_pool.statistics_query.geometry_shader_invocations.primary.32bits_dstoffset_cmdcopyquerypoolresults_triangle_strip_with_adjacency	Pass	Pass
dEQP-VK.query_pool.statistics_query.geometry_shader_invocations.primary.32bits_line_strip_clear_depth	Pass	Pass
dEQP-VK.query_pool.statistics_query.geometry_shader_invocations.primary.32bits_triangle_list_clear_color	Pass	Pass
dEQP-VK.query_pool.statistics_query.geometry_shader_invocations.primary.64bits_cmdcopyquerypoolresults_line_list	Pass	Pass
dEQP-VK.query_pool.statistics_query.geometry_shader_invocations.primary.64bits_cmdcopyquerypoolresults_line_strip_with_no_color_attachments	Pass	Pass
dEQP-VK.query_pool.statistics_query.geometry_shader_invocations.primary.64bits_cmdcopyquerypoolresults_triangle_list_with_adjacency_with_no_color_attachments	Pass	Pass
dEQP-VK.query_pool.statistics_query.geometry_shader_invocations.primary.64bits_dstoffset_cmdcopyquerypoolresults_line_list_with_adjacency_clear_depth	Pass	Pass
dEQP-VK.query_pool.statistics_query.geometry_shader_invocations.primary.64bits_dstoffset_cmdcopyquerypoolresults_triangle_fan	Pass	Pass
dEQP-VK.query_pool.statistics_query.geometry_shader_invocations.primary.64bits_dstoffset_cmdcopyquerypoolresults_triangle_strip_with_adjacency	Pass	Pass
dEQP-VK.query_pool.statistics_query.geometry_shader_invocations.primary.64bits_line_strip_clear_depth	Pass	Pass
dEQP-VK.query_pool.statistics_query.geometry_shader_invocations.primary.64bits_triangle_list_clear_color	Pass	Pass
dEQP-VK.query_pool.statistics_query.geometry_shader_invocations.secondary.32bits_cmdcopyquerypoolresults_line_list	Pass	Pass
dEQP-VK.query_pool.statistics_query.geometry_shader_invocations.secondary.32bits_cmdcopyquerypoolresults_triangle_fan	Pass	Pass
dEQP-VK.query_pool.statistics_query.geometry_shader_invocations.secondary.32bits_dstoffset_cmdcopyquerypoolresults_line_list	Pass	Pass
dEQP-VK.query_pool.statistics_query.geometry_shader_invocations.secondary.32bits_dstoffset_cmdcopyquerypoolresults_triangle_fan	Pass	Pass
dEQP-VK.query_pool.statistics_query.geometry_shader_invocations.secondary.32bits_line_list	Pass	Pass
dEQP-VK.query_pool.statistics_query.geometry_shader_invocations.secondary.32bits_triangle_fan	Pass	Pass
dEQP-VK.query_pool.statistics_query.geometry_shader_invocations.secondary.64bits_cmdcopyquerypoolresults_line_list	Pass	Pass
dEQP-VK.query_pool.statistics_query.geometry_shader_invocations.secondary.64bits_cmdcopyquerypoolresults_triangle_fan	Pass	Pass
dEQP-VK.query_pool.statistics_query.geometry_shader_invocations.secondary.64bits_dstoffset_cmdcopyquerypoolresults_line_list	Pass	Pass
dEQP-VK.query_pool.statistics_query.geometry_shader_invocations.secondary.64bits_dstoffset_cmdcopyquerypoolresults_triangle_fan	Pass	Pass
dEQP-VK.query_pool.statistics_query.geometry_shader_invocations.secondary.64bits_line_list	Pass	Pass
dEQP-VK.query_pool.statistics_query.geometry_shader_invocations.secondary.64bits_triangle_fan	Pass	Pass
dEQP-VK.query_pool.statistics_query.geometry_shader_invocations.secondary_inherited.32bits_cmdcopyquerypoolresults_line_list	NotSupported	Inherited queries are not supported at vktQueryPoolStatisticsTests.cpp:5866
dEQP-VK.query_pool.statistics_query.geometry_shader_invocations.secondary_inherited.32bits_dstoffset_cmdcopyquerypoolresults_triangle_fan	NotSupported	Inherited queries are not supported at vktQueryPoolStatisticsTests.cpp:5866
dEQP-VK.query_pool.statistics_query.geometry_shader_invocations.secondary_inherited.64bits_cmdcopyquerypoolresults_line_list	NotSupported	Inherited queries are not supported at vktQueryPoolStatisticsTests.cpp:5866
dEQP-VK.query_pool.statistics_query.geometry_shader_invocations.secondary_inherited.64bits_dstoffset_cmdcopyquerypoolresults_triangle_fan	NotSupported	Inherited queries are not supported at vktQueryPoolStatisticsTests.cpp:5866
dEQP-VK.query_pool.statistics_query.geometry_shader_primitives.primary.32bits_cmdcopyquerypoolresults_line_list	Pass	Pass
dEQP-VK.query_pool.statistics_query.geometry_shader_primitives.primary.32bits_cmdcopyquerypoolresults_line_strip_with_no_color_attachments	Pass	Pass
dEQP-VK.query_pool.statistics_query.geometry_shader_primitives.primary.32bits_cmdcopyquerypoolresults_triangle_list_with_adjacency_with_no_color_attachments	Pass	Pass
dEQP-VK.query_pool.statistics_query.geometry_shader_primitives.primary.32bits_dstoffset_cmdcopyquerypoolresults_line_list_with_adjacency_clear_depth	Pass	Pass
dEQP-VK.query_pool.statistics_query.geometry_shader_primitives.primary.32bits_dstoffset_cmdcopyquerypoolresults_triangle_fan	Pass	Pass
dEQP-VK.query_pool.statistics_query.geometry_shader_primitives.primary.32bits_dstoffset_cmdcopyquerypoolresults_triangle_strip_with_adjacency	Pass	Pass
dEQP-VK.query_pool.statistics_query.geometry_shader_primitives.primary.32bits_line_strip_clear_depth	Pass	Pass
dEQP-VK.query_pool.statistics_query.geometry_shader_primitives.primary.32bits_triangle_list_clear_color	Pass	Pass
dEQP-VK.query_pool.statistics_query.geometry_shader_primitives.primary.64bits_cmdcopyquerypoolresults_line_list	Pass	Pass
dEQP-VK.query_pool.statistics_query.geometry_shader_primitives.primary.64bits_cmdcopyquerypoolresults_line_strip_with_no_color_attachments	Pass	Pass
dEQP-VK.query_pool.statistics_query.geometry_shader_primitives.primary.64bits_cmdcopyquerypoolresults_triangle_list_with_adjacency_with_no_color_attachments	Pass	Pass
dEQP-VK.query_pool.statistics_query.geometry_shader_primitives.primary.64bits_dstoffset_cmdcopyquerypoolresults_line_list_with_adjacency_clear_depth	Pass	Pass
dEQP-VK.query_pool.statistics_query.geometry_shader_primitives.primary.64bits_dstoffset_cmdcopyquerypoolresults_triangle_fan	Pass	Pass
dEQP-VK.query_pool.statistics_query.geometry_shader_primitives.primary.64bits_dstoffset_cmdcopyquerypoolresults_triangle_strip_with_adjacency	Pass	Pass
dEQP-VK.query_pool.statistics_query.geometry_shader_primitives.primary.64bits_line_strip_clear_depth	Pass	Pass
dEQP-VK.query_pool.statistics_query.geometry_shader_primitives.primary.64bits_triangle_list_clear_color	Pass	Pass
dEQP-VK.query_pool.statistics_query.geometry_shader_primitives.secondary.32bits_cmdcopyquerypoolresults_line_list	Pass	Pass
dEQP-VK.query_pool.statistics_query.geometry_shader_primitives.secondary.32bits_cmdcopyquerypoolresults_triangle_fan	Pass	Pass
dEQP-VK.query_pool.statistics_query.geometry_shader_primitives.secondary.32bits_dstoffset_cmdcopyquerypoolresults_line_list	Pass	Pass
dEQP-VK.query_pool.statistics_query.geometry_shader_primitives.secondary.32bits_dstoffset_cmdcopyquerypoolresults_triangle_fan	Pass	Pass
dEQP-VK.query_pool.statistics_query.geometry_shader_primitives.secondary.32bits_line_list	Pass	Pass
dEQP-VK.query_pool.statistics_query.geometry_shader_primitives.secondary.32bits_triangle_fan	Pass	Pass
dEQP-VK.query_pool.statistics_query.geometry_shader_primitives.secondary.64bits_cmdcopyquerypoolresults_line_list	Pass	Pass
dEQP-VK.query_pool.statistics_query.geometry_shader_primitives.secondary.64bits_cmdcopyquerypoolresults_triangle_fan	Pass	Pass
dEQP-VK.query_pool.statistics_query.geometry_shader_primitives.secondary.64bits_dstoffset_cmdcopyquerypoolresults_line_list	Pass	Pass
dEQP-VK.query_pool.statistics_query.geometry_shader_primitives.secondary.64bits_dstoffset_cmdcopyquerypoolresults_triangle_fan	Pass	Pass
dEQP-VK.query_pool.statistics_query.geometry_shader_primitives.secondary.64bits_line_list	Pass	Pass
dEQP-VK.query_pool.statistics_query.geometry_shader_primitives.secondary.64bits_triangle_fan	Pass	Pass
dEQP-VK.query_pool.statistics_query.geometry_shader_primitives.secondary_inherited.32bits_cmdcopyquerypoolresults_line_list	NotSupported	Inherited queries are not supported at vktQueryPoolStatisticsTests.cpp:5866
dEQP-VK.query_pool.statistics_query.geometry_shader_primitives.secondary_inherited.32bits_dstoffset_cmdcopyquerypoolresults_triangle_fan	NotSupported	Inherited queries are not supported at vktQueryPoolStatisticsTests.cpp:5866
dEQP-VK.query_pool.statistics_query.geometry_shader_primitives.secondary_inherited.64bits_cmdcopyquerypoolresults_line_list	NotSupported	Inherited queries are not supported at vktQueryPoolStatisticsTests.cpp:5866
dEQP-VK.query_pool.statistics_query.geometry_shader_primitives.secondary_inherited.64bits_dstoffset_cmdcopyquerypoolresults_triangle_fan	NotSupported	Inherited queries are not supported at vktQueryPoolStatisticsTests.cpp:5866
dEQP-VK.query_pool.statistics_query.host_query_reset.clipping_invocations.primary.32bits_cmdcopyquerypoolresults_line_list_clear_color_geometry	Pass	Pass
dEQP-VK.query_pool.statistics_query.host_query_reset.clipping_invocations.primary.32bits_cmdcopyquerypoolresults_line_list_with_no_color_attachments_vertex	Pass	Pass
dEQP-VK.query_pool.statistics_query.host_query_reset.clipping_invocations.primary.32bits_cmdcopyquerypoolresults_line_strip_with_no_color_attachments_geometry	Pass	Pass
dEQP-VK.query_pool.statistics_query.host_query_reset.clipping_invocations.primary.32bits_cmdcopyquerypoolresults_point_list_vertex	Pass	Pass
dEQP-VK.query_pool.statistics_query.host_query_reset.clipping_invocations.primary.32bits_cmdcopyquerypoolresults_triangle_list_geometry	Pass	Pass
dEQP-VK.query_pool.statistics_query.host_query_reset.clipping_invocations.primary.32bits_cmdcopyquerypoolresults_triangle_strip_clear_depth_vertex	Pass	Pass
dEQP-VK.query_pool.statistics_query.host_query_reset.clipping_invocations.primary.32bits_dstoffset_cmdcopyquerypoolresults_line_list_clear_depth_geometry	Pass	Pass
dEQP-VK.query_pool.statistics_query.host_query_reset.clipping_invocations.primary.32bits_dstoffset_cmdcopyquerypoolresults_line_strip_clear_color_vertex	Pass	Pass
dEQP-VK.query_pool.statistics_query.host_query_reset.clipping_invocations.primary.32bits_dstoffset_cmdcopyquerypoolresults_patch_list_clear_color_tessellation	Pass	Pass
dEQP-VK.query_pool.statistics_query.host_query_reset.clipping_invocations.primary.32bits_dstoffset_cmdcopyquerypoolresults_point_list_with_no_color_attachments_vertex	Pass	Pass
dEQP-VK.query_pool.statistics_query.host_query_reset.clipping_invocations.primary.32bits_dstoffset_cmdcopyquerypoolresults_triangle_list_with_adjacency_clear_color_geometry	Pass	Pass
dEQP-VK.query_pool.statistics_query.host_query_reset.clipping_invocations.primary.32bits_dstoffset_cmdcopyquerypoolresults_triangle_strip_vertex	Pass	Pass
dEQP-VK.query_pool.statistics_query.host_query_reset.clipping_invocations.primary.32bits_line_list_geometry	Pass	Pass
dEQP-VK.query_pool.statistics_query.host_query_reset.clipping_invocations.primary.32bits_line_strip_clear_depth_vertex	Pass	Pass
dEQP-VK.query_pool.statistics_query.host_query_reset.clipping_invocations.primary.32bits_patch_list_clear_depth_tessellation	Pass	Pass
dEQP-VK.query_pool.statistics_query.host_query_reset.clipping_invocations.primary.32bits_triangle_fan_clear_color_vertex	Pass	Pass
dEQP-VK.query_pool.statistics_query.host_query_reset.clipping_invocations.primary.32bits_triangle_list_with_adjacency_clear_depth_geometry	Pass	Pass
dEQP-VK.query_pool.statistics_query.host_query_reset.clipping_invocations.primary.32bits_triangle_strip_with_adjacency_clear_color_vertex	Pass	Pass
dEQP-VK.query_pool.statistics_query.host_query_reset.clipping_invocations.primary.64bits_cmdcopyquerypoolresults_line_list_with_adjacency_clear_color_geometry	Pass	Pass
dEQP-VK.query_pool.statistics_query.host_query_reset.clipping_invocations.primary.64bits_cmdcopyquerypoolresults_line_strip_vertex	Pass	Pass
dEQP-VK.query_pool.statistics_query.host_query_reset.clipping_invocations.primary.64bits_cmdcopyquerypoolresults_patch_list_tessellation	Pass	Pass
dEQP-VK.query_pool.statistics_query.host_query_reset.clipping_invocations.primary.64bits_cmdcopyquerypoolresults_triangle_fan_clear_depth_vertex	Pass	Pass
dEQP-VK.query_pool.statistics_query.host_query_reset.clipping_invocations.primary.64bits_cmdcopyquerypoolresults_triangle_list_with_adjacency_geometry	Pass	Pass
dEQP-VK.query_pool.statistics_query.host_query_reset.clipping_invocations.primary.64bits_cmdcopyquerypoolresults_triangle_strip_with_adjacency_clear_depth_vertex	Pass	Pass
dEQP-VK.query_pool.statistics_query.host_query_reset.clipping_invocations.primary.64bits_dstoffset_cmdcopyquerypoolresults_line_list_with_adjacency_clear_depth_geometry	Pass	Pass
dEQP-VK.query_pool.statistics_query.host_query_reset.clipping_invocations.primary.64bits_dstoffset_cmdcopyquerypoolresults_line_strip_with_adjacency_clear_color_vertex	Pass	Pass
dEQP-VK.query_pool.statistics_query.host_query_reset.clipping_invocations.primary.64bits_dstoffset_cmdcopyquerypoolresults_patch_list_with_no_color_attachments_tessellation	Pass	Pass
dEQP-VK.query_pool.statistics_query.host_query_reset.clipping_invocations.primary.64bits_dstoffset_cmdcopyquerypoolresults_triangle_fan_vertex	Pass	Pass
dEQP-VK.query_pool.statistics_query.host_query_reset.clipping_invocations.primary.64bits_dstoffset_cmdcopyquerypoolresults_triangle_list_with_adjacency_with_no_color_attachments_geometry	Pass	Pass
dEQP-VK.query_pool.statistics_query.host_query_reset.clipping_invocations.primary.64bits_dstoffset_cmdcopyquerypoolresults_triangle_strip_with_adjacency_vertex	Pass	Pass
dEQP-VK.query_pool.statistics_query.host_query_reset.clipping_invocations.primary.64bits_line_list_with_adjacency_geometry	Pass	Pass
dEQP-VK.query_pool.statistics_query.host_query_reset.clipping_invocations.primary.64bits_line_strip_with_adjacency_clear_depth_vertex	Pass	Pass
dEQP-VK.query_pool.statistics_query.host_query_reset.clipping_invocations.primary.64bits_point_list_clear_color_geometry	Pass	Pass
dEQP-VK.query_pool.statistics_query.host_query_reset.clipping_invocations.primary.64bits_triangle_fan_with_no_color_attachments_vertex	Pass	Pass
dEQP-VK.query_pool.statistics_query.host_query_reset.clipping_invocations.primary.64bits_triangle_list_with_no_color_attachments_geometry	Pass	Pass
dEQP-VK.query_pool.statistics_query.host_query_reset.clipping_invocations.primary.64bits_triangle_strip_with_adjacency_with_no_color_attachments_vertex	Pass	Pass
dEQP-VK.query_pool.statistics_query.host_query_reset.clipping_invocations.secondary.32bits_cmdcopyquerypoolresults_line_strip_clear_color_geometry	Pass	Pass
dEQP-VK.query_pool.statistics_query.host_query_reset.clipping_invocations.secondary.32bits_cmdcopyquerypoolresults_patch_list_clear_depth_tessellation_geometry	Fail	Result image doesn't match expected image
dEQP-VK.query_pool.statistics_query.host_query_reset.clipping_invocations.secondary.32bits_cmdcopyquerypoolresults_triangle_list_clear_color_geometry	Pass	Pass
dEQP-VK.query_pool.statistics_query.host_query_reset.clipping_invocations.secondary.32bits_cmdcopyquerypoolresults_triangle_strip_clear_depth_vertex	Pass	Pass
dEQP-VK.query_pool.statistics_query.host_query_reset.clipping_invocations.secondary.32bits_dstoffset_cmdcopyquerypoolresults_line_list_with_adjacency_clear_color_geometry	Pass	Pass
dEQP-VK.query_pool.statistics_query.host_query_reset.clipping_invocations.secondary.32bits_dstoffset_cmdcopyquerypoolresults_line_strip_with_adjacency_clear_depth_vertex	Pass	Pass
dEQP-VK.query_pool.statistics_query.host_query_reset.clipping_invocations.secondary.32bits_dstoffset_cmdcopyquerypoolresults_triangle_fan_clear_color_geometry	Pass	Pass
dEQP-VK.query_pool.statistics_query.host_query_reset.clipping_invocations.secondary.32bits_dstoffset_cmdcopyquerypoolresults_triangle_list_with_adjacency_clear_depth_vertex	Pass	Pass
dEQP-VK.query_pool.statistics_query.host_query_reset.clipping_invocations.secondary.32bits_line_list_clear_color_geometry	Pass	Pass
dEQP-VK.query_pool.statistics_query.host_query_reset.clipping_invocations.secondary.32bits_line_strip_clear_depth_vertex	Pass	Pass
dEQP-VK.query_pool.statistics_query.host_query_reset.clipping_invocations.secondary.32bits_point_list_clear_color_geometry	Pass	Pass
dEQP-VK.query_pool.statistics_query.host_query_reset.clipping_invocations.secondary.32bits_triangle_list_clear_depth_vertex	Pass	Pass
dEQP-VK.query_pool.statistics_query.host_query_reset.clipping_invocations.secondary.32bits_triangle_strip_with_adjacency_clear_color_geometry	Pass	Pass
dEQP-VK.query_pool.statistics_query.host_query_reset.clipping_invocations.secondary.64bits_cmdcopyquerypoolresults_line_list_with_adjacency_clear_depth_vertex	Pass	Pass
dEQP-VK.query_pool.statistics_query.host_query_reset.clipping_invocations.secondary.64bits_cmdcopyquerypoolresults_patch_list_clear_color_tessellation	Fail	Result image doesn't match expected image
dEQP-VK.query_pool.statistics_query.host_query_reset.clipping_invocations.secondary.64bits_cmdcopyquerypoolresults_triangle_fan_clear_depth_vertex	Pass	Pass
dEQP-VK.query_pool.statistics_query.host_query_reset.clipping_invocations.secondary.64bits_cmdcopyquerypoolresults_triangle_strip_clear_color_geometry	Pass	Pass
dEQP-VK.query_pool.statistics_query.host_query_reset.clipping_invocations.secondary.64bits_dstoffset_cmdcopyquerypoolresults_line_list_clear_depth_vertex	Pass	Pass
dEQP-VK.query_pool.statistics_query.host_query_reset.clipping_invocations.secondary.64bits_dstoffset_cmdcopyquerypoolresults_line_strip_with_adjacency_clear_color_geometry	Pass	Pass
dEQP-VK.query_pool.statistics_query.host_query_reset.clipping_invocations.secondary.64bits_dstoffset_cmdcopyquerypoolresults_point_list_clear_depth_vertex	Pass	Pass
dEQP-VK.query_pool.statistics_query.host_query_reset.clipping_invocations.secondary.64bits_dstoffset_cmdcopyquerypoolresults_triangle_list_with_adjacency_clear_color_geometry	Pass	Pass
dEQP-VK.query_pool.statistics_query.host_query_reset.clipping_invocations.secondary.64bits_dstoffset_cmdcopyquerypoolresults_triangle_strip_with_adjacency_clear_depth_vertex	Pass	Pass
dEQP-VK.query_pool.statistics_query.host_query_reset.clipping_invocations.secondary.64bits_line_strip_clear_color_geometry	Pass	Pass
dEQP-VK.query_pool.statistics_query.host_query_reset.clipping_invocations.secondary.64bits_patch_list_clear_depth_tessellation_geometry	Fail	Result image doesn't match expected image
dEQP-VK.query_pool.statistics_query.host_query_reset.clipping_invocations.secondary.64bits_triangle_list_clear_color_geometry	Pass	Pass
dEQP-VK.query_pool.statistics_query.host_query_reset.clipping_invocations.secondary.64bits_triangle_strip_clear_depth_vertex	Pass	Pass
dEQP-VK.query_pool.statistics_query.host_query_reset.clipping_invocations.secondary_inherited.32bits_cmdcopyquerypoolresults_line_strip_with_adjacency_geometry	NotSupported	Inherited queries are not supported at vktQueryPoolStatisticsTests.cpp:5866
dEQP-VK.query_pool.statistics_query.host_query_reset.clipping_invocations.secondary_inherited.32bits_cmdcopyquerypoolresults_triangle_strip_with_adjacency_vertex	NotSupported	Inherited queries are not supported at vktQueryPoolStatisticsTests.cpp:5866
dEQP-VK.query_pool.statistics_query.host_query_reset.clipping_invocations.secondary_inherited.32bits_dstoffset_cmdcopyquerypoolresults_triangle_list_geometry	NotSupported	Inherited queries are not supported at vktQueryPoolStatisticsTests.cpp:5866
dEQP-VK.query_pool.statistics_query.host_query_reset.clipping_invocations.secondary_inherited.32bits_line_strip_with_adjacency_vertex	NotSupported	Inherited queries are not supported at vktQueryPoolStatisticsTests.cpp:5866
dEQP-VK.query_pool.statistics_query.host_query_reset.clipping_invocations.secondary_inherited.64bits_cmdcopyquerypoolresults_line_list_geometry	NotSupported	Inherited queries are not supported at vktQueryPoolStatisticsTests.cpp:5866
dEQP-VK.query_pool.statistics_query.host_query_reset.clipping_invocations.secondary_inherited.64bits_cmdcopyquerypoolresults_triangle_list_vertex	NotSupported	Inherited queries are not supported at vktQueryPoolStatisticsTests.cpp:5866
dEQP-VK.query_pool.statistics_query.host_query_reset.clipping_invocations.secondary_inherited.64bits_dstoffset_cmdcopyquerypoolresults_patch_list_tessellation	NotSupported	Inherited queries are not supported at vktQueryPoolStatisticsTests.cpp:5866
dEQP-VK.query_pool.statistics_query.host_query_reset.clipping_invocations.secondary_inherited.64bits_line_list_vertex	NotSupported	Inherited queries are not supported at vktQueryPoolStatisticsTests.cpp:5866
dEQP-VK.query_pool.statistics_query.host_query_reset.clipping_invocations.secondary_inherited.64bits_triangle_list_with_adjacency_geometry	NotSupported	Inherited queries are not supported at vktQueryPoolStatisticsTests.cpp:5866
dEQP-VK.query_pool.statistics_query.host_query_reset.clipping_primitives.primary.32bits_cmdcopyquerypoolresults_line_list_with_adjacency_clear_depth_vertex	Pass	Pass
dEQP-VK.query_pool.statistics_query.host_query_reset.clipping_primitives.primary.32bits_cmdcopyquerypoolresults_line_strip_with_adjacency_clear_depth_geometry	Pass	Pass
dEQP-VK.query_pool.statistics_query.host_query_reset.clipping_primitives.primary.32bits_cmdcopyquerypoolresults_patch_list_with_no_color_attachments_tessellation_geometry	Pass	Pass
dEQP-VK.query_pool.statistics_query.host_query_reset.clipping_primitives.primary.32bits_cmdcopyquerypoolresults_triangle_fan_with_no_color_attachments_geometry	Pass	Pass
dEQP-VK.query_pool.statistics_query.host_query_reset.clipping_primitives.primary.32bits_cmdcopyquerypoolresults_triangle_list_with_adjacency_with_no_color_attachments_vertex	Pass	Pass
dEQP-VK.query_pool.statistics_query.host_query_reset.clipping_primitives.primary.32bits_cmdcopyquerypoolresults_triangle_strip_with_adjacency_with_no_color_attachments_geometry	Pass	Pass
dEQP-VK.query_pool.statistics_query.host_query_reset.clipping_primitives.primary.32bits_dstoffset_cmdcopyquerypoolresults_line_list_with_adjacency_vertex	Pass	Pass
dEQP-VK.query_pool.statistics_query.host_query_reset.clipping_primitives.primary.32bits_dstoffset_cmdcopyquerypoolresults_line_strip_with_adjacency_geometry	Pass	Pass
dEQP-VK.query_pool.statistics_query.host_query_reset.clipping_primitives.primary.32bits_dstoffset_cmdcopyquerypoolresults_point_list_clear_color_vertex	Pass	Pass
dEQP-VK.query_pool.statistics_query.host_query_reset.clipping_primitives.primary.32bits_dstoffset_cmdcopyquerypoolresults_triangle_list_clear_color_geometry	Pass	Pass
dEQP-VK.query_pool.statistics_query.host_query_reset.clipping_primitives.primary.32bits_dstoffset_cmdcopyquerypoolresults_triangle_list_with_no_color_attachments_vertex	Pass	Pass
dEQP-VK.query_pool.statistics_query.host_query_reset.clipping_primitives.primary.32bits_dstoffset_cmdcopyquerypoolresults_triangle_strip_with_no_color_attachments_geometry	Pass	Pass
dEQP-VK.query_pool.statistics_query.host_query_reset.clipping_primitives.primary.32bits_line_list_with_adjacency_with_no_color_attachments_vertex	Pass	Pass
dEQP-VK.query_pool.statistics_query.host_query_reset.clipping_primitives.primary.32bits_line_strip_with_adjacency_with_no_color_attachments_geometry	Pass	Pass
dEQP-VK.query_pool.statistics_query.host_query_reset.clipping_primitives.primary.32bits_point_list_clear_depth_vertex	Pass	Pass
dEQP-VK.query_pool.statistics_query.host_query_reset.clipping_primitives.primary.32bits_triangle_list_clear_depth_geometry	Pass	Pass
dEQP-VK.query_pool.statistics_query.host_query_reset.clipping_primitives.primary.32bits_triangle_strip_clear_color_vertex	Pass	Pass
dEQP-VK.query_pool.statistics_query.host_query_reset.clipping_primitives.primary.64bits_cmdcopyquerypoolresults_line_list_clear_color_geometry	Pass	Pass
dEQP-VK.query_pool.statistics_query.host_query_reset.clipping_primitives.primary.64bits_cmdcopyquerypoolresults_line_list_with_no_color_attachments_vertex	Pass	Pass
dEQP-VK.query_pool.statistics_query.host_query_reset.clipping_primitives.primary.64bits_cmdcopyquerypoolresults_line_strip_with_no_color_attachments_geometry	Pass	Pass
dEQP-VK.query_pool.statistics_query.host_query_reset.clipping_primitives.primary.64bits_cmdcopyquerypoolresults_point_list_vertex	Pass	Pass
dEQP-VK.query_pool.statistics_query.host_query_reset.clipping_primitives.primary.64bits_cmdcopyquerypoolresults_triangle_list_geometry	Pass	Pass
dEQP-VK.query_pool.statistics_query.host_query_reset.clipping_primitives.primary.64bits_cmdcopyquerypoolresults_triangle_strip_clear_depth_vertex	Pass	Pass
dEQP-VK.query_pool.statistics_query.host_query_reset.clipping_primitives.primary.64bits_dstoffset_cmdcopyquerypoolresults_line_list_clear_depth_geometry	Pass	Pass
dEQP-VK.query_pool.statistics_query.host_query_reset.clipping_primitives.primary.64bits_dstoffset_cmdcopyquerypoolresults_line_strip_clear_color_vertex	Pass	Pass
dEQP-VK.query_pool.statistics_query.host_query_reset.clipping_primitives.primary.64bits_dstoffset_cmdcopyquerypoolresults_patch_list_clear_color_tessellation	Pass	Pass
dEQP-VK.query_pool.statistics_query.host_query_reset.clipping_primitives.primary.64bits_dstoffset_cmdcopyquerypoolresults_point_list_with_no_color_attachments_vertex	Pass	Pass
dEQP-VK.query_pool.statistics_query.host_query_reset.clipping_primitives.primary.64bits_dstoffset_cmdcopyquerypoolresults_triangle_list_with_adjacency_clear_color_geometry	Pass	Pass
dEQP-VK.query_pool.statistics_query.host_query_reset.clipping_primitives.primary.64bits_dstoffset_cmdcopyquerypoolresults_triangle_strip_vertex	Pass	Pass
dEQP-VK.query_pool.statistics_query.host_query_reset.clipping_primitives.primary.64bits_line_list_geometry	Pass	Pass
dEQP-VK.query_pool.statistics_query.host_query_reset.clipping_primitives.primary.64bits_line_strip_clear_depth_vertex	Pass	Pass
dEQP-VK.query_pool.statistics_query.host_query_reset.clipping_primitives.primary.64bits_patch_list_clear_depth_tessellation	Pass	Pass
dEQP-VK.query_pool.statistics_query.host_query_reset.clipping_primitives.primary.64bits_triangle_fan_clear_color_vertex	Pass	Pass
dEQP-VK.query_pool.statistics_query.host_query_reset.clipping_primitives.primary.64bits_triangle_list_with_adjacency_clear_depth_geometry	Pass	Pass
dEQP-VK.query_pool.statistics_query.host_query_reset.clipping_primitives.primary.64bits_triangle_strip_with_adjacency_clear_color_vertex	Pass	Pass
dEQP-VK.query_pool.statistics_query.host_query_reset.clipping_primitives.secondary.32bits_cmdcopyquerypoolresults_line_list_with_adjacency_clear_color_geometry	Pass	Pass
dEQP-VK.query_pool.statistics_query.host_query_reset.clipping_primitives.secondary.32bits_cmdcopyquerypoolresults_line_strip_with_adjacency_clear_depth_vertex	Pass	Pass
dEQP-VK.query_pool.statistics_query.host_query_reset.clipping_primitives.secondary.32bits_cmdcopyquerypoolresults_triangle_fan_clear_color_geometry	Pass	Pass
dEQP-VK.query_pool.statistics_query.host_query_reset.clipping_primitives.secondary.32bits_cmdcopyquerypoolresults_triangle_list_with_adjacency_clear_depth_vertex	Pass	Pass
dEQP-VK.query_pool.statistics_query.host_query_reset.clipping_primitives.secondary.32bits_dstoffset_cmdcopyquerypoolresults_line_list_clear_color_geometry	Pass	Pass
dEQP-VK.query_pool.statistics_query.host_query_reset.clipping_primitives.secondary.32bits_dstoffset_cmdcopyquerypoolresults_line_strip_clear_depth_vertex	Pass	Pass
dEQP-VK.query_pool.statistics_query.host_query_reset.clipping_primitives.secondary.32bits_dstoffset_cmdcopyquerypoolresults_point_list_clear_color_geometry	Pass	Pass
dEQP-VK.query_pool.statistics_query.host_query_reset.clipping_primitives.secondary.32bits_dstoffset_cmdcopyquerypoolresults_triangle_list_clear_depth_vertex	Pass	Pass
dEQP-VK.query_pool.statistics_query.host_query_reset.clipping_primitives.secondary.32bits_dstoffset_cmdcopyquerypoolresults_triangle_strip_with_adjacency_clear_color_geometry	Pass	Pass
dEQP-VK.query_pool.statistics_query.host_query_reset.clipping_primitives.secondary.32bits_line_list_with_adjacency_clear_depth_vertex	Pass	Pass
dEQP-VK.query_pool.statistics_query.host_query_reset.clipping_primitives.secondary.32bits_patch_list_clear_color_tessellation	Fail	Result image doesn't match expected image
dEQP-VK.query_pool.statistics_query.host_query_reset.clipping_primitives.secondary.32bits_triangle_fan_clear_depth_vertex	Pass	Pass
dEQP-VK.query_pool.statistics_query.host_query_reset.clipping_primitives.secondary.32bits_triangle_strip_clear_color_geometry	Pass	Pass
dEQP-VK.query_pool.statistics_query.host_query_reset.clipping_primitives.secondary.64bits_cmdcopyquerypoolresults_line_list_clear_depth_vertex	Pass	Pass
dEQP-VK.query_pool.statistics_query.host_query_reset.clipping_primitives.secondary.64bits_cmdcopyquerypoolresults_line_strip_with_adjacency_clear_color_geometry	Pass	Pass
dEQP-VK.query_pool.statistics_query.host_query_reset.clipping_primitives.secondary.64bits_cmdcopyquerypoolresults_point_list_clear_depth_vertex	Pass	Pass
dEQP-VK.query_pool.statistics_query.host_query_reset.clipping_primitives.secondary.64bits_cmdcopyquerypoolresults_triangle_list_with_adjacency_clear_color_geometry	Pass	Pass
dEQP-VK.query_pool.statistics_query.host_query_reset.clipping_primitives.secondary.64bits_cmdcopyquerypoolresults_triangle_strip_with_adjacency_clear_depth_vertex	Pass	Pass
dEQP-VK.query_pool.statistics_query.host_query_reset.clipping_primitives.secondary.64bits_dstoffset_cmdcopyquerypoolresults_line_strip_clear_color_geometry	Pass	Pass
dEQP-VK.query_pool.statistics_query.host_query_reset.clipping_primitives.secondary.64bits_dstoffset_cmdcopyquerypoolresults_patch_list_clear_depth_tessellation_geometry	Fail	Result image doesn't match expected image
dEQP-VK.query_pool.statistics_query.host_query_reset.clipping_primitives.secondary.64bits_dstoffset_cmdcopyquerypoolresults_triangle_list_clear_color_geometry	Pass	Pass
dEQP-VK.query_pool.statistics_query.host_query_reset.clipping_primitives.secondary.64bits_dstoffset_cmdcopyquerypoolresults_triangle_strip_clear_depth_vertex	Pass	Pass
dEQP-VK.query_pool.statistics_query.host_query_reset.clipping_primitives.secondary.64bits_line_list_with_adjacency_clear_color_geometry	Pass	Pass
dEQP-VK.query_pool.statistics_query.host_query_reset.clipping_primitives.secondary.64bits_line_strip_with_adjacency_clear_depth_vertex	Pass	Pass
dEQP-VK.query_pool.statistics_query.host_query_reset.clipping_primitives.secondary.64bits_triangle_fan_clear_color_geometry	Pass	Pass
dEQP-VK.query_pool.statistics_query.host_query_reset.clipping_primitives.secondary.64bits_triangle_list_with_adjacency_clear_depth_vertex	Pass	Pass
dEQP-VK.query_pool.statistics_query.host_query_reset.clipping_primitives.secondary_inherited.32bits_cmdcopyquerypoolresults_line_list_geometry	NotSupported	Inherited queries are not supported at vktQueryPoolStatisticsTests.cpp:5866
dEQP-VK.query_pool.statistics_query.host_query_reset.clipping_primitives.secondary_inherited.32bits_cmdcopyquerypoolresults_triangle_list_vertex	NotSupported	Inherited queries are not supported at vktQueryPoolStatisticsTests.cpp:5866
dEQP-VK.query_pool.statistics_query.host_query_reset.clipping_primitives.secondary_inherited.32bits_dstoffset_cmdcopyquerypoolresults_patch_list_tessellation	NotSupported	Inherited queries are not supported at vktQueryPoolStatisticsTests.cpp:5866
dEQP-VK.query_pool.statistics_query.host_query_reset.clipping_primitives.secondary_inherited.32bits_line_list_vertex	NotSupported	Inherited queries are not supported at vktQueryPoolStatisticsTests.cpp:5866
dEQP-VK.query_pool.statistics_query.host_query_reset.clipping_primitives.secondary_inherited.32bits_triangle_list_with_adjacency_geometry	NotSupported	Inherited queries are not supported at vktQueryPoolStatisticsTests.cpp:5866
dEQP-VK.query_pool.statistics_query.host_query_reset.clipping_primitives.secondary_inherited.64bits_cmdcopyquerypoolresults_patch_list_tessellation_geometry	NotSupported	Inherited queries are not supported at vktQueryPoolStatisticsTests.cpp:5866
dEQP-VK.query_pool.statistics_query.host_query_reset.clipping_primitives.secondary_inherited.64bits_dstoffset_cmdcopyquerypoolresults_line_list_with_adjacency_geometry	NotSupported	Inherited queries are not supported at vktQueryPoolStatisticsTests.cpp:5866
dEQP-VK.query_pool.statistics_query.host_query_reset.clipping_primitives.secondary_inherited.64bits_dstoffset_cmdcopyquerypoolresults_triangle_list_with_adjacency_vertex	NotSupported	Inherited queries are not supported at vktQueryPoolStatisticsTests.cpp:5866
dEQP-VK.query_pool.statistics_query.host_query_reset.clipping_primitives.secondary_inherited.64bits_point_list_geometry	NotSupported	Inherited queries are not supported at vktQueryPoolStatisticsTests.cpp:5866
dEQP-VK.query_pool.statistics_query.host_query_reset.compute_shader_invocations.32bits_cmdcopyquerypoolresults_secondary_cq	Pass	Pass
dEQP-VK.query_pool.statistics_query.host_query_reset.compute_shader_invocations.64bits_cmdcopyquerypoolresults_primary	Pass	Pass
dEQP-VK.query_pool.statistics_query.host_query_reset.compute_shader_invocations.64bits_secondary_cq	Pass	Pass
dEQP-VK.query_pool.statistics_query.host_query_reset.fragment_shader_invocations.primary.32bits_cmdcopyquerypoolresults_triangle_list	Pass	Pass
dEQP-VK.query_pool.statistics_query.host_query_reset.fragment_shader_invocations.primary.32bits_dstoffset_cmdcopyquerypoolresults_line_strip_with_no_color_attachments	Pass	Pass
dEQP-VK.query_pool.statistics_query.host_query_reset.fragment_shader_invocations.primary.32bits_line_list_with_adjacency_with_no_color_attachments	Pass	Pass
dEQP-VK.query_pool.statistics_query.host_query_reset.fragment_shader_invocations.primary.32bits_triangle_strip_with_adjacency	Pass	Pass
dEQP-VK.query_pool.statistics_query.host_query_reset.fragment_shader_invocations.primary.64bits_cmdcopyquerypoolresults_triangle_list	Pass	Pass
dEQP-VK.query_pool.statistics_query.host_query_reset.fragment_shader_invocations.primary.64bits_dstoffset_cmdcopyquerypoolresults_line_strip_with_no_color_attachments	Pass	Pass
dEQP-VK.query_pool.statistics_query.host_query_reset.fragment_shader_invocations.primary.64bits_line_list_with_adjacency_with_no_color_attachments	Pass	Pass
dEQP-VK.query_pool.statistics_query.host_query_reset.fragment_shader_invocations.primary.64bits_triangle_strip_with_adjacency	Pass	Pass
dEQP-VK.query_pool.statistics_query.host_query_reset.fragment_shader_invocations.secondary.32bits_dstoffset_cmdcopyquerypoolresults_line_strip	Pass	Pass
dEQP-VK.query_pool.statistics_query.host_query_reset.fragment_shader_invocations.secondary.32bits_triangle_list_with_adjacency	Pass	Pass
dEQP-VK.query_pool.statistics_query.host_query_reset.fragment_shader_invocations.secondary.64bits_dstoffset_cmdcopyquerypoolresults_line_strip	Pass	Pass
dEQP-VK.query_pool.statistics_query.host_query_reset.fragment_shader_invocations.secondary.64bits_triangle_list_with_adjacency	Pass	Pass
dEQP-VK.query_pool.statistics_query.host_query_reset.fragment_shader_invocations.secondary_inherited.32bits_dstoffset_cmdcopyquerypoolresults_line_strip	NotSupported	Inherited queries are not supported at vktQueryPoolStatisticsTests.cpp:5866
dEQP-VK.query_pool.statistics_query.host_query_reset.fragment_shader_invocations.secondary_inherited.32bits_triangle_list_with_adjacency	NotSupported	Inherited queries are not supported at vktQueryPoolStatisticsTests.cpp:5866
dEQP-VK.query_pool.statistics_query.host_query_reset.fragment_shader_invocations.secondary_inherited.64bits_dstoffset_cmdcopyquerypoolresults_line_strip	NotSupported	Inherited queries are not supported at vktQueryPoolStatisticsTests.cpp:5866
dEQP-VK.query_pool.statistics_query.host_query_reset.fragment_shader_invocations.secondary_inherited.64bits_triangle_list_with_adjacency	NotSupported	Inherited queries are not supported at vktQueryPoolStatisticsTests.cpp:5866
dEQP-VK.query_pool.statistics_query.host_query_reset.geometry_shader_invocations.primary.32bits_cmdcopyquerypoolresults_line_strip_with_adjacency_clear_color	Pass	Pass
dEQP-VK.query_pool.statistics_query.host_query_reset.geometry_shader_invocations.primary.32bits_cmdcopyquerypoolresults_triangle_list_with_adjacency	Pass	Pass
dEQP-VK.query_pool.statistics_query.host_query_reset.geometry_shader_invocations.primary.32bits_dstoffset_cmdcopyquerypoolresults_line_list_clear_depth	Pass	Pass
dEQP-VK.query_pool.statistics_query.host_query_reset.geometry_shader_invocations.primary.32bits_dstoffset_cmdcopyquerypoolresults_point_list_clear_color	Pass	Pass
dEQP-VK.query_pool.statistics_query.host_query_reset.geometry_shader_invocations.primary.32bits_dstoffset_cmdcopyquerypoolresults_triangle_strip	Pass	Pass
dEQP-VK.query_pool.statistics_query.host_query_reset.geometry_shader_invocations.primary.32bits_line_list_with_no_color_attachments	Pass	Pass
dEQP-VK.query_pool.statistics_query.host_query_reset.geometry_shader_invocations.primary.32bits_triangle_fan_clear_depth	Pass	Pass
dEQP-VK.query_pool.statistics_query.host_query_reset.geometry_shader_invocations.primary.32bits_triangle_strip_with_adjacency_clear_depth	Pass	Pass
dEQP-VK.query_pool.statistics_query.host_query_reset.geometry_shader_invocations.primary.64bits_cmdcopyquerypoolresults_line_strip_with_adjacency_clear_color	Pass	Pass
dEQP-VK.query_pool.statistics_query.host_query_reset.geometry_shader_invocations.primary.64bits_cmdcopyquerypoolresults_triangle_list_with_adjacency	Pass	Pass
dEQP-VK.query_pool.statistics_query.host_query_reset.geometry_shader_invocations.primary.64bits_dstoffset_cmdcopyquerypoolresults_line_list_clear_depth	Pass	Pass
dEQP-VK.query_pool.statistics_query.host_query_reset.geometry_shader_invocations.primary.64bits_dstoffset_cmdcopyquerypoolresults_point_list_clear_color	Pass	Pass
dEQP-VK.query_pool.statistics_query.host_query_reset.geometry_shader_invocations.primary.64bits_dstoffset_cmdcopyquerypoolresults_triangle_strip	Pass	Pass
dEQP-VK.query_pool.statistics_query.host_query_reset.geometry_shader_invocations.primary.64bits_line_list_with_no_color_attachments	Pass	Pass
dEQP-VK.query_pool.statistics_query.host_query_reset.geometry_shader_invocations.primary.64bits_triangle_fan_clear_depth	Pass	Pass
dEQP-VK.query_pool.statistics_query.host_query_reset.geometry_shader_invocations.primary.64bits_triangle_strip_with_adjacency_clear_depth	Pass	Pass
dEQP-VK.query_pool.statistics_query.host_query_reset.geometry_shader_invocations.secondary.32bits_cmdcopyquerypoolresults_point_list	Pass	Pass
dEQP-VK.query_pool.statistics_query.host_query_reset.geometry_shader_invocations.secondary.32bits_cmdcopyquerypoolresults_triangle_strip_with_adjacency	Pass	Pass
dEQP-VK.query_pool.statistics_query.host_query_reset.geometry_shader_invocations.secondary.32bits_dstoffset_cmdcopyquerypoolresults_point_list	Pass	Pass
dEQP-VK.query_pool.statistics_query.host_query_reset.geometry_shader_invocations.secondary.32bits_dstoffset_cmdcopyquerypoolresults_triangle_strip_with_adjacency	Pass	Pass
dEQP-VK.query_pool.statistics_query.host_query_reset.geometry_shader_invocations.secondary.32bits_point_list	Pass	Pass
dEQP-VK.query_pool.statistics_query.host_query_reset.geometry_shader_invocations.secondary.32bits_triangle_strip_with_adjacency	Pass	Pass
dEQP-VK.query_pool.statistics_query.host_query_reset.geometry_shader_invocations.secondary.64bits_cmdcopyquerypoolresults_point_list	Pass	Pass
dEQP-VK.query_pool.statistics_query.host_query_reset.geometry_shader_invocations.secondary.64bits_cmdcopyquerypoolresults_triangle_strip_with_adjacency	Pass	Pass
dEQP-VK.query_pool.statistics_query.host_query_reset.geometry_shader_invocations.secondary.64bits_dstoffset_cmdcopyquerypoolresults_point_list	Pass	Pass
dEQP-VK.query_pool.statistics_query.host_query_reset.geometry_shader_invocations.secondary.64bits_dstoffset_cmdcopyquerypoolresults_triangle_strip_with_adjacency	Pass	Pass
dEQP-VK.query_pool.statistics_query.host_query_reset.geometry_shader_invocations.secondary.64bits_point_list	Pass	Pass
dEQP-VK.query_pool.statistics_query.host_query_reset.geometry_shader_invocations.secondary.64bits_triangle_strip_with_adjacency	Pass	Pass
dEQP-VK.query_pool.statistics_query.host_query_reset.geometry_shader_invocations.secondary_inherited.32bits_dstoffset_cmdcopyquerypoolresults_line_strip	NotSupported	Inherited queries are not supported at vktQueryPoolStatisticsTests.cpp:5866
dEQP-VK.query_pool.statistics_query.host_query_reset.geometry_shader_invocations.secondary_inherited.32bits_triangle_list_with_adjacency	NotSupported	Inherited queries are not supported at vktQueryPoolStatisticsTests.cpp:5866
dEQP-VK.query_pool.statistics_query.host_query_reset.geometry_shader_invocations.secondary_inherited.64bits_dstoffset_cmdcopyquerypoolresults_line_strip	NotSupported	Inherited queries are not supported at vktQueryPoolStatisticsTests.cpp:5866
dEQP-VK.query_pool.statistics_query.host_query_reset.geometry_shader_invocations.secondary_inherited.64bits_triangle_list_with_adjacency	NotSupported	Inherited queries are not supported at vktQueryPoolStatisticsTests.cpp:5866
dEQP-VK.query_pool.statistics_query.host_query_reset.geometry_shader_primitives.primary.32bits_cmdcopyquerypoolresults_line_strip_with_adjacency_clear_color	Pass	Pass
dEQP-VK.query_pool.statistics_query.host_query_reset.geometry_shader_primitives.primary.32bits_cmdcopyquerypoolresults_triangle_list_with_adjacency	Pass	Pass
dEQP-VK.query_pool.statistics_query.host_query_reset.geometry_shader_primitives.primary.32bits_dstoffset_cmdcopyquerypoolresults_line_list_clear_depth	Pass	Pass
dEQP-VK.query_pool.statistics_query.host_query_reset.geometry_shader_primitives.primary.32bits_dstoffset_cmdcopyquerypoolresults_point_list_clear_color	Pass	Pass
dEQP-VK.query_pool.statistics_query.host_query_reset.geometry_shader_primitives.primary.32bits_dstoffset_cmdcopyquerypoolresults_triangle_strip	Pass	Pass
dEQP-VK.query_pool.statistics_query.host_query_reset.geometry_shader_primitives.primary.32bits_line_list_with_no_color_attachments	Pass	Pass
dEQP-VK.query_pool.statistics_query.host_query_reset.geometry_shader_primitives.primary.32bits_triangle_fan_clear_depth	Pass	Pass
dEQP-VK.query_pool.statistics_query.host_query_reset.geometry_shader_primitives.primary.32bits_triangle_strip_with_adjacency_clear_depth	Pass	Pass
dEQP-VK.query_pool.statistics_query.host_query_reset.geometry_shader_primitives.primary.64bits_cmdcopyquerypoolresults_line_strip_with_adjacency_clear_color	Pass	Pass
dEQP-VK.query_pool.statistics_query.host_query_reset.geometry_shader_primitives.primary.64bits_cmdcopyquerypoolresults_triangle_list_with_adjacency	Pass	Pass
dEQP-VK.query_pool.statistics_query.host_query_reset.geometry_shader_primitives.primary.64bits_dstoffset_cmdcopyquerypoolresults_line_list_clear_depth	Pass	Pass
dEQP-VK.query_pool.statistics_query.host_query_reset.geometry_shader_primitives.primary.64bits_dstoffset_cmdcopyquerypoolresults_point_list_clear_color	Pass	Pass
dEQP-VK.query_pool.statistics_query.host_query_reset.geometry_shader_primitives.primary.64bits_dstoffset_cmdcopyquerypoolresults_triangle_strip	Pass	Pass
dEQP-VK.query_pool.statistics_query.host_query_reset.geometry_shader_primitives.primary.64bits_line_list_with_no_color_attachments	Pass	Pass
dEQP-VK.query_pool.statistics_query.host_query_reset.geometry_shader_primitives.primary.64bits_triangle_fan_clear_depth	Pass	Pass
dEQP-VK.query_pool.statistics_query.host_query_reset.geometry_shader_primitives.primary.64bits_triangle_strip_with_adjacency_clear_depth	Pass	Pass
dEQP-VK.query_pool.statistics_query.host_query_reset.geometry_shader_primitives.secondary.32bits_cmdcopyquerypoolresults_point_list	Pass	Pass
dEQP-VK.query_pool.statistics_query.host_query_reset.geometry_shader_primitives.secondary.32bits_cmdcopyquerypoolresults_triangle_strip_with_adjacency	Pass	Pass
dEQP-VK.query_pool.statistics_query.host_query_reset.geometry_shader_primitives.secondary.32bits_dstoffset_cmdcopyquerypoolresults_point_list	Pass	Pass
dEQP-VK.query_pool.statistics_query.host_query_reset.geometry_shader_primitives.secondary.32bits_dstoffset_cmdcopyquerypoolresults_triangle_strip_with_adjacency	Pass	Pass
dEQP-VK.query_pool.statistics_query.host_query_reset.geometry_shader_primitives.secondary.32bits_point_list	Pass	Pass
dEQP-VK.query_pool.statistics_query.host_query_reset.geometry_shader_primitives.secondary.32bits_triangle_strip_with_adjacency	Pass	Pass
dEQP-VK.query_pool.statistics_query.host_query_reset.geometry_shader_primitives.secondary.64bits_cmdcopyquerypoolresults_point_list	Pass	Pass
dEQP-VK.query_pool.statistics_query.host_query_reset.geometry_shader_primitives.secondary.64bits_cmdcopyquerypoolresults_triangle_strip_with_adjacency	Pass	Pass
dEQP-VK.query_pool.statistics_query.host_query_reset.geometry_shader_primitives.secondary.64bits_dstoffset_cmdcopyquerypoolresults_point_list	Pass	Pass
dEQP-VK.query_pool.statistics_query.host_query_reset.geometry_shader_primitives.secondary.64bits_dstoffset_cmdcopyquerypoolresults_triangle_strip_with_adjacency	Pass	Pass
dEQP-VK.query_pool.statistics_query.host_query_reset.geometry_shader_primitives.secondary.64bits_point_list	Pass	Pass
dEQP-VK.query_pool.statistics_query.host_query_reset.geometry_shader_primitives.secondary.64bits_triangle_strip_with_adjacency	Pass	Pass
dEQP-VK.query_pool.statistics_query.host_query_reset.geometry_shader_primitives.secondary_inherited.32bits_dstoffset_cmdcopyquerypoolresults_line_strip	NotSupported	Inherited queries are not supported at vktQueryPoolStatisticsTests.cpp:5866
dEQP-VK.query_pool.statistics_query.host_query_reset.geometry_shader_primitives.secondary_inherited.32bits_triangle_list_with_adjacency	NotSupported	Inherited queries are not supported at vktQueryPoolStatisticsTests.cpp:5866
dEQP-VK.query_pool.statistics_query.host_query_reset.geometry_shader_primitives.secondary_inherited.64bits_dstoffset_cmdcopyquerypoolresults_line_strip	NotSupported	Inherited queries are not supported at vktQueryPoolStatisticsTests.cpp:5866
dEQP-VK.query_pool.statistics_query.host_query_reset.geometry_shader_primitives.secondary_inherited.64bits_triangle_list_with_adjacency	NotSupported	Inherited queries are not supported at vktQueryPoolStatisticsTests.cpp:5866
dEQP-VK.query_pool.statistics_query.host_query_reset.input_assembly_primitives.primary.32bits_cmdcopyquerypoolresults_line_strip_with_adjacency_clear_color	Pass	Pass
dEQP-VK.query_pool.statistics_query.host_query_reset.input_assembly_primitives.primary.32bits_cmdcopyquerypoolresults_triangle_fan_clear_color	Pass	Pass
dEQP-VK.query_pool.statistics_query.host_query_reset.input_assembly_primitives.primary.32bits_cmdcopyquerypoolresults_triangle_strip_with_adjacency	Pass	Pass
dEQP-VK.query_pool.statistics_query.host_query_reset.input_assembly_primitives.primary.32bits_dstoffset_cmdcopyquerypoolresults_line_strip	Pass	Pass
dEQP-VK.query_pool.statistics_query.host_query_reset.input_assembly_primitives.primary.32bits_dstoffset_cmdcopyquerypoolresults_point_list_clear_color	Pass	Pass
dEQP-VK.query_pool.statistics_query.host_query_reset.input_assembly_primitives.primary.32bits_dstoffset_cmdcopyquerypoolresults_triangle_list_with_no_color_attachments	Pass	Pass
dEQP-VK.query_pool.statistics_query.host_query_reset.input_assembly_primitives.primary.32bits_line_list_with_adjacency_clear_color	Pass	Pass
dEQP-VK.query_pool.statistics_query.host_query_reset.input_assembly_primitives.primary.32bits_patch_list_v28_p3_clear_color	Pass	Pass
dEQP-VK.query_pool.statistics_query.host_query_reset.input_assembly_primitives.primary.32bits_triangle_list_with_adjacency	Pass	Pass
dEQP-VK.query_pool.statistics_query.host_query_reset.input_assembly_primitives.primary.64bits_cmdcopyquerypoolresults_line_list	Pass	Pass
dEQP-VK.query_pool.statistics_query.host_query_reset.input_assembly_primitives.primary.64bits_cmdcopyquerypoolresults_line_strip_with_adjacency_with_no_color_attachments_restart	Pass	Pass
dEQP-VK.query_pool.statistics_query.host_query_reset.input_assembly_primitives.primary.64bits_cmdcopyquerypoolresults_triangle_fan_with_no_color_attachments_restart	Pass	Pass
dEQP-VK.query_pool.statistics_query.host_query_reset.input_assembly_primitives.primary.64bits_cmdcopyquerypoolresults_triangle_strip_with_adjacency_with_no_color_attachments	Pass	Pass
dEQP-VK.query_pool.statistics_query.host_query_reset.input_assembly_primitives.primary.64bits_dstoffset_cmdcopyquerypoolresults_line_strip_with_adjacency	Pass	Pass
dEQP-VK.query_pool.statistics_query.host_query_reset.input_assembly_primitives.primary.64bits_dstoffset_cmdcopyquerypoolresults_triangle_fan	Pass	Pass
dEQP-VK.query_pool.statistics_query.host_query_reset.input_assembly_primitives.primary.64bits_dstoffset_cmdcopyquerypoolresults_triangle_strip_clear_depth	Pass	Pass
dEQP-VK.query_pool.statistics_query.host_query_reset.input_assembly_primitives.primary.64bits_line_list_with_no_color_attachments	Pass	Pass
dEQP-VK.query_pool.statistics_query.host_query_reset.input_assembly_primitives.primary.64bits_point_list	Pass	Pass
dEQP-VK.query_pool.statistics_query.host_query_reset.input_assembly_primitives.primary.64bits_triangle_list_with_adjacency_with_no_color_attachments	Pass	Pass
dEQP-VK.query_pool.statistics_query.host_query_reset.input_assembly_primitives.secondary.32bits_cmdcopyquerypoolresults_line_list_with_adjacency	Pass	Pass
dEQP-VK.query_pool.statistics_query.host_query_reset.input_assembly_primitives.secondary.32bits_cmdcopyquerypoolresults_triangle_fan	Pass	Pass
dEQP-VK.query_pool.statistics_query.host_query_reset.input_assembly_primitives.secondary.32bits_dstoffset_cmdcopyquerypoolresults_line_list	Pass	Pass
dEQP-VK.query_pool.statistics_query.host_query_reset.input_assembly_primitives.secondary.32bits_dstoffset_cmdcopyquerypoolresults_point_list	Pass	Pass
dEQP-VK.query_pool.statistics_query.host_query_reset.input_assembly_primitives.secondary.32bits_dstoffset_cmdcopyquerypoolresults_triangle_strip_with_adjacency	Pass	Pass
dEQP-VK.query_pool.statistics_query.host_query_reset.input_assembly_primitives.secondary.32bits_patch_list_v28_p3	Pass	Pass
dEQP-VK.query_pool.statistics_query.host_query_reset.input_assembly_primitives.secondary.32bits_triangle_strip	Pass	Pass
dEQP-VK.query_pool.statistics_query.host_query_reset.input_assembly_primitives.secondary.64bits_cmdcopyquerypoolresults_line_strip_with_adjacency	Pass	Pass
dEQP-VK.query_pool.statistics_query.host_query_reset.input_assembly_primitives.secondary.64bits_cmdcopyquerypoolresults_triangle_list_with_adjacency	Pass	Pass
dEQP-VK.query_pool.statistics_query.host_query_reset.input_assembly_primitives.secondary.64bits_dstoffset_cmdcopyquerypoolresults_line_strip	Pass	Pass
dEQP-VK.query_pool.statistics_query.host_query_reset.input_assembly_primitives.secondary.64bits_dstoffset_cmdcopyquerypoolresults_triangle_list	Pass	Pass
dEQP-VK.query_pool.statistics_query.host_query_reset.input_assembly_primitives.secondary.64bits_line_list_with_adjacency	Pass	Pass
dEQP-VK.query_pool.statistics_query.host_query_reset.input_assembly_primitives.secondary.64bits_triangle_fan	Pass	Pass
dEQP-VK.query_pool.statistics_query.host_query_reset.input_assembly_primitives.secondary_inherited.32bits_cmdcopyquerypoolresults_line_list	NotSupported	Inherited queries are not supported at vktQueryPoolStatisticsTests.cpp:5866
dEQP-VK.query_pool.statistics_query.host_query_reset.input_assembly_primitives.secondary_inherited.32bits_cmdcopyquerypoolresults_triangle_strip_with_adjacency_restart	NotSupported	Inherited queries are not supported at vktQueryPoolStatisticsTests.cpp:5866
dEQP-VK.query_pool.statistics_query.host_query_reset.input_assembly_primitives.secondary_inherited.32bits_dstoffset_cmdcopyquerypoolresults_triangle_strip_with_adjacency	NotSupported	Inherited queries are not supported at vktQueryPoolStatisticsTests.cpp:5866
dEQP-VK.query_pool.statistics_query.host_query_reset.input_assembly_primitives.secondary_inherited.32bits_triangle_strip_restart	NotSupported	Inherited queries are not supported at vktQueryPoolStatisticsTests.cpp:5866
dEQP-VK.query_pool.statistics_query.host_query_reset.input_assembly_primitives.secondary_inherited.64bits_cmdcopyquerypoolresults_triangle_strip	NotSupported	Inherited queries are not supported at vktQueryPoolStatisticsTests.cpp:5866
dEQP-VK.query_pool.statistics_query.host_query_reset.input_assembly_primitives.secondary_inherited.64bits_dstoffset_cmdcopyquerypoolresults_triangle_list_with_adjacency	NotSupported	Inherited queries are not supported at vktQueryPoolStatisticsTests.cpp:5866
dEQP-VK.query_pool.statistics_query.host_query_reset.input_assembly_primitives.secondary_inherited.64bits_triangle_list	NotSupported	Inherited queries are not supported at vktQueryPoolStatisticsTests.cpp:5866
dEQP-VK.query_pool.statistics_query.host_query_reset.input_assembly_vertices.32bits_cmdcopyquerypoolresults_secondary	Pass	Pass
dEQP-VK.query_pool.statistics_query.host_query_reset.input_assembly_vertices.32bits_dstoffset_cmdcopyquerypoolresults_primary_clear_color	Pass	Pass
dEQP-VK.query_pool.statistics_query.host_query_reset.input_assembly_vertices.32bits_dstoffset_cmdcopyquerypoolresults_secondary_inherited_triangle_strip_restart	NotSupported	Inherited queries are not supported at vktQueryPoolStatisticsTests.cpp:5866
dEQP-VK.query_pool.statistics_query.host_query_reset.input_assembly_vertices.32bits_primary_with_no_color_attachments	Pass	Pass
dEQP-VK.query_pool.statistics_query.host_query_reset.input_assembly_vertices.64bits_cmdcopyquerypoolresults_primary	Pass	Pass
dEQP-VK.query_pool.statistics_query.host_query_reset.input_assembly_vertices.64bits_cmdcopyquerypoolresults_secondary_inherited_triangle_fan_restart	NotSupported	Inherited queries are not supported at vktQueryPoolStatisticsTests.cpp:5866
dEQP-VK.query_pool.statistics_query.host_query_reset.input_assembly_vertices.64bits_dstoffset_cmdcopyquerypoolresults_primary_triangle_strip_with_adjacency_restart	Pass	Pass
dEQP-VK.query_pool.statistics_query.host_query_reset.input_assembly_vertices.64bits_dstoffset_cmdcopyquerypoolresults_secondary_triangle_strip_with_adjacency_restart	Pass	Pass
dEQP-VK.query_pool.statistics_query.host_query_reset.input_assembly_vertices.64bits_secondary_inherited_line_strip_with_adjacency_restart	NotSupported	Inherited queries are not supported at vktQueryPoolStatisticsTests.cpp:5866
dEQP-VK.query_pool.statistics_query.host_query_reset.tes_control_patches.32bits_cmdcopyquerypoolresults_tes_control_patches_secondary_inherited	NotSupported	Inherited queries are not supported at vktQueryPoolStatisticsTests.cpp:5866
dEQP-VK.query_pool.statistics_query.host_query_reset.tes_control_patches.32bits_tes_control_patches_secondary_clear_depth	Pass	Pass
dEQP-VK.query_pool.statistics_query.host_query_reset.tes_control_patches.64bits_dstoffset_cmdcopyquerypoolresults_tes_control_patches_secondary_clear_color	Pass	Pass
dEQP-VK.query_pool.statistics_query.host_query_reset.tes_evaluation_shader_invocations.32bits_cmdcopyquerypoolresults_tes_evaluation_shader_invocations_secondary	Pass	Pass
dEQP-VK.query_pool.statistics_query.host_query_reset.tes_evaluation_shader_invocations.32bits_tes_evaluation_shader_invocations_clear_depth	Pass	Pass
dEQP-VK.query_pool.statistics_query.host_query_reset.tes_evaluation_shader_invocations.64bits_dstoffset_cmdcopyquerypoolresults_tes_evaluation_shader_invocations_clear_color	Pass	Pass
dEQP-VK.query_pool.statistics_query.host_query_reset.vertex_shader_invocations.primary.32bits_cmdcopyquerypoolresults_line_list	Pass	Pass
dEQP-VK.query_pool.statistics_query.host_query_reset.vertex_shader_invocations.primary.32bits_cmdcopyquerypoolresults_line_strip_with_no_color_attachments	Pass	Pass
dEQP-VK.query_pool.statistics_query.host_query_reset.vertex_shader_invocations.primary.32bits_cmdcopyquerypoolresults_triangle_list_with_adjacency_with_no_color_attachments	Pass	Pass
dEQP-VK.query_pool.statistics_query.host_query_reset.vertex_shader_invocations.primary.32bits_dstoffset_cmdcopyquerypoolresults_line_list_with_adjacency_clear_depth	Pass	Pass
dEQP-VK.query_pool.statistics_query.host_query_reset.vertex_shader_invocations.primary.32bits_dstoffset_cmdcopyquerypoolresults_triangle_fan	Pass	Pass
dEQP-VK.query_pool.statistics_query.host_query_reset.vertex_shader_invocations.primary.32bits_dstoffset_cmdcopyquerypoolresults_triangle_strip_with_adjacency	Pass	Pass
dEQP-VK.query_pool.statistics_query.host_query_reset.vertex_shader_invocations.primary.32bits_line_strip_clear_depth	Pass	Pass
dEQP-VK.query_pool.statistics_query.host_query_reset.vertex_shader_invocations.primary.32bits_triangle_list_clear_color	Pass	Pass
dEQP-VK.query_pool.statistics_query.host_query_reset.vertex_shader_invocations.primary.64bits_cmdcopyquerypoolresults_line_list	Pass	Pass
dEQP-VK.query_pool.statistics_query.host_query_reset.vertex_shader_invocations.primary.64bits_cmdcopyquerypoolresults_line_strip_with_no_color_attachments	Pass	Pass
dEQP-VK.query_pool.statistics_query.host_query_reset.vertex_shader_invocations.primary.64bits_cmdcopyquerypoolresults_triangle_list_with_adjacency_with_no_color_attachments	Pass	Pass
dEQP-VK.query_pool.statistics_query.host_query_reset.vertex_shader_invocations.primary.64bits_dstoffset_cmdcopyquerypoolresults_line_list_with_adjacency_clear_depth	Pass	Pass
dEQP-VK.query_pool.statistics_query.host_query_reset.vertex_shader_invocations.primary.64bits_dstoffset_cmdcopyquerypoolresults_triangle_fan	Pass	Pass
dEQP-VK.query_pool.statistics_query.host_query_reset.vertex_shader_invocations.primary.64bits_dstoffset_cmdcopyquerypoolresults_triangle_strip_with_adjacency	Pass	Pass
dEQP-VK.query_pool.statistics_query.host_query_reset.vertex_shader_invocations.primary.64bits_line_strip_clear_depth	Pass	Pass
dEQP-VK.query_pool.statistics_query.host_query_reset.vertex_shader_invocations.primary.64bits_triangle_list_clear_color	Pass	Pass
dEQP-VK.query_pool.statistics_query.host_query_reset.vertex_shader_invocations.secondary.32bits_cmdcopyquerypoolresults_line_list	Pass	Pass
dEQP-VK.query_pool.statistics_query.host_query_reset.vertex_shader_invocations.secondary.32bits_cmdcopyquerypoolresults_triangle_fan	Pass	Pass
dEQP-VK.query_pool.statistics_query.host_query_reset.vertex_shader_invocations.secondary.32bits_dstoffset_cmdcopyquerypoolresults_line_list	Pass	Pass
dEQP-VK.query_pool.statistics_query.host_query_reset.vertex_shader_invocations.secondary.32bits_dstoffset_cmdcopyquerypoolresults_triangle_fan	Pass	Pass
dEQP-VK.query_pool.statistics_query.host_query_reset.vertex_shader_invocations.secondary.32bits_line_list	Pass	Pass
dEQP-VK.query_pool.statistics_query.host_query_reset.vertex_shader_invocations.secondary.32bits_triangle_fan	Pass	Pass
dEQP-VK.query_pool.statistics_query.host_query_reset.vertex_shader_invocations.secondary.64bits_cmdcopyquerypoolresults_line_list	Pass	Pass
dEQP-VK.query_pool.statistics_query.host_query_reset.vertex_shader_invocations.secondary.64bits_cmdcopyquerypoolresults_triangle_fan	Pass	Pass
dEQP-VK.query_pool.statistics_query.host_query_reset.vertex_shader_invocations.secondary.64bits_dstoffset_cmdcopyquerypoolresults_line_list	Pass	Pass
dEQP-VK.query_pool.statistics_query.host_query_reset.vertex_shader_invocations.secondary.64bits_dstoffset_cmdcopyquerypoolresults_triangle_fan	Pass	Pass
dEQP-VK.query_pool.statistics_query.host_query_reset.vertex_shader_invocations.secondary.64bits_line_list	Pass	Pass
dEQP-VK.query_pool.statistics_query.host_query_reset.vertex_shader_invocations.secondary.64bits_triangle_fan	Pass	Pass
dEQP-VK.query_pool.statistics_query.host_query_reset.vertex_shader_invocations.secondary_inherited.32bits_cmdcopyquerypoolresults_line_list	NotSupported	Inherited queries are not supported at vktQueryPoolStatisticsTests.cpp:5866
dEQP-VK.query_pool.statistics_query.host_query_reset.vertex_shader_invocations.secondary_inherited.32bits_dstoffset_cmdcopyquerypoolresults_triangle_fan	NotSupported	Inherited queries are not supported at vktQueryPoolStatisticsTests.cpp:5866
dEQP-VK.query_pool.statistics_query.host_query_reset.vertex_shader_invocations.secondary_inherited.64bits_cmdcopyquerypoolresults_line_list	NotSupported	Inherited queries are not supported at vktQueryPoolStatisticsTests.cpp:5866
dEQP-VK.query_pool.statistics_query.host_query_reset.vertex_shader_invocations.secondary_inherited.64bits_dstoffset_cmdcopyquerypoolresults_triangle_fan	NotSupported	Inherited queries are not supported at vktQueryPoolStatisticsTests.cpp:5866
dEQP-VK.query_pool.statistics_query.input_assembly_primitives.primary.32bits_cmdcopyquerypoolresults_line_list	Pass	Pass
dEQP-VK.query_pool.statistics_query.input_assembly_primitives.primary.32bits_cmdcopyquerypoolresults_line_strip_with_adjacency_with_no_color_attachments_restart	Pass	Pass
dEQP-VK.query_pool.statistics_query.input_assembly_primitives.primary.32bits_cmdcopyquerypoolresults_patch_list_v24_p1_with_no_color_attachments	Pass	Pass
dEQP-VK.query_pool.statistics_query.input_assembly_primitives.primary.32bits_cmdcopyquerypoolresults_point_list	Pass	Pass
dEQP-VK.query_pool.statistics_query.input_assembly_primitives.primary.32bits_cmdcopyquerypoolresults_triangle_list_with_adjacency_with_no_color_attachments	Pass	Pass
dEQP-VK.query_pool.statistics_query.input_assembly_primitives.primary.32bits_dstoffset_cmdcopyquerypoolresults_line_list_with_adjacency	Pass	Pass
dEQP-VK.query_pool.statistics_query.input_assembly_primitives.primary.32bits_dstoffset_cmdcopyquerypoolresults_patch_list_v12_p1_with_no_color_attachments	Pass	Pass
dEQP-VK.query_pool.statistics_query.input_assembly_primitives.primary.32bits_dstoffset_cmdcopyquerypoolresults_patch_list_v28_p1_with_no_color_attachments	Pass	Pass
dEQP-VK.query_pool.statistics_query.input_assembly_primitives.primary.32bits_dstoffset_cmdcopyquerypoolresults_point_list_with_no_color_attachments	Pass	Pass
dEQP-VK.query_pool.statistics_query.input_assembly_primitives.primary.32bits_dstoffset_cmdcopyquerypoolresults_triangle_strip_clear_color	Pass	Pass
dEQP-VK.query_pool.statistics_query.input_assembly_primitives.primary.32bits_line_list_with_adjacency_with_no_color_attachments	Pass	Pass
dEQP-VK.query_pool.statistics_query.input_assembly_primitives.primary.32bits_patch_list_v16_p1_with_no_color_attachments	Pass	Pass
dEQP-VK.query_pool.statistics_query.input_assembly_primitives.primary.32bits_patch_list_v28_p3_clear_color	Fail	Result image doesn't match expected image.
dEQP-VK.query_pool.statistics_query.input_assembly_primitives.primary.32bits_triangle_fan_clear_depth	Pass	Pass
dEQP-VK.query_pool.statistics_query.input_assembly_primitives.primary.32bits_triangle_strip_with_adjacency_clear_color	Pass	Pass
dEQP-VK.query_pool.statistics_query.input_assembly_primitives.primary.64bits_cmdcopyquerypoolresults_line_strip_clear_color	Pass	Pass
dEQP-VK.query_pool.statistics_query.input_assembly_primitives.primary.64bits_cmdcopyquerypoolresults_patch_list_v1_p1_with_no_color_attachments	Pass	Pass
dEQP-VK.query_pool.statistics_query.input_assembly_primitives.primary.64bits_cmdcopyquerypoolresults_patch_list_v4_p1_with_no_color_attachments	Pass	Pass
dEQP-VK.query_pool.statistics_query.input_assembly_primitives.primary.64bits_cmdcopyquerypoolresults_triangle_list	Pass	Pass
dEQP-VK.query_pool.statistics_query.input_assembly_primitives.primary.64bits_cmdcopyquerypoolresults_triangle_strip_with_adjacency_with_no_color_attachments_restart	Pass	Pass
dEQP-VK.query_pool.statistics_query.input_assembly_primitives.primary.64bits_dstoffset_cmdcopyquerypoolresults_line_strip_with_adjacency_clear_color	Pass	Pass
dEQP-VK.query_pool.statistics_query.input_assembly_primitives.primary.64bits_dstoffset_cmdcopyquerypoolresults_patch_list_v20_p1_with_no_color_attachments	Pass	Pass
dEQP-VK.query_pool.statistics_query.input_assembly_primitives.primary.64bits_dstoffset_cmdcopyquerypoolresults_patch_list_v8_p1_with_no_color_attachments	Pass	Pass
dEQP-VK.query_pool.statistics_query.input_assembly_primitives.primary.64bits_dstoffset_cmdcopyquerypoolresults_triangle_list_with_adjacency	Pass	Pass
dEQP-VK.query_pool.statistics_query.input_assembly_primitives.primary.64bits_line_list	Pass	Pass
dEQP-VK.query_pool.statistics_query.input_assembly_primitives.primary.64bits_line_strip_with_adjacency_with_no_color_attachments_restart	Pass	Pass
dEQP-VK.query_pool.statistics_query.input_assembly_primitives.primary.64bits_patch_list_v24_p1_with_no_color_attachments	Pass	Pass
dEQP-VK.query_pool.statistics_query.input_assembly_primitives.primary.64bits_point_list	Pass	Pass
dEQP-VK.query_pool.statistics_query.input_assembly_primitives.primary.64bits_triangle_list_with_adjacency_with_no_color_attachments	Pass	Pass
dEQP-VK.query_pool.statistics_query.input_assembly_primitives.secondary.32bits_cmdcopyquerypoolresults_line_list_with_adjacency	Pass	Pass
dEQP-VK.query_pool.statistics_query.input_assembly_primitives.secondary.32bits_cmdcopyquerypoolresults_triangle_fan	Pass	Pass
dEQP-VK.query_pool.statistics_query.input_assembly_primitives.secondary.32bits_dstoffset_cmdcopyquerypoolresults_line_list	Pass	Pass
dEQP-VK.query_pool.statistics_query.input_assembly_primitives.secondary.32bits_dstoffset_cmdcopyquerypoolresults_point_list	Pass	Pass
dEQP-VK.query_pool.statistics_query.input_assembly_primitives.secondary.32bits_dstoffset_cmdcopyquerypoolresults_triangle_strip_with_adjacency	Pass	Pass
dEQP-VK.query_pool.statistics_query.input_assembly_primitives.secondary.32bits_patch_list_v28_p3	Fail	Result image doesn't match expected image.
dEQP-VK.query_pool.statistics_query.input_assembly_primitives.secondary.32bits_triangle_strip	Pass	Pass
dEQP-VK.query_pool.statistics_query.input_assembly_primitives.secondary.64bits_cmdcopyquerypoolresults_line_strip_with_adjacency	Pass	Pass
dEQP-VK.query_pool.statistics_query.input_assembly_primitives.secondary.64bits_cmdcopyquerypoolresults_triangle_list_with_adjacency	Pass	Pass
dEQP-VK.query_pool.statistics_query.input_assembly_primitives.secondary.64bits_dstoffset_cmdcopyquerypoolresults_line_strip	Pass	Pass
dEQP-VK.query_pool.statistics_query.input_assembly_primitives.secondary.64bits_dstoffset_cmdcopyquerypoolresults_triangle_list	Pass	Pass
dEQP-VK.query_pool.statistics_query.input_assembly_primitives.secondary.64bits_line_list_with_adjacency	Pass	Pass
dEQP-VK.query_pool.statistics_query.input_assembly_primitives.secondary.64bits_triangle_fan	Pass	Pass
dEQP-VK.query_pool.statistics_query.input_assembly_primitives.secondary_inherited.32bits_cmdcopyquerypoolresults_line_list	NotSupported	Inherited queries are not supported at vktQueryPoolStatisticsTests.cpp:5866
dEQP-VK.query_pool.statistics_query.input_assembly_primitives.secondary_inherited.32bits_cmdcopyquerypoolresults_triangle_strip_with_adjacency_restart	NotSupported	Inherited queries are not supported at vktQueryPoolStatisticsTests.cpp:5866
dEQP-VK.query_pool.statistics_query.input_assembly_primitives.secondary_inherited.32bits_dstoffset_cmdcopyquerypoolresults_triangle_strip_with_adjacency	NotSupported	Inherited queries are not supported at vktQueryPoolStatisticsTests.cpp:5866
dEQP-VK.query_pool.statistics_query.input_assembly_primitives.secondary_inherited.32bits_triangle_strip_restart	NotSupported	Inherited queries are not supported at vktQueryPoolStatisticsTests.cpp:5866
dEQP-VK.query_pool.statistics_query.input_assembly_primitives.secondary_inherited.64bits_cmdcopyquerypoolresults_triangle_strip	NotSupported	Inherited queries are not supported at vktQueryPoolStatisticsTests.cpp:5866
dEQP-VK.query_pool.statistics_query.input_assembly_primitives.secondary_inherited.64bits_dstoffset_cmdcopyquerypoolresults_triangle_list_with_adjacency	NotSupported	Inherited queries are not supported at vktQueryPoolStatisticsTests.cpp:5866
dEQP-VK.query_pool.statistics_query.input_assembly_primitives.secondary_inherited.64bits_triangle_list	NotSupported	Inherited queries are not supported at vktQueryPoolStatisticsTests.cpp:5866
dEQP-VK.query_pool.statistics_query.input_assembly_vertices.32bits_cmdcopyquerypoolresults_primary	Pass	Pass
dEQP-VK.query_pool.statistics_query.input_assembly_vertices.32bits_cmdcopyquerypoolresults_secondary_inherited_triangle_fan_restart	NotSupported	Inherited queries are not supported at vktQueryPoolStatisticsTests.cpp:5866
dEQP-VK.query_pool.statistics_query.input_assembly_vertices.32bits_dstoffset_cmdcopyquerypoolresults_primary_triangle_strip_with_adjacency_restart	Pass	Pass
dEQP-VK.query_pool.statistics_query.input_assembly_vertices.32bits_dstoffset_cmdcopyquerypoolresults_secondary_triangle_strip_with_adjacency_restart	Pass	Pass
dEQP-VK.query_pool.statistics_query.input_assembly_vertices.32bits_secondary_inherited_line_strip_with_adjacency_restart	NotSupported	Inherited queries are not supported at vktQueryPoolStatisticsTests.cpp:5866
dEQP-VK.query_pool.statistics_query.input_assembly_vertices.64bits_cmdcopyquerypoolresults_primary_triangle_strip_restart	Pass	Pass
dEQP-VK.query_pool.statistics_query.input_assembly_vertices.64bits_cmdcopyquerypoolresults_secondary_triangle_strip_restart	Pass	Pass
dEQP-VK.query_pool.statistics_query.input_assembly_vertices.64bits_dstoffset_cmdcopyquerypoolresults_secondary_inherited_line_strip_restart	NotSupported	Inherited queries are not supported at vktQueryPoolStatisticsTests.cpp:5866
dEQP-VK.query_pool.statistics_query.input_assembly_vertices.64bits_primary_triangle_fan_restart	Pass	Pass
dEQP-VK.query_pool.statistics_query.input_assembly_vertices.64bits_secondary_triangle_fan_restart	Pass	Pass
dEQP-VK.query_pool.statistics_query.multiple_geom_stats.copy	Pass	Pass
dEQP-VK.query_pool.statistics_query.multiple_queries.input_assembly_vertex	Pass	Pass
dEQP-VK.query_pool.statistics_query.multiple_queries.input_assembly_vertex_fragment_wait_cmdcopy_dstoffset	Pass	Pass
dEQP-VK.query_pool.statistics_query.reset_after_copy.clipping_invocations.primary.32bits_cmdcopyquerypoolresults_line_list_clear_color_geometry	Pass	Pass
dEQP-VK.query_pool.statistics_query.reset_after_copy.clipping_invocations.primary.32bits_cmdcopyquerypoolresults_line_list_with_no_color_attachments_vertex	Pass	Pass
dEQP-VK.query_pool.statistics_query.reset_after_copy.clipping_invocations.primary.32bits_cmdcopyquerypoolresults_line_strip_with_no_color_attachments_geometry	Pass	Pass
dEQP-VK.query_pool.statistics_query.reset_after_copy.clipping_invocations.primary.32bits_cmdcopyquerypoolresults_point_list_vertex	Pass	Pass
dEQP-VK.query_pool.statistics_query.reset_after_copy.clipping_invocations.primary.32bits_cmdcopyquerypoolresults_triangle_list_geometry	Pass	Pass
dEQP-VK.query_pool.statistics_query.reset_after_copy.clipping_invocations.primary.32bits_cmdcopyquerypoolresults_triangle_strip_clear_depth_vertex	Pass	Pass
dEQP-VK.query_pool.statistics_query.reset_after_copy.clipping_invocations.primary.32bits_dstoffset_cmdcopyquerypoolresults_line_list_clear_depth_geometry	Pass	Pass
dEQP-VK.query_pool.statistics_query.reset_after_copy.clipping_invocations.primary.32bits_dstoffset_cmdcopyquerypoolresults_line_strip_clear_color_vertex	Pass	Pass
dEQP-VK.query_pool.statistics_query.reset_after_copy.clipping_invocations.primary.32bits_dstoffset_cmdcopyquerypoolresults_patch_list_clear_color_tessellation	Fail	Result image doesn't match expected image.
dEQP-VK.query_pool.statistics_query.reset_after_copy.clipping_invocations.primary.32bits_dstoffset_cmdcopyquerypoolresults_point_list_with_no_color_attachments_vertex	Pass	Pass
dEQP-VK.query_pool.statistics_query.reset_after_copy.clipping_invocations.primary.32bits_dstoffset_cmdcopyquerypoolresults_triangle_list_with_adjacency_clear_color_geometry	Pass	Pass
dEQP-VK.query_pool.statistics_query.reset_after_copy.clipping_invocations.primary.32bits_dstoffset_cmdcopyquerypoolresults_triangle_strip_vertex	Pass	Pass
dEQP-VK.query_pool.statistics_query.reset_after_copy.clipping_invocations.primary.64bits_cmdcopyquerypoolresults_line_list_geometry	Pass	Pass
dEQP-VK.query_pool.statistics_query.reset_after_copy.clipping_invocations.primary.64bits_cmdcopyquerypoolresults_line_strip_clear_depth_vertex	Pass	Pass
dEQP-VK.query_pool.statistics_query.reset_after_copy.clipping_invocations.primary.64bits_cmdcopyquerypoolresults_patch_list_clear_depth_tessellation	Fail	Result image doesn't match expected image.
dEQP-VK.query_pool.statistics_query.reset_after_copy.clipping_invocations.primary.64bits_cmdcopyquerypoolresults_triangle_fan_clear_color_vertex	Pass	Pass
dEQP-VK.query_pool.statistics_query.reset_after_copy.clipping_invocations.primary.64bits_cmdcopyquerypoolresults_triangle_list_with_adjacency_clear_depth_geometry	Pass	Pass
dEQP-VK.query_pool.statistics_query.reset_after_copy.clipping_invocations.primary.64bits_cmdcopyquerypoolresults_triangle_strip_with_adjacency_clear_color_vertex	Pass	Pass
dEQP-VK.query_pool.statistics_query.reset_after_copy.clipping_invocations.primary.64bits_dstoffset_cmdcopyquerypoolresults_line_list_with_adjacency_clear_color_geometry	Pass	Pass
dEQP-VK.query_pool.statistics_query.reset_after_copy.clipping_invocations.primary.64bits_dstoffset_cmdcopyquerypoolresults_line_strip_vertex	Pass	Pass
dEQP-VK.query_pool.statistics_query.reset_after_copy.clipping_invocations.primary.64bits_dstoffset_cmdcopyquerypoolresults_patch_list_tessellation	Fail	Result image doesn't match expected image.
dEQP-VK.query_pool.statistics_query.reset_after_copy.clipping_invocations.primary.64bits_dstoffset_cmdcopyquerypoolresults_triangle_fan_clear_depth_vertex	Pass	Pass
dEQP-VK.query_pool.statistics_query.reset_after_copy.clipping_invocations.primary.64bits_dstoffset_cmdcopyquerypoolresults_triangle_list_with_adjacency_geometry	Pass	Pass
dEQP-VK.query_pool.statistics_query.reset_after_copy.clipping_invocations.primary.64bits_dstoffset_cmdcopyquerypoolresults_triangle_strip_with_adjacency_clear_depth_vertex	Pass	Pass
dEQP-VK.query_pool.statistics_query.reset_after_copy.clipping_invocations.secondary.32bits_cmdcopyquerypoolresults_line_list_with_adjacency_clear_depth_geometry	Pass	Pass
dEQP-VK.query_pool.statistics_query.reset_after_copy.clipping_invocations.secondary.32bits_cmdcopyquerypoolresults_line_strip_with_adjacency_vertex	Pass	Pass
dEQP-VK.query_pool.statistics_query.reset_after_copy.clipping_invocations.secondary.32bits_cmdcopyquerypoolresults_triangle_fan_clear_depth_geometry	Pass	Pass
dEQP-VK.query_pool.statistics_query.reset_after_copy.clipping_invocations.secondary.32bits_cmdcopyquerypoolresults_triangle_list_with_adjacency_vertex	Pass	Pass
dEQP-VK.query_pool.statistics_query.reset_after_copy.clipping_invocations.secondary.32bits_dstoffset_cmdcopyquerypoolresults_line_list_clear_depth_geometry	Pass	Pass
dEQP-VK.query_pool.statistics_query.reset_after_copy.clipping_invocations.secondary.32bits_dstoffset_cmdcopyquerypoolresults_line_strip_vertex	Pass	Pass
dEQP-VK.query_pool.statistics_query.reset_after_copy.clipping_invocations.secondary.32bits_dstoffset_cmdcopyquerypoolresults_point_list_clear_depth_geometry	Pass	Pass
dEQP-VK.query_pool.statistics_query.reset_after_copy.clipping_invocations.secondary.32bits_dstoffset_cmdcopyquerypoolresults_triangle_list_vertex	Pass	Pass
dEQP-VK.query_pool.statistics_query.reset_after_copy.clipping_invocations.secondary.32bits_dstoffset_cmdcopyquerypoolresults_triangle_strip_with_adjacency_clear_depth_geometry	Pass	Pass
dEQP-VK.query_pool.statistics_query.reset_after_copy.clipping_invocations.secondary.64bits_cmdcopyquerypoolresults_line_list_with_adjacency_vertex	Pass	Pass
dEQP-VK.query_pool.statistics_query.reset_after_copy.clipping_invocations.secondary.64bits_cmdcopyquerypoolresults_patch_list_clear_depth_tessellation	Fail	Result image doesn't match expected image
dEQP-VK.query_pool.statistics_query.reset_after_copy.clipping_invocations.secondary.64bits_cmdcopyquerypoolresults_triangle_fan_vertex	Pass	Pass
dEQP-VK.query_pool.statistics_query.reset_after_copy.clipping_invocations.secondary.64bits_cmdcopyquerypoolresults_triangle_strip_clear_depth_geometry	Pass	Pass
dEQP-VK.query_pool.statistics_query.reset_after_copy.clipping_invocations.secondary.64bits_dstoffset_cmdcopyquerypoolresults_line_list_vertex	Pass	Pass
dEQP-VK.query_pool.statistics_query.reset_after_copy.clipping_invocations.secondary.64bits_dstoffset_cmdcopyquerypoolresults_line_strip_with_adjacency_clear_depth_geometry	Pass	Pass
dEQP-VK.query_pool.statistics_query.reset_after_copy.clipping_invocations.secondary.64bits_dstoffset_cmdcopyquerypoolresults_point_list_vertex	Pass	Pass
dEQP-VK.query_pool.statistics_query.reset_after_copy.clipping_invocations.secondary.64bits_dstoffset_cmdcopyquerypoolresults_triangle_list_with_adjacency_clear_depth_geometry	Pass	Pass
dEQP-VK.query_pool.statistics_query.reset_after_copy.clipping_invocations.secondary.64bits_dstoffset_cmdcopyquerypoolresults_triangle_strip_with_adjacency_vertex	Pass	Pass
dEQP-VK.query_pool.statistics_query.reset_after_copy.clipping_invocations.secondary_inherited.32bits_cmdcopyquerypoolresults_triangle_list_geometry	NotSupported	Inherited queries are not supported at vktQueryPoolStatisticsTests.cpp:5866
dEQP-VK.query_pool.statistics_query.reset_after_copy.clipping_invocations.secondary_inherited.32bits_dstoffset_cmdcopyquerypoolresults_line_strip_with_adjacency_vertex	NotSupported	Inherited queries are not supported at vktQueryPoolStatisticsTests.cpp:5866
dEQP-VK.query_pool.statistics_query.reset_after_copy.clipping_invocations.secondary_inherited.64bits_cmdcopyquerypoolresults_line_list_geometry	NotSupported	Inherited queries are not supported at vktQueryPoolStatisticsTests.cpp:5866
dEQP-VK.query_pool.statistics_query.reset_after_copy.clipping_invocations.secondary_inherited.64bits_cmdcopyquerypoolresults_triangle_list_vertex	NotSupported	Inherited queries are not supported at vktQueryPoolStatisticsTests.cpp:5866
dEQP-VK.query_pool.statistics_query.reset_after_copy.clipping_invocations.secondary_inherited.64bits_dstoffset_cmdcopyquerypoolresults_patch_list_tessellation	NotSupported	Inherited queries are not supported at vktQueryPoolStatisticsTests.cpp:5866
dEQP-VK.query_pool.statistics_query.reset_after_copy.clipping_primitives.primary.32bits_cmdcopyquerypoolresults_line_list_clear_color_vertex	Pass	Pass
dEQP-VK.query_pool.statistics_query.reset_after_copy.clipping_primitives.primary.32bits_cmdcopyquerypoolresults_line_strip_clear_color_geometry	Pass	Pass
dEQP-VK.query_pool.statistics_query.reset_after_copy.clipping_primitives.primary.32bits_cmdcopyquerypoolresults_line_strip_with_no_color_attachments_vertex	Pass	Pass
dEQP-VK.query_pool.statistics_query.reset_after_copy.clipping_primitives.primary.32bits_cmdcopyquerypoolresults_point_list_with_no_color_attachments_geometry	Pass	Pass
dEQP-VK.query_pool.statistics_query.reset_after_copy.clipping_primitives.primary.32bits_cmdcopyquerypoolresults_triangle_list_vertex	Pass	Pass
dEQP-VK.query_pool.statistics_query.reset_after_copy.clipping_primitives.primary.32bits_cmdcopyquerypoolresults_triangle_strip_geometry	Pass	Pass
dEQP-VK.query_pool.statistics_query.reset_after_copy.clipping_primitives.primary.32bits_dstoffset_cmdcopyquerypoolresults_line_list_clear_depth_vertex	Pass	Pass
dEQP-VK.query_pool.statistics_query.reset_after_copy.clipping_primitives.primary.32bits_dstoffset_cmdcopyquerypoolresults_line_strip_clear_depth_geometry	Pass	Pass
dEQP-VK.query_pool.statistics_query.reset_after_copy.clipping_primitives.primary.32bits_dstoffset_cmdcopyquerypoolresults_patch_list_clear_color_tessellation_geometry	Fail	Result image doesn't match expected image
dEQP-VK.query_pool.statistics_query.reset_after_copy.clipping_primitives.primary.32bits_dstoffset_cmdcopyquerypoolresults_triangle_fan_clear_color_geometry	Pass	Pass
dEQP-VK.query_pool.statistics_query.reset_after_copy.clipping_primitives.primary.32bits_dstoffset_cmdcopyquerypoolresults_triangle_list_with_adjacency_clear_color_vertex	Pass	Pass
dEQP-VK.query_pool.statistics_query.reset_after_copy.clipping_primitives.primary.32bits_dstoffset_cmdcopyquerypoolresults_triangle_strip_with_adjacency_clear_color_geometry	Pass	Pass
dEQP-VK.query_pool.statistics_query.reset_after_copy.clipping_primitives.primary.64bits_cmdcopyquerypoolresults_line_list_vertex	Pass	Pass
dEQP-VK.query_pool.statistics_query.reset_after_copy.clipping_primitives.primary.64bits_cmdcopyquerypoolresults_line_strip_geometry	Pass	Pass
dEQP-VK.query_pool.statistics_query.reset_after_copy.clipping_primitives.primary.64bits_cmdcopyquerypoolresults_patch_list_clear_depth_tessellation_geometry	Fail	Result image doesn't match expected image
dEQP-VK.query_pool.statistics_query.reset_after_copy.clipping_primitives.primary.64bits_cmdcopyquerypoolresults_triangle_fan_clear_depth_geometry	Pass	Pass
dEQP-VK.query_pool.statistics_query.reset_after_copy.clipping_primitives.primary.64bits_cmdcopyquerypoolresults_triangle_list_with_adjacency_clear_depth_vertex	Pass	Pass
dEQP-VK.query_pool.statistics_query.reset_after_copy.clipping_primitives.primary.64bits_cmdcopyquerypoolresults_triangle_strip_with_adjacency_clear_depth_geometry	Pass	Pass
dEQP-VK.query_pool.statistics_query.reset_after_copy.clipping_primitives.primary.64bits_dstoffset_cmdcopyquerypoolresults_line_list_with_adjacency_clear_color_vertex	Pass	Pass
dEQP-VK.query_pool.statistics_query.reset_after_copy.clipping_primitives.primary.64bits_dstoffset_cmdcopyquerypoolresults_line_strip_with_adjacency_clear_color_geometry	Pass	Pass
dEQP-VK.query_pool.statistics_query.reset_after_copy.clipping_primitives.primary.64bits_dstoffset_cmdcopyquerypoolresults_patch_list_tessellation_geometry	Fail	Result image doesn't match expected image
dEQP-VK.query_pool.statistics_query.reset_after_copy.clipping_primitives.primary.64bits_dstoffset_cmdcopyquerypoolresults_triangle_fan_geometry	Pass	Pass
dEQP-VK.query_pool.statistics_query.reset_after_copy.clipping_primitives.primary.64bits_dstoffset_cmdcopyquerypoolresults_triangle_list_with_adjacency_vertex	Pass	Pass
dEQP-VK.query_pool.statistics_query.reset_after_copy.clipping_primitives.primary.64bits_dstoffset_cmdcopyquerypoolresults_triangle_strip_with_adjacency_geometry	Pass	Pass
dEQP-VK.query_pool.statistics_query.reset_after_copy.clipping_primitives.secondary.32bits_cmdcopyquerypoolresults_line_list_with_adjacency_clear_depth_vertex	Pass	Pass
dEQP-VK.query_pool.statistics_query.reset_after_copy.clipping_primitives.secondary.32bits_cmdcopyquerypoolresults_patch_list_clear_color_tessellation	Fail	Result image doesn't match expected image
dEQP-VK.query_pool.statistics_query.reset_after_copy.clipping_primitives.secondary.32bits_cmdcopyquerypoolresults_triangle_fan_clear_depth_vertex	Pass	Pass
dEQP-VK.query_pool.statistics_query.reset_after_copy.clipping_primitives.secondary.32bits_cmdcopyquerypoolresults_triangle_strip_clear_color_geometry	Pass	Pass
dEQP-VK.query_pool.statistics_query.reset_after_copy.clipping_primitives.secondary.32bits_dstoffset_cmdcopyquerypoolresults_line_list_clear_depth_vertex	Pass	Pass
dEQP-VK.query_pool.statistics_query.reset_after_copy.clipping_primitives.secondary.32bits_dstoffset_cmdcopyquerypoolresults_line_strip_with_adjacency_clear_color_geometry	Pass	Pass
dEQP-VK.query_pool.statistics_query.reset_after_copy.clipping_primitives.secondary.32bits_dstoffset_cmdcopyquerypoolresults_point_list_clear_depth_vertex	Pass	Pass
dEQP-VK.query_pool.statistics_query.reset_after_copy.clipping_primitives.secondary.32bits_dstoffset_cmdcopyquerypoolresults_triangle_list_with_adjacency_clear_color_geometry	Pass	Pass
dEQP-VK.query_pool.statistics_query.reset_after_copy.clipping_primitives.secondary.32bits_dstoffset_cmdcopyquerypoolresults_triangle_strip_with_adjacency_clear_depth_vertex	Pass	Pass
dEQP-VK.query_pool.statistics_query.reset_after_copy.clipping_primitives.secondary.64bits_cmdcopyquerypoolresults_line_strip_clear_color_geometry	Pass	Pass
dEQP-VK.query_pool.statistics_query.reset_after_copy.clipping_primitives.secondary.64bits_cmdcopyquerypoolresults_patch_list_clear_depth_tessellation_geometry	Fail	Result image doesn't match expected image
dEQP-VK.query_pool.statistics_query.reset_after_copy.clipping_primitives.secondary.64bits_cmdcopyquerypoolresults_triangle_list_clear_color_geometry	Pass	Pass
dEQP-VK.query_pool.statistics_query.reset_after_copy.clipping_primitives.secondary.64bits_cmdcopyquerypoolresults_triangle_strip_clear_depth_vertex	Pass	Pass
dEQP-VK.query_pool.statistics_query.reset_after_copy.clipping_primitives.secondary.64bits_dstoffset_cmdcopyquerypoolresults_line_list_with_adjacency_clear_color_geometry	Pass	Pass
dEQP-VK.query_pool.statistics_query.reset_after_copy.clipping_primitives.secondary.64bits_dstoffset_cmdcopyquerypoolresults_line_strip_with_adjacency_clear_depth_vertex	Pass	Pass
dEQP-VK.query_pool.statistics_query.reset_after_copy.clipping_primitives.secondary.64bits_dstoffset_cmdcopyquerypoolresults_triangle_fan_clear_color_geometry	Pass	Pass
dEQP-VK.query_pool.statistics_query.reset_after_copy.clipping_primitives.secondary.64bits_dstoffset_cmdcopyquerypoolresults_triangle_list_with_adjacency_clear_depth_vertex	Pass	Pass
dEQP-VK.query_pool.statistics_query.reset_after_copy.clipping_primitives.secondary_inherited.32bits_cmdcopyquerypoolresults_line_list_geometry	NotSupported	Inherited queries are not supported at vktQueryPoolStatisticsTests.cpp:5866
dEQP-VK.query_pool.statistics_query.reset_after_copy.clipping_primitives.secondary_inherited.32bits_cmdcopyquerypoolresults_triangle_list_vertex	NotSupported	Inherited queries are not supported at vktQueryPoolStatisticsTests.cpp:5866
dEQP-VK.query_pool.statistics_query.reset_after_copy.clipping_primitives.secondary_inherited.32bits_dstoffset_cmdcopyquerypoolresults_patch_list_tessellation	NotSupported	Inherited queries are not supported at vktQueryPoolStatisticsTests.cpp:5866
dEQP-VK.query_pool.statistics_query.reset_after_copy.clipping_primitives.secondary_inherited.64bits_cmdcopyquerypoolresults_line_list_vertex	NotSupported	Inherited queries are not supported at vktQueryPoolStatisticsTests.cpp:5866
dEQP-VK.query_pool.statistics_query.reset_after_copy.clipping_primitives.secondary_inherited.64bits_cmdcopyquerypoolresults_triangle_list_with_adjacency_geometry	NotSupported	Inherited queries are not supported at vktQueryPoolStatisticsTests.cpp:5866
dEQP-VK.query_pool.statistics_query.reset_after_copy.clipping_primitives.secondary_inherited.64bits_dstoffset_cmdcopyquerypoolresults_patch_list_tessellation_geometry	NotSupported	Inherited queries are not supported at vktQueryPoolStatisticsTests.cpp:5866
dEQP-VK.query_pool.statistics_query.reset_after_copy.compute_shader_invocations.32bits_cmdcopyquerypoolresults_secondary	Pass	Pass
dEQP-VK.query_pool.statistics_query.reset_after_copy.compute_shader_invocations.64bits_cmdcopyquerypoolresults_secondary_inherited_cq	NotSupported	Inherited queries are not supported at vktQueryPoolStatisticsTests.cpp:4030
dEQP-VK.query_pool.statistics_query.reset_after_copy.fragment_shader_invocations.primary.32bits_cmdcopyquerypoolresults_point_list	Pass	Pass
dEQP-VK.query_pool.statistics_query.reset_after_copy.fragment_shader_invocations.primary.32bits_dstoffset_cmdcopyquerypoolresults_line_list_with_no_color_attachments	Pass	Pass
dEQP-VK.query_pool.statistics_query.reset_after_copy.fragment_shader_invocations.primary.32bits_dstoffset_cmdcopyquerypoolresults_triangle_strip_with_adjacency_with_no_color_attachments	Pass	Pass
dEQP-VK.query_pool.statistics_query.reset_after_copy.fragment_shader_invocations.primary.64bits_cmdcopyquerypoolresults_triangle_list_with_adjacency	Pass	Pass
dEQP-VK.query_pool.statistics_query.reset_after_copy.fragment_shader_invocations.primary.64bits_dstoffset_cmdcopyquerypoolresults_point_list	Pass	Pass
dEQP-VK.query_pool.statistics_query.reset_after_copy.fragment_shader_invocations.secondary.32bits_cmdcopyquerypoolresults_line_strip_with_adjacency	Pass	Pass
dEQP-VK.query_pool.statistics_query.reset_after_copy.fragment_shader_invocations.secondary.32bits_dstoffset_cmdcopyquerypoolresults_triangle_list_with_adjacency	Pass	Pass
dEQP-VK.query_pool.statistics_query.reset_after_copy.fragment_shader_invocations.secondary.64bits_dstoffset_cmdcopyquerypoolresults_line_strip	Pass	Pass
dEQP-VK.query_pool.statistics_query.reset_after_copy.fragment_shader_invocations.secondary_inherited.32bits_cmdcopyquerypoolresults_triangle_list_with_adjacency	NotSupported	Inherited queries are not supported at vktQueryPoolStatisticsTests.cpp:5866
dEQP-VK.query_pool.statistics_query.reset_after_copy.fragment_shader_invocations.secondary_inherited.64bits_cmdcopyquerypoolresults_line_strip	NotSupported	Inherited queries are not supported at vktQueryPoolStatisticsTests.cpp:5866
dEQP-VK.query_pool.statistics_query.reset_after_copy.fragment_shader_invocations.secondary_inherited.64bits_dstoffset_cmdcopyquerypoolresults_triangle_list_with_adjacency	NotSupported	Inherited queries are not supported at vktQueryPoolStatisticsTests.cpp:5866
dEQP-VK.query_pool.statistics_query.reset_after_copy.geometry_shader_invocations.primary.32bits_cmdcopyquerypoolresults_line_strip_with_adjacency_clear_color	Pass	Pass
dEQP-VK.query_pool.statistics_query.reset_after_copy.geometry_shader_invocations.primary.32bits_cmdcopyquerypoolresults_triangle_list_with_adjacency	Pass	Pass
dEQP-VK.query_pool.statistics_query.reset_after_copy.geometry_shader_invocations.primary.32bits_dstoffset_cmdcopyquerypoolresults_line_list_clear_depth	Pass	Pass
dEQP-VK.query_pool.statistics_query.reset_after_copy.geometry_shader_invocations.primary.32bits_dstoffset_cmdcopyquerypoolresults_point_list_clear_color	Pass	Pass
dEQP-VK.query_pool.statistics_query.reset_after_copy.geometry_shader_invocations.primary.32bits_dstoffset_cmdcopyquerypoolresults_triangle_strip	Pass	Pass
dEQP-VK.query_pool.statistics_query.reset_after_copy.geometry_shader_invocations.primary.64bits_cmdcopyquerypoolresults_line_list_with_no_color_attachments	Pass	Pass
dEQP-VK.query_pool.statistics_query.reset_after_copy.geometry_shader_invocations.primary.64bits_cmdcopyquerypoolresults_triangle_fan_clear_depth	Pass	Pass
dEQP-VK.query_pool.statistics_query.reset_after_copy.geometry_shader_invocations.primary.64bits_cmdcopyquerypoolresults_triangle_strip_with_adjacency_clear_depth	Pass	Pass
dEQP-VK.query_pool.statistics_query.reset_after_copy.geometry_shader_invocations.primary.64bits_dstoffset_cmdcopyquerypoolresults_line_strip_with_adjacency_clear_color	Pass	Pass
dEQP-VK.query_pool.statistics_query.reset_after_copy.geometry_shader_invocations.primary.64bits_dstoffset_cmdcopyquerypoolresults_triangle_list_with_adjacency	Pass	Pass
dEQP-VK.query_pool.statistics_query.reset_after_copy.geometry_shader_invocations.secondary.32bits_cmdcopyquerypoolresults_line_list_clear_depth	Pass	Pass
dEQP-VK.query_pool.statistics_query.reset_after_copy.geometry_shader_invocations.secondary.32bits_cmdcopyquerypoolresults_triangle_fan_clear_depth	Pass	Pass
dEQP-VK.query_pool.statistics_query.reset_after_copy.geometry_shader_invocations.secondary.32bits_dstoffset_cmdcopyquerypoolresults_line_list_clear_depth	Pass	Pass
dEQP-VK.query_pool.statistics_query.reset_after_copy.geometry_shader_invocations.secondary.32bits_dstoffset_cmdcopyquerypoolresults_triangle_fan_clear_depth	Pass	Pass
dEQP-VK.query_pool.statistics_query.reset_after_copy.geometry_shader_invocations.secondary.64bits_cmdcopyquerypoolresults_line_list_clear_depth	Pass	Pass
dEQP-VK.query_pool.statistics_query.reset_after_copy.geometry_shader_invocations.secondary.64bits_cmdcopyquerypoolresults_triangle_fan_clear_depth	Pass	Pass
dEQP-VK.query_pool.statistics_query.reset_after_copy.geometry_shader_invocations.secondary.64bits_dstoffset_cmdcopyquerypoolresults_line_list_clear_depth	Pass	Pass
dEQP-VK.query_pool.statistics_query.reset_after_copy.geometry_shader_invocations.secondary.64bits_dstoffset_cmdcopyquerypoolresults_triangle_fan_clear_depth	Pass	Pass
dEQP-VK.query_pool.statistics_query.reset_after_copy.geometry_shader_invocations.secondary_inherited.32bits_cmdcopyquerypoolresults_line_strip	NotSupported	Inherited queries are not supported at vktQueryPoolStatisticsTests.cpp:5866
dEQP-VK.query_pool.statistics_query.reset_after_copy.geometry_shader_invocations.secondary_inherited.32bits_dstoffset_cmdcopyquerypoolresults_triangle_list_with_adjacency	NotSupported	Inherited queries are not supported at vktQueryPoolStatisticsTests.cpp:5866
dEQP-VK.query_pool.statistics_query.reset_after_copy.geometry_shader_invocations.secondary_inherited.64bits_dstoffset_cmdcopyquerypoolresults_line_strip	NotSupported	Inherited queries are not supported at vktQueryPoolStatisticsTests.cpp:5866
dEQP-VK.query_pool.statistics_query.reset_after_copy.geometry_shader_primitives.primary.32bits_cmdcopyquerypoolresults_line_list_with_no_color_attachments	Pass	Pass
dEQP-VK.query_pool.statistics_query.reset_after_copy.geometry_shader_primitives.primary.32bits_cmdcopyquerypoolresults_triangle_fan_clear_depth	Pass	Pass
dEQP-VK.query_pool.statistics_query.reset_after_copy.geometry_shader_primitives.primary.32bits_cmdcopyquerypoolresults_triangle_strip_with_adjacency_clear_depth	Pass	Pass
dEQP-VK.query_pool.statistics_query.reset_after_copy.geometry_shader_primitives.primary.32bits_dstoffset_cmdcopyquerypoolresults_line_strip_with_adjacency_clear_color	Pass	Pass
dEQP-VK.query_pool.statistics_query.reset_after_copy.geometry_shader_primitives.primary.32bits_dstoffset_cmdcopyquerypoolresults_triangle_list_with_adjacency	Pass	Pass
dEQP-VK.query_pool.statistics_query.reset_after_copy.geometry_shader_primitives.primary.64bits_cmdcopyquerypoolresults_line_list_clear_depth	Pass	Pass
dEQP-VK.query_pool.statistics_query.reset_after_copy.geometry_shader_primitives.primary.64bits_cmdcopyquerypoolresults_point_list_clear_color	Pass	Pass
dEQP-VK.query_pool.statistics_query.reset_after_copy.geometry_shader_primitives.primary.64bits_cmdcopyquerypoolresults_triangle_strip	Pass	Pass
dEQP-VK.query_pool.statistics_query.reset_after_copy.geometry_shader_primitives.primary.64bits_dstoffset_cmdcopyquerypoolresults_line_list_with_no_color_attachments	Pass	Pass
dEQP-VK.query_pool.statistics_query.reset_after_copy.geometry_shader_primitives.primary.64bits_dstoffset_cmdcopyquerypoolresults_triangle_fan_clear_depth	Pass	Pass
dEQP-VK.query_pool.statistics_query.reset_after_copy.geometry_shader_primitives.primary.64bits_dstoffset_cmdcopyquerypoolresults_triangle_strip_with_adjacency_clear_depth	Pass	Pass
dEQP-VK.query_pool.statistics_query.reset_after_copy.geometry_shader_primitives.secondary.32bits_cmdcopyquerypoolresults_point_list	Pass	Pass
dEQP-VK.query_pool.statistics_query.reset_after_copy.geometry_shader_primitives.secondary.32bits_cmdcopyquerypoolresults_triangle_strip_with_adjacency	Pass	Pass
dEQP-VK.query_pool.statistics_query.reset_after_copy.geometry_shader_primitives.secondary.32bits_dstoffset_cmdcopyquerypoolresults_point_list	Pass	Pass
dEQP-VK.query_pool.statistics_query.reset_after_copy.geometry_shader_primitives.secondary.32bits_dstoffset_cmdcopyquerypoolresults_triangle_strip_with_adjacency	Pass	Pass
dEQP-VK.query_pool.statistics_query.reset_after_copy.geometry_shader_primitives.secondary.64bits_cmdcopyquerypoolresults_point_list	Pass	Pass
dEQP-VK.query_pool.statistics_query.reset_after_copy.geometry_shader_primitives.secondary.64bits_cmdcopyquerypoolresults_triangle_strip_with_adjacency	Pass	Pass
dEQP-VK.query_pool.statistics_query.reset_after_copy.geometry_shader_primitives.secondary.64bits_dstoffset_cmdcopyquerypoolresults_point_list	Pass	Pass
dEQP-VK.query_pool.statistics_query.reset_after_copy.geometry_shader_primitives.secondary.64bits_dstoffset_cmdcopyquerypoolresults_triangle_strip_with_adjacency	Pass	Pass
dEQP-VK.query_pool.statistics_query.reset_after_copy.geometry_shader_primitives.secondary_inherited.32bits_dstoffset_cmdcopyquerypoolresults_line_strip	NotSupported	Inherited queries are not supported at vktQueryPoolStatisticsTests.cpp:5866
dEQP-VK.query_pool.statistics_query.reset_after_copy.geometry_shader_primitives.secondary_inherited.64bits_cmdcopyquerypoolresults_triangle_list_with_adjacency	NotSupported	Inherited queries are not supported at vktQueryPoolStatisticsTests.cpp:5866
dEQP-VK.query_pool.statistics_query.reset_after_copy.input_assembly_primitives.primary.32bits_cmdcopyquerypoolresults_line_list_clear_depth	Pass	Pass
dEQP-VK.query_pool.statistics_query.reset_after_copy.input_assembly_primitives.primary.32bits_cmdcopyquerypoolresults_line_strip_with_no_color_attachments_restart	Pass	Pass
dEQP-VK.query_pool.statistics_query.reset_after_copy.input_assembly_primitives.primary.32bits_cmdcopyquerypoolresults_triangle_list_clear_color	Pass	Pass
dEQP-VK.query_pool.statistics_query.reset_after_copy.input_assembly_primitives.primary.32bits_cmdcopyquerypoolresults_triangle_strip_with_no_color_attachments	Pass	Pass
dEQP-VK.query_pool.statistics_query.reset_after_copy.input_assembly_primitives.primary.32bits_dstoffset_cmdcopyquerypoolresults_line_strip_with_adjacency_clear_depth	Pass	Pass
dEQP-VK.query_pool.statistics_query.reset_after_copy.input_assembly_primitives.primary.32bits_dstoffset_cmdcopyquerypoolresults_triangle_fan_clear_depth	Pass	Pass
dEQP-VK.query_pool.statistics_query.reset_after_copy.input_assembly_primitives.primary.32bits_dstoffset_cmdcopyquerypoolresults_triangle_strip_with_adjacency_clear_color	Pass	Pass
dEQP-VK.query_pool.statistics_query.reset_after_copy.input_assembly_primitives.primary.64bits_cmdcopyquerypoolresults_line_strip_clear_color	Pass	Pass
dEQP-VK.query_pool.statistics_query.reset_after_copy.input_assembly_primitives.primary.64bits_cmdcopyquerypoolresults_point_list_clear_depth	Pass	Pass
dEQP-VK.query_pool.statistics_query.reset_after_copy.input_assembly_primitives.primary.64bits_cmdcopyquerypoolresults_triangle_strip	Pass	Pass
dEQP-VK.query_pool.statistics_query.reset_after_copy.input_assembly_primitives.primary.64bits_dstoffset_cmdcopyquerypoolresults_line_list_with_adjacency_clear_depth	Pass	Pass
dEQP-VK.query_pool.statistics_query.reset_after_copy.input_assembly_primitives.primary.64bits_dstoffset_cmdcopyquerypoolresults_patch_list_v28_p3_clear_depth	Fail	Result image doesn't match expected image.
dEQP-VK.query_pool.statistics_query.reset_after_copy.input_assembly_primitives.primary.64bits_dstoffset_cmdcopyquerypoolresults_triangle_list_with_adjacency_clear_color	Pass	Pass
dEQP-VK.query_pool.statistics_query.reset_after_copy.input_assembly_primitives.secondary.32bits_cmdcopyquerypoolresults_line_list_clear_color	Pass	Pass
dEQP-VK.query_pool.statistics_query.reset_after_copy.input_assembly_primitives.secondary.32bits_cmdcopyquerypoolresults_point_list_clear_color	Pass	Pass
dEQP-VK.query_pool.statistics_query.reset_after_copy.input_assembly_primitives.secondary.32bits_cmdcopyquerypoolresults_triangle_strip_with_adjacency_clear_color	Pass	Pass
dEQP-VK.query_pool.statistics_query.reset_after_copy.input_assembly_primitives.secondary.32bits_dstoffset_cmdcopyquerypoolresults_patch_list_v28_p3_clear_color	Fail	Result image doesn't match expected image.
dEQP-VK.query_pool.statistics_query.reset_after_copy.input_assembly_primitives.secondary.32bits_dstoffset_cmdcopyquerypoolresults_triangle_strip_clear_color	Pass	Pass
dEQP-VK.query_pool.statistics_query.reset_after_copy.input_assembly_primitives.secondary.64bits_cmdcopyquerypoolresults_line_strip_with_adjacency_clear_color	Pass	Pass
dEQP-VK.query_pool.statistics_query.reset_after_copy.input_assembly_primitives.secondary.64bits_cmdcopyquerypoolresults_triangle_list_with_adjacency_clear_color	Pass	Pass
dEQP-VK.query_pool.statistics_query.reset_after_copy.input_assembly_primitives.secondary.64bits_dstoffset_cmdcopyquerypoolresults_line_strip_clear_color	Pass	Pass
dEQP-VK.query_pool.statistics_query.reset_after_copy.input_assembly_primitives.secondary.64bits_dstoffset_cmdcopyquerypoolresults_triangle_list_clear_color	Pass	Pass
dEQP-VK.query_pool.statistics_query.reset_after_copy.input_assembly_primitives.secondary_inherited.32bits_cmdcopyquerypoolresults_line_strip_with_adjacency	NotSupported	Inherited queries are not supported at vktQueryPoolStatisticsTests.cpp:5866
dEQP-VK.query_pool.statistics_query.reset_after_copy.input_assembly_primitives.secondary_inherited.32bits_dstoffset_cmdcopyquerypoolresults_line_strip_restart	NotSupported	Inherited queries are not supported at vktQueryPoolStatisticsTests.cpp:5866
dEQP-VK.query_pool.statistics_query.reset_after_copy.input_assembly_primitives.secondary_inherited.64bits_cmdcopyquerypoolresults_line_strip	NotSupported	Inherited queries are not supported at vktQueryPoolStatisticsTests.cpp:5866
dEQP-VK.query_pool.statistics_query.reset_after_copy.input_assembly_primitives.secondary_inherited.64bits_dstoffset_cmdcopyquerypoolresults_line_list_with_adjacency	NotSupported	Inherited queries are not supported at vktQueryPoolStatisticsTests.cpp:5866
dEQP-VK.query_pool.statistics_query.reset_after_copy.input_assembly_vertices.32bits_cmdcopyquerypoolresults_primary	Pass	Pass
dEQP-VK.query_pool.statistics_query.reset_after_copy.input_assembly_vertices.32bits_cmdcopyquerypoolresults_secondary_inherited_line_strip_with_adjacency_restart	NotSupported	Inherited queries are not supported at vktQueryPoolStatisticsTests.cpp:5866
dEQP-VK.query_pool.statistics_query.reset_after_copy.input_assembly_vertices.32bits_dstoffset_cmdcopyquerypoolresults_primary_triangle_strip_restart	Pass	Pass
dEQP-VK.query_pool.statistics_query.reset_after_copy.input_assembly_vertices.32bits_dstoffset_cmdcopyquerypoolresults_secondary_triangle_strip_restart	Pass	Pass
dEQP-VK.query_pool.statistics_query.reset_after_copy.input_assembly_vertices.64bits_cmdcopyquerypoolresults_secondary_inherited_line_strip_restart	NotSupported	Inherited queries are not supported at vktQueryPoolStatisticsTests.cpp:5866
dEQP-VK.query_pool.statistics_query.reset_after_copy.input_assembly_vertices.64bits_dstoffset_cmdcopyquerypoolresults_primary_triangle_fan_restart	Pass	Pass
dEQP-VK.query_pool.statistics_query.reset_after_copy.input_assembly_vertices.64bits_dstoffset_cmdcopyquerypoolresults_secondary_triangle_fan_restart	Pass	Pass
dEQP-VK.query_pool.statistics_query.reset_after_copy.tes_control_patches.32bits_dstoffset_cmdcopyquerypoolresults_tes_control_patches_secondary_clear_color	Fail	Result image doesn't match expected image.
dEQP-VK.query_pool.statistics_query.reset_after_copy.tes_control_patches.64bits_dstoffset_cmdcopyquerypoolresults_tes_control_patches_secondary	Fail	Result image doesn't match expected image.
dEQP-VK.query_pool.statistics_query.reset_after_copy.tes_evaluation_shader_invocations.32bits_dstoffset_cmdcopyquerypoolresults_tes_evaluation_shader_invocations_clear_color	Fail	Result image doesn't match expected image.
dEQP-VK.query_pool.statistics_query.reset_after_copy.tes_evaluation_shader_invocations.64bits_dstoffset_cmdcopyquerypoolresults_tes_evaluation_shader_invocations	Fail	Result image doesn't match expected image.
dEQP-VK.query_pool.statistics_query.reset_after_copy.vertex_shader_invocations.primary.32bits_cmdcopyquerypoolresults_line_list_with_no_color_attachments	Pass	Pass
dEQP-VK.query_pool.statistics_query.reset_after_copy.vertex_shader_invocations.primary.32bits_cmdcopyquerypoolresults_triangle_fan_clear_depth	Pass	Pass
dEQP-VK.query_pool.statistics_query.reset_after_copy.vertex_shader_invocations.primary.32bits_cmdcopyquerypoolresults_triangle_strip_with_adjacency_clear_depth	Pass	Pass
dEQP-VK.query_pool.statistics_query.reset_after_copy.vertex_shader_invocations.primary.32bits_dstoffset_cmdcopyquerypoolresults_line_strip_with_adjacency_clear_color	Pass	Pass
dEQP-VK.query_pool.statistics_query.reset_after_copy.vertex_shader_invocations.primary.32bits_dstoffset_cmdcopyquerypoolresults_triangle_list_with_adjacency	Pass	Pass
dEQP-VK.query_pool.statistics_query.reset_after_copy.vertex_shader_invocations.primary.64bits_cmdcopyquerypoolresults_line_list_clear_depth	Pass	Pass
dEQP-VK.query_pool.statistics_query.reset_after_copy.vertex_shader_invocations.primary.64bits_cmdcopyquerypoolresults_point_list	Pass	Pass
dEQP-VK.query_pool.statistics_query.reset_after_copy.vertex_shader_invocations.primary.64bits_cmdcopyquerypoolresults_triangle_list_with_no_color_attachments	Pass	Pass
dEQP-VK.query_pool.statistics_query.reset_after_copy.vertex_shader_invocations.primary.64bits_dstoffset_cmdcopyquerypoolresults_line_list_with_adjacency_with_no_color_attachments	Pass	Pass
dEQP-VK.query_pool.statistics_query.reset_after_copy.vertex_shader_invocations.primary.64bits_dstoffset_cmdcopyquerypoolresults_triangle_fan_clear_color	Pass	Pass
dEQP-VK.query_pool.statistics_query.reset_after_copy.vertex_shader_invocations.primary.64bits_dstoffset_cmdcopyquerypoolresults_triangle_strip_with_adjacency_clear_color	Pass	Pass
dEQP-VK.query_pool.statistics_query.reset_after_copy.vertex_shader_invocations.secondary.32bits_cmdcopyquerypoolresults_line_strip_with_adjacency_clear_depth	Pass	Pass
dEQP-VK.query_pool.statistics_query.reset_after_copy.vertex_shader_invocations.secondary.32bits_cmdcopyquerypoolresults_triangle_strip_clear_depth	Pass	Pass
dEQP-VK.query_pool.statistics_query.reset_after_copy.vertex_shader_invocations.secondary.32bits_dstoffset_cmdcopyquerypoolresults_line_strip_with_adjacency_clear_depth	Pass	Pass
dEQP-VK.query_pool.statistics_query.reset_after_copy.vertex_shader_invocations.secondary.32bits_dstoffset_cmdcopyquerypoolresults_triangle_strip_clear_depth	Pass	Pass
dEQP-VK.query_pool.statistics_query.reset_after_copy.vertex_shader_invocations.secondary.64bits_cmdcopyquerypoolresults_line_strip_with_adjacency_clear_depth	Pass	Pass
dEQP-VK.query_pool.statistics_query.reset_after_copy.vertex_shader_invocations.secondary.64bits_cmdcopyquerypoolresults_triangle_strip_clear_depth	Pass	Pass
dEQP-VK.query_pool.statistics_query.reset_after_copy.vertex_shader_invocations.secondary.64bits_dstoffset_cmdcopyquerypoolresults_line_strip_with_adjacency_clear_depth	Pass	Pass
dEQP-VK.query_pool.statistics_query.reset_after_copy.vertex_shader_invocations.secondary.64bits_dstoffset_cmdcopyquerypoolresults_triangle_strip_clear_depth	Pass	Pass
dEQP-VK.query_pool.statistics_query.reset_after_copy.vertex_shader_invocations.secondary_inherited.32bits_dstoffset_cmdcopyquerypoolresults_line_list_with_adjacency	NotSupported	Inherited queries are not supported at vktQueryPoolStatisticsTests.cpp:5866
dEQP-VK.query_pool.statistics_query.reset_after_copy.vertex_shader_invocations.secondary_inherited.64bits_cmdcopyquerypoolresults_triangle_list	NotSupported	Inherited queries are not supported at vktQueryPoolStatisticsTests.cpp:5866
dEQP-VK.query_pool.statistics_query.reset_before_copy.clipping_invocations.primary.32bits_cmdcopyquerypoolresults_line_list_clear_color_geometry	Pass	Pass
dEQP-VK.query_pool.statistics_query.reset_before_copy.clipping_invocations.primary.32bits_cmdcopyquerypoolresults_line_list_with_no_color_attachments_vertex	Pass	Pass
dEQP-VK.query_pool.statistics_query.reset_before_copy.clipping_invocations.primary.32bits_cmdcopyquerypoolresults_line_strip_with_no_color_attachments_geometry	Pass	Pass
dEQP-VK.query_pool.statistics_query.reset_before_copy.clipping_invocations.primary.32bits_cmdcopyquerypoolresults_point_list_vertex	Pass	Pass
dEQP-VK.query_pool.statistics_query.reset_before_copy.clipping_invocations.primary.32bits_cmdcopyquerypoolresults_triangle_list_geometry	Pass	Pass
dEQP-VK.query_pool.statistics_query.reset_before_copy.clipping_invocations.primary.32bits_cmdcopyquerypoolresults_triangle_strip_clear_depth_vertex	Pass	Pass
dEQP-VK.query_pool.statistics_query.reset_before_copy.clipping_invocations.primary.32bits_dstoffset_cmdcopyquerypoolresults_line_list_clear_depth_geometry	Pass	Pass
dEQP-VK.query_pool.statistics_query.reset_before_copy.clipping_invocations.primary.32bits_dstoffset_cmdcopyquerypoolresults_line_strip_clear_color_vertex	Pass	Pass
dEQP-VK.query_pool.statistics_query.reset_before_copy.clipping_invocations.primary.32bits_dstoffset_cmdcopyquerypoolresults_patch_list_clear_color_tessellation	Pass	Pass
dEQP-VK.query_pool.statistics_query.reset_before_copy.clipping_invocations.primary.32bits_dstoffset_cmdcopyquerypoolresults_point_list_with_no_color_attachments_vertex	Pass	Pass
dEQP-VK.query_pool.statistics_query.reset_before_copy.clipping_invocations.primary.32bits_dstoffset_cmdcopyquerypoolresults_triangle_list_with_adjacency_clear_color_geometry	Pass	Pass
dEQP-VK.query_pool.statistics_query.reset_before_copy.clipping_invocations.primary.32bits_dstoffset_cmdcopyquerypoolresults_triangle_strip_vertex	Pass	Pass
dEQP-VK.query_pool.statistics_query.reset_before_copy.clipping_invocations.primary.32bits_line_list_geometry	Pass	Pass
dEQP-VK.query_pool.statistics_query.reset_before_copy.clipping_invocations.primary.32bits_line_strip_clear_depth_vertex	Pass	Pass
dEQP-VK.query_pool.statistics_query.reset_before_copy.clipping_invocations.primary.32bits_patch_list_clear_depth_tessellation	Pass	Pass
dEQP-VK.query_pool.statistics_query.reset_before_copy.clipping_invocations.primary.32bits_triangle_fan_clear_color_vertex	Pass	Pass
dEQP-VK.query_pool.statistics_query.reset_before_copy.clipping_invocations.primary.32bits_triangle_list_with_adjacency_clear_depth_geometry	Pass	Pass
dEQP-VK.query_pool.statistics_query.reset_before_copy.clipping_invocations.primary.32bits_triangle_strip_with_adjacency_clear_color_vertex	Pass	Pass
dEQP-VK.query_pool.statistics_query.reset_before_copy.clipping_invocations.primary.64bits_cmdcopyquerypoolresults_line_list_with_adjacency_clear_color_geometry	Pass	Pass
dEQP-VK.query_pool.statistics_query.reset_before_copy.clipping_invocations.primary.64bits_cmdcopyquerypoolresults_line_strip_vertex	Pass	Pass
dEQP-VK.query_pool.statistics_query.reset_before_copy.clipping_invocations.primary.64bits_cmdcopyquerypoolresults_patch_list_tessellation	Pass	Pass
dEQP-VK.query_pool.statistics_query.reset_before_copy.clipping_invocations.primary.64bits_cmdcopyquerypoolresults_triangle_fan_clear_depth_vertex	Pass	Pass
dEQP-VK.query_pool.statistics_query.reset_before_copy.clipping_invocations.primary.64bits_cmdcopyquerypoolresults_triangle_list_with_adjacency_geometry	Pass	Pass
dEQP-VK.query_pool.statistics_query.reset_before_copy.clipping_invocations.primary.64bits_cmdcopyquerypoolresults_triangle_strip_with_adjacency_clear_depth_vertex	Pass	Pass
dEQP-VK.query_pool.statistics_query.reset_before_copy.clipping_invocations.primary.64bits_dstoffset_cmdcopyquerypoolresults_line_list_with_adjacency_clear_depth_geometry	Pass	Pass
dEQP-VK.query_pool.statistics_query.reset_before_copy.clipping_invocations.primary.64bits_dstoffset_cmdcopyquerypoolresults_line_strip_with_adjacency_clear_color_vertex	Pass	Pass
dEQP-VK.query_pool.statistics_query.reset_before_copy.clipping_invocations.primary.64bits_dstoffset_cmdcopyquerypoolresults_patch_list_with_no_color_attachments_tessellation	Pass	Pass
dEQP-VK.query_pool.statistics_query.reset_before_copy.clipping_invocations.primary.64bits_dstoffset_cmdcopyquerypoolresults_triangle_fan_vertex	Pass	Pass
dEQP-VK.query_pool.statistics_query.reset_before_copy.clipping_invocations.primary.64bits_dstoffset_cmdcopyquerypoolresults_triangle_list_with_adjacency_with_no_color_attachments_geometry	Pass	Pass
dEQP-VK.query_pool.statistics_query.reset_before_copy.clipping_invocations.primary.64bits_dstoffset_cmdcopyquerypoolresults_triangle_strip_with_adjacency_vertex	Pass	Pass
dEQP-VK.query_pool.statistics_query.reset_before_copy.clipping_invocations.primary.64bits_line_list_with_adjacency_geometry	Pass	Pass
dEQP-VK.query_pool.statistics_query.reset_before_copy.clipping_invocations.primary.64bits_line_strip_with_adjacency_clear_depth_vertex	Pass	Pass
dEQP-VK.query_pool.statistics_query.reset_before_copy.clipping_invocations.primary.64bits_point_list_clear_color_geometry	Pass	Pass
dEQP-VK.query_pool.statistics_query.reset_before_copy.clipping_invocations.primary.64bits_triangle_fan_with_no_color_attachments_vertex	Pass	Pass
dEQP-VK.query_pool.statistics_query.reset_before_copy.clipping_invocations.primary.64bits_triangle_list_with_no_color_attachments_geometry	Pass	Pass
dEQP-VK.query_pool.statistics_query.reset_before_copy.clipping_invocations.primary.64bits_triangle_strip_with_adjacency_with_no_color_attachments_vertex	Pass	Pass
dEQP-VK.query_pool.statistics_query.reset_before_copy.clipping_invocations.secondary.32bits_cmdcopyquerypoolresults_line_strip_clear_color_geometry	Pass	Pass
dEQP-VK.query_pool.statistics_query.reset_before_copy.clipping_invocations.secondary.32bits_cmdcopyquerypoolresults_patch_list_clear_depth_tessellation_geometry	Fail	Result image doesn't match expected image
dEQP-VK.query_pool.statistics_query.reset_before_copy.clipping_invocations.secondary.32bits_cmdcopyquerypoolresults_triangle_list_clear_color_geometry	Pass	Pass
dEQP-VK.query_pool.statistics_query.reset_before_copy.clipping_invocations.secondary.32bits_cmdcopyquerypoolresults_triangle_strip_clear_depth_vertex	Pass	Pass
dEQP-VK.query_pool.statistics_query.reset_before_copy.clipping_invocations.secondary.32bits_dstoffset_cmdcopyquerypoolresults_line_list_with_adjacency_clear_color_geometry	Pass	Pass
dEQP-VK.query_pool.statistics_query.reset_before_copy.clipping_invocations.secondary.32bits_dstoffset_cmdcopyquerypoolresults_line_strip_with_adjacency_clear_depth_vertex	Pass	Pass
dEQP-VK.query_pool.statistics_query.reset_before_copy.clipping_invocations.secondary.32bits_dstoffset_cmdcopyquerypoolresults_triangle_fan_clear_color_geometry	Pass	Pass
dEQP-VK.query_pool.statistics_query.reset_before_copy.clipping_invocations.secondary.32bits_dstoffset_cmdcopyquerypoolresults_triangle_list_with_adjacency_clear_depth_vertex	Pass	Pass
dEQP-VK.query_pool.statistics_query.reset_before_copy.clipping_invocations.secondary.32bits_line_list_clear_color_geometry	Pass	Pass
dEQP-VK.query_pool.statistics_query.reset_before_copy.clipping_invocations.secondary.32bits_line_strip_clear_depth_vertex	Pass	Pass
dEQP-VK.query_pool.statistics_query.reset_before_copy.clipping_invocations.secondary.32bits_point_list_clear_color_geometry	Pass	Pass
dEQP-VK.query_pool.statistics_query.reset_before_copy.clipping_invocations.secondary.32bits_triangle_list_clear_depth_vertex	Pass	Pass
dEQP-VK.query_pool.statistics_query.reset_before_copy.clipping_invocations.secondary.32bits_triangle_strip_with_adjacency_clear_color_geometry	Pass	Pass
dEQP-VK.query_pool.statistics_query.reset_before_copy.clipping_invocations.secondary.64bits_cmdcopyquerypoolresults_line_list_with_adjacency_clear_depth_vertex	Pass	Pass
dEQP-VK.query_pool.statistics_query.reset_before_copy.clipping_invocations.secondary.64bits_cmdcopyquerypoolresults_patch_list_clear_color_tessellation	Fail	Result image doesn't match expected image
dEQP-VK.query_pool.statistics_query.reset_before_copy.clipping_invocations.secondary.64bits_cmdcopyquerypoolresults_triangle_fan_clear_depth_vertex	Pass	Pass
dEQP-VK.query_pool.statistics_query.reset_before_copy.clipping_invocations.secondary.64bits_cmdcopyquerypoolresults_triangle_strip_clear_color_geometry	Pass	Pass
dEQP-VK.query_pool.statistics_query.reset_before_copy.clipping_invocations.secondary.64bits_dstoffset_cmdcopyquerypoolresults_line_list_clear_depth_vertex	Pass	Pass
dEQP-VK.query_pool.statistics_query.reset_before_copy.clipping_invocations.secondary.64bits_dstoffset_cmdcopyquerypoolresults_line_strip_with_adjacency_clear_color_geometry	Pass	Pass
dEQP-VK.query_pool.statistics_query.reset_before_copy.clipping_invocations.secondary.64bits_dstoffset_cmdcopyquerypoolresults_point_list_clear_depth_vertex	Pass	Pass
dEQP-VK.query_pool.statistics_query.reset_before_copy.clipping_invocations.secondary.64bits_dstoffset_cmdcopyquerypoolresults_triangle_list_with_adjacency_clear_color_geometry	Pass	Pass
dEQP-VK.query_pool.statistics_query.reset_before_copy.clipping_invocations.secondary.64bits_dstoffset_cmdcopyquerypoolresults_triangle_strip_with_adjacency_clear_depth_vertex	Pass	Pass
dEQP-VK.query_pool.statistics_query.reset_before_copy.clipping_invocations.secondary.64bits_line_strip_clear_color_geometry	Pass	Pass
dEQP-VK.query_pool.statistics_query.reset_before_copy.clipping_invocations.secondary.64bits_patch_list_clear_depth_tessellation_geometry	Fail	Result image doesn't match expected image
dEQP-VK.query_pool.statistics_query.reset_before_copy.clipping_invocations.secondary.64bits_triangle_list_clear_color_geometry	Pass	Pass
dEQP-VK.query_pool.statistics_query.reset_before_copy.clipping_invocations.secondary.64bits_triangle_strip_clear_depth_vertex	Pass	Pass
dEQP-VK.query_pool.statistics_query.reset_before_copy.clipping_invocations.secondary_inherited.32bits_cmdcopyquerypoolresults_line_strip_with_adjacency_geometry	NotSupported	Inherited queries are not supported at vktQueryPoolStatisticsTests.cpp:5866
dEQP-VK.query_pool.statistics_query.reset_before_copy.clipping_invocations.secondary_inherited.32bits_cmdcopyquerypoolresults_triangle_strip_with_adjacency_vertex	NotSupported	Inherited queries are not supported at vktQueryPoolStatisticsTests.cpp:5866
dEQP-VK.query_pool.statistics_query.reset_before_copy.clipping_invocations.secondary_inherited.32bits_dstoffset_cmdcopyquerypoolresults_triangle_list_geometry	NotSupported	Inherited queries are not supported at vktQueryPoolStatisticsTests.cpp:5866
dEQP-VK.query_pool.statistics_query.reset_before_copy.clipping_invocations.secondary_inherited.32bits_line_strip_with_adjacency_vertex	NotSupported	Inherited queries are not supported at vktQueryPoolStatisticsTests.cpp:5866
dEQP-VK.query_pool.statistics_query.reset_before_copy.clipping_invocations.secondary_inherited.64bits_cmdcopyquerypoolresults_line_list_geometry	NotSupported	Inherited queries are not supported at vktQueryPoolStatisticsTests.cpp:5866
dEQP-VK.query_pool.statistics_query.reset_before_copy.clipping_invocations.secondary_inherited.64bits_cmdcopyquerypoolresults_triangle_list_vertex	NotSupported	Inherited queries are not supported at vktQueryPoolStatisticsTests.cpp:5866
dEQP-VK.query_pool.statistics_query.reset_before_copy.clipping_invocations.secondary_inherited.64bits_dstoffset_cmdcopyquerypoolresults_patch_list_tessellation	NotSupported	Inherited queries are not supported at vktQueryPoolStatisticsTests.cpp:5866
dEQP-VK.query_pool.statistics_query.reset_before_copy.clipping_invocations.secondary_inherited.64bits_line_list_vertex	NotSupported	Inherited queries are not supported at vktQueryPoolStatisticsTests.cpp:5866
dEQP-VK.query_pool.statistics_query.reset_before_copy.clipping_invocations.secondary_inherited.64bits_triangle_list_with_adjacency_geometry	NotSupported	Inherited queries are not supported at vktQueryPoolStatisticsTests.cpp:5866
dEQP-VK.query_pool.statistics_query.reset_before_copy.clipping_primitives.primary.32bits_cmdcopyquerypoolresults_line_list_with_adjacency_clear_depth_vertex	Pass	Pass
dEQP-VK.query_pool.statistics_query.reset_before_copy.clipping_primitives.primary.32bits_cmdcopyquerypoolresults_line_strip_with_adjacency_clear_depth_geometry	Pass	Pass
dEQP-VK.query_pool.statistics_query.reset_before_copy.clipping_primitives.primary.32bits_cmdcopyquerypoolresults_patch_list_with_no_color_attachments_tessellation_geometry	Pass	Pass
dEQP-VK.query_pool.statistics_query.reset_before_copy.clipping_primitives.primary.32bits_cmdcopyquerypoolresults_triangle_fan_with_no_color_attachments_geometry	Pass	Pass
dEQP-VK.query_pool.statistics_query.reset_before_copy.clipping_primitives.primary.32bits_cmdcopyquerypoolresults_triangle_list_with_adjacency_with_no_color_attachments_vertex	Pass	Pass
dEQP-VK.query_pool.statistics_query.reset_before_copy.clipping_primitives.primary.32bits_cmdcopyquerypoolresults_triangle_strip_with_adjacency_with_no_color_attachments_geometry	Pass	Pass
dEQP-VK.query_pool.statistics_query.reset_before_copy.clipping_primitives.primary.32bits_dstoffset_cmdcopyquerypoolresults_line_list_with_adjacency_vertex	Pass	Pass
dEQP-VK.query_pool.statistics_query.reset_before_copy.clipping_primitives.primary.32bits_dstoffset_cmdcopyquerypoolresults_line_strip_with_adjacency_geometry	Pass	Pass
dEQP-VK.query_pool.statistics_query.reset_before_copy.clipping_primitives.primary.32bits_dstoffset_cmdcopyquerypoolresults_point_list_clear_color_vertex	Pass	Pass
dEQP-VK.query_pool.statistics_query.reset_before_copy.clipping_primitives.primary.32bits_dstoffset_cmdcopyquerypoolresults_triangle_list_clear_color_geometry	Pass	Pass
dEQP-VK.query_pool.statistics_query.reset_before_copy.clipping_primitives.primary.32bits_dstoffset_cmdcopyquerypoolresults_triangle_list_with_no_color_attachments_vertex	Pass	Pass
dEQP-VK.query_pool.statistics_query.reset_before_copy.clipping_primitives.primary.32bits_dstoffset_cmdcopyquerypoolresults_triangle_strip_with_no_color_attachments_geometry	Pass	Pass
dEQP-VK.query_pool.statistics_query.reset_before_copy.clipping_primitives.primary.32bits_line_list_with_adjacency_with_no_color_attachments_vertex	Pass	Pass
dEQP-VK.query_pool.statistics_query.reset_before_copy.clipping_primitives.primary.32bits_line_strip_with_adjacency_with_no_color_attachments_geometry	Pass	Pass
dEQP-VK.query_pool.statistics_query.reset_before_copy.clipping_primitives.primary.32bits_point_list_clear_depth_vertex	Pass	Pass
dEQP-VK.query_pool.statistics_query.reset_before_copy.clipping_primitives.primary.32bits_triangle_list_clear_depth_geometry	Pass	Pass
dEQP-VK.query_pool.statistics_query.reset_before_copy.clipping_primitives.primary.32bits_triangle_strip_clear_color_vertex	Pass	Pass
dEQP-VK.query_pool.statistics_query.reset_before_copy.clipping_primitives.primary.64bits_cmdcopyquerypoolresults_line_list_clear_color_geometry	Pass	Pass
dEQP-VK.query_pool.statistics_query.reset_before_copy.clipping_primitives.primary.64bits_cmdcopyquerypoolresults_line_list_with_no_color_attachments_vertex	Pass	Pass
dEQP-VK.query_pool.statistics_query.reset_before_copy.clipping_primitives.primary.64bits_cmdcopyquerypoolresults_line_strip_with_no_color_attachments_geometry	Pass	Pass
dEQP-VK.query_pool.statistics_query.reset_before_copy.clipping_primitives.primary.64bits_cmdcopyquerypoolresults_point_list_vertex	Pass	Pass
dEQP-VK.query_pool.statistics_query.reset_before_copy.clipping_primitives.primary.64bits_cmdcopyquerypoolresults_triangle_list_geometry	Pass	Pass
dEQP-VK.query_pool.statistics_query.reset_before_copy.clipping_primitives.primary.64bits_cmdcopyquerypoolresults_triangle_strip_clear_depth_vertex	Pass	Pass
dEQP-VK.query_pool.statistics_query.reset_before_copy.clipping_primitives.primary.64bits_dstoffset_cmdcopyquerypoolresults_line_list_clear_depth_geometry	Pass	Pass
dEQP-VK.query_pool.statistics_query.reset_before_copy.clipping_primitives.primary.64bits_dstoffset_cmdcopyquerypoolresults_line_strip_clear_color_vertex	Pass	Pass
dEQP-VK.query_pool.statistics_query.reset_before_copy.clipping_primitives.primary.64bits_dstoffset_cmdcopyquerypoolresults_patch_list_clear_color_tessellation	Pass	Pass
dEQP-VK.query_pool.statistics_query.reset_before_copy.clipping_primitives.primary.64bits_dstoffset_cmdcopyquerypoolresults_point_list_with_no_color_attachments_vertex	Pass	Pass
dEQP-VK.query_pool.statistics_query.reset_before_copy.clipping_primitives.primary.64bits_dstoffset_cmdcopyquerypoolresults_triangle_list_with_adjacency_clear_color_geometry	Pass	Pass
dEQP-VK.query_pool.statistics_query.reset_before_copy.clipping_primitives.primary.64bits_dstoffset_cmdcopyquerypoolresults_triangle_strip_vertex	Pass	Pass
dEQP-VK.query_pool.statistics_query.reset_before_copy.clipping_primitives.primary.64bits_line_list_geometry	Pass	Pass
dEQP-VK.query_pool.statistics_query.reset_before_copy.clipping_primitives.primary.64bits_line_strip_clear_depth_vertex	Pass	Pass
dEQP-VK.query_pool.statistics_query.reset_before_copy.clipping_primitives.primary.64bits_patch_list_clear_depth_tessellation	Pass	Pass
dEQP-VK.query_pool.statistics_query.reset_before_copy.clipping_primitives.primary.64bits_triangle_fan_clear_color_vertex	Pass	Pass
dEQP-VK.query_pool.statistics_query.reset_before_copy.clipping_primitives.primary.64bits_triangle_list_with_adjacency_clear_depth_geometry	Pass	Pass
dEQP-VK.query_pool.statistics_query.reset_before_copy.clipping_primitives.primary.64bits_triangle_strip_with_adjacency_clear_color_vertex	Pass	Pass
dEQP-VK.query_pool.statistics_query.reset_before_copy.clipping_primitives.secondary.32bits_cmdcopyquerypoolresults_line_list_with_adjacency_clear_color_geometry	Pass	Pass
dEQP-VK.query_pool.statistics_query.reset_before_copy.clipping_primitives.secondary.32bits_cmdcopyquerypoolresults_line_strip_with_adjacency_clear_depth_vertex	Pass	Pass
dEQP-VK.query_pool.statistics_query.reset_before_copy.clipping_primitives.secondary.32bits_cmdcopyquerypoolresults_triangle_fan_clear_color_geometry	Pass	Pass
dEQP-VK.query_pool.statistics_query.reset_before_copy.clipping_primitives.secondary.32bits_cmdcopyquerypoolresults_triangle_list_with_adjacency_clear_depth_vertex	Pass	Pass
dEQP-VK.query_pool.statistics_query.reset_before_copy.clipping_primitives.secondary.32bits_dstoffset_cmdcopyquerypoolresults_line_list_clear_color_geometry	Pass	Pass
dEQP-VK.query_pool.statistics_query.reset_before_copy.clipping_primitives.secondary.32bits_dstoffset_cmdcopyquerypoolresults_line_strip_clear_depth_vertex	Pass	Pass
dEQP-VK.query_pool.statistics_query.reset_before_copy.clipping_primitives.secondary.32bits_dstoffset_cmdcopyquerypoolresults_point_list_clear_color_geometry	Pass	Pass
dEQP-VK.query_pool.statistics_query.reset_before_copy.clipping_primitives.secondary.32bits_dstoffset_cmdcopyquerypoolresults_triangle_list_clear_depth_vertex	Pass	Pass
dEQP-VK.query_pool.statistics_query.reset_before_copy.clipping_primitives.secondary.32bits_dstoffset_cmdcopyquerypoolresults_triangle_strip_with_adjacency_clear_color_geometry	Pass	Pass
dEQP-VK.query_pool.statistics_query.reset_before_copy.clipping_primitives.secondary.32bits_line_list_with_adjacency_clear_depth_vertex	Pass	Pass
dEQP-VK.query_pool.statistics_query.reset_before_copy.clipping_primitives.secondary.32bits_patch_list_clear_color_tessellation	Fail	Result image doesn't match expected image
dEQP-VK.query_pool.statistics_query.reset_before_copy.clipping_primitives.secondary.32bits_triangle_fan_clear_depth_vertex	Pass	Pass
dEQP-VK.query_pool.statistics_query.reset_before_copy.clipping_primitives.secondary.32bits_triangle_strip_clear_color_geometry	Pass	Pass
dEQP-VK.query_pool.statistics_query.reset_before_copy.clipping_primitives.secondary.64bits_cmdcopyquerypoolresults_line_list_clear_depth_vertex	Pass	Pass
dEQP-VK.query_pool.statistics_query.reset_before_copy.clipping_primitives.secondary.64bits_cmdcopyquerypoolresults_line_strip_with_adjacency_clear_color_geometry	Pass	Pass
dEQP-VK.query_pool.statistics_query.reset_before_copy.clipping_primitives.secondary.64bits_cmdcopyquerypoolresults_point_list_clear_depth_vertex	Pass	Pass
dEQP-VK.query_pool.statistics_query.reset_before_copy.clipping_primitives.secondary.64bits_cmdcopyquerypoolresults_triangle_list_with_adjacency_clear_color_geometry	Pass	Pass
dEQP-VK.query_pool.statistics_query.reset_before_copy.clipping_primitives.secondary.64bits_cmdcopyquerypoolresults_triangle_strip_with_adjacency_clear_depth_vertex	Pass	Pass
dEQP-VK.query_pool.statistics_query.reset_before_copy.clipping_primitives.secondary.64bits_dstoffset_cmdcopyquerypoolresults_line_strip_clear_color_geometry	Pass	Pass
dEQP-VK.query_pool.statistics_query.reset_before_copy.clipping_primitives.secondary.64bits_dstoffset_cmdcopyquerypoolresults_patch_list_clear_depth_tessellation_geometry	Fail	Result image doesn't match expected image
dEQP-VK.query_pool.statistics_query.reset_before_copy.clipping_primitives.secondary.64bits_dstoffset_cmdcopyquerypoolresults_triangle_list_clear_color_geometry	Pass	Pass
dEQP-VK.query_pool.statistics_query.reset_before_copy.clipping_primitives.secondary.64bits_dstoffset_cmdcopyquerypoolresults_triangle_strip_clear_depth_vertex	Pass	Pass
dEQP-VK.query_pool.statistics_query.reset_before_copy.clipping_primitives.secondary.64bits_line_list_with_adjacency_clear_color_geometry	Pass	Pass
dEQP-VK.query_pool.statistics_query.reset_before_copy.clipping_primitives.secondary.64bits_line_strip_with_adjacency_clear_depth_vertex	Pass	Pass
dEQP-VK.query_pool.statistics_query.reset_before_copy.clipping_primitives.secondary.64bits_triangle_fan_clear_color_geometry	Pass	Pass
dEQP-VK.query_pool.statistics_query.reset_before_copy.clipping_primitives.secondary.64bits_triangle_list_with_adjacency_clear_depth_vertex	Pass	Pass
dEQP-VK.query_pool.statistics_query.reset_before_copy.clipping_primitives.secondary_inherited.32bits_cmdcopyquerypoolresults_line_list_geometry	NotSupported	Inherited queries are not supported at vktQueryPoolStatisticsTests.cpp:5866
dEQP-VK.query_pool.statistics_query.reset_before_copy.clipping_primitives.secondary_inherited.32bits_cmdcopyquerypoolresults_triangle_list_vertex	NotSupported	Inherited queries are not supported at vktQueryPoolStatisticsTests.cpp:5866
dEQP-VK.query_pool.statistics_query.reset_before_copy.clipping_primitives.secondary_inherited.32bits_dstoffset_cmdcopyquerypoolresults_patch_list_tessellation	NotSupported	Inherited queries are not supported at vktQueryPoolStatisticsTests.cpp:5866
dEQP-VK.query_pool.statistics_query.reset_before_copy.clipping_primitives.secondary_inherited.32bits_line_list_vertex	NotSupported	Inherited queries are not supported at vktQueryPoolStatisticsTests.cpp:5866
dEQP-VK.query_pool.statistics_query.reset_before_copy.clipping_primitives.secondary_inherited.32bits_triangle_list_with_adjacency_geometry	NotSupported	Inherited queries are not supported at vktQueryPoolStatisticsTests.cpp:5866
dEQP-VK.query_pool.statistics_query.reset_before_copy.clipping_primitives.secondary_inherited.64bits_cmdcopyquerypoolresults_patch_list_tessellation_geometry	NotSupported	Inherited queries are not supported at vktQueryPoolStatisticsTests.cpp:5866
dEQP-VK.query_pool.statistics_query.reset_before_copy.clipping_primitives.secondary_inherited.64bits_dstoffset_cmdcopyquerypoolresults_line_list_with_adjacency_geometry	NotSupported	Inherited queries are not supported at vktQueryPoolStatisticsTests.cpp:5866
dEQP-VK.query_pool.statistics_query.reset_before_copy.clipping_primitives.secondary_inherited.64bits_dstoffset_cmdcopyquerypoolresults_triangle_list_with_adjacency_vertex	NotSupported	Inherited queries are not supported at vktQueryPoolStatisticsTests.cpp:5866
dEQP-VK.query_pool.statistics_query.reset_before_copy.clipping_primitives.secondary_inherited.64bits_point_list_geometry	NotSupported	Inherited queries are not supported at vktQueryPoolStatisticsTests.cpp:5866
dEQP-VK.query_pool.statistics_query.reset_before_copy.compute_shader_invocations.32bits_cmdcopyquerypoolresults_secondary_cq	Pass	Pass
dEQP-VK.query_pool.statistics_query.reset_before_copy.compute_shader_invocations.64bits_cmdcopyquerypoolresults_primary	Pass	Pass
dEQP-VK.query_pool.statistics_query.reset_before_copy.compute_shader_invocations.64bits_secondary	Pass	Pass
dEQP-VK.query_pool.statistics_query.reset_before_copy.fragment_shader_invocations.primary.32bits_cmdcopyquerypoolresults_triangle_fan_with_no_color_attachments	Pass	Pass
dEQP-VK.query_pool.statistics_query.reset_before_copy.fragment_shader_invocations.primary.32bits_dstoffset_cmdcopyquerypoolresults_line_strip_with_adjacency_with_no_color_attachments	Pass	Pass
dEQP-VK.query_pool.statistics_query.reset_before_copy.fragment_shader_invocations.primary.32bits_line_list_with_adjacency	Pass	Pass
dEQP-VK.query_pool.statistics_query.reset_before_copy.fragment_shader_invocations.primary.32bits_triangle_strip	Pass	Pass
dEQP-VK.query_pool.statistics_query.reset_before_copy.fragment_shader_invocations.primary.64bits_cmdcopyquerypoolresults_triangle_fan_with_no_color_attachments	Pass	Pass
dEQP-VK.query_pool.statistics_query.reset_before_copy.fragment_shader_invocations.primary.64bits_dstoffset_cmdcopyquerypoolresults_line_strip_with_adjacency_with_no_color_attachments	Pass	Pass
dEQP-VK.query_pool.statistics_query.reset_before_copy.fragment_shader_invocations.primary.64bits_line_list_with_adjacency	Pass	Pass
dEQP-VK.query_pool.statistics_query.reset_before_copy.fragment_shader_invocations.primary.64bits_triangle_strip	Pass	Pass
dEQP-VK.query_pool.statistics_query.reset_before_copy.fragment_shader_invocations.secondary.32bits_dstoffset_cmdcopyquerypoolresults_line_list_with_adjacency	Pass	Pass
dEQP-VK.query_pool.statistics_query.reset_before_copy.fragment_shader_invocations.secondary.32bits_triangle_list	Pass	Pass
dEQP-VK.query_pool.statistics_query.reset_before_copy.fragment_shader_invocations.secondary.64bits_dstoffset_cmdcopyquerypoolresults_line_list_with_adjacency	Pass	Pass
dEQP-VK.query_pool.statistics_query.reset_before_copy.fragment_shader_invocations.secondary.64bits_triangle_list	Pass	Pass
dEQP-VK.query_pool.statistics_query.reset_before_copy.fragment_shader_invocations.secondary_inherited.32bits_dstoffset_cmdcopyquerypoolresults_line_list_with_adjacency	NotSupported	Inherited queries are not supported at vktQueryPoolStatisticsTests.cpp:5866
dEQP-VK.query_pool.statistics_query.reset_before_copy.fragment_shader_invocations.secondary_inherited.32bits_triangle_list	NotSupported	Inherited queries are not supported at vktQueryPoolStatisticsTests.cpp:5866
dEQP-VK.query_pool.statistics_query.reset_before_copy.fragment_shader_invocations.secondary_inherited.64bits_dstoffset_cmdcopyquerypoolresults_line_list_with_adjacency	NotSupported	Inherited queries are not supported at vktQueryPoolStatisticsTests.cpp:5866
dEQP-VK.query_pool.statistics_query.reset_before_copy.fragment_shader_invocations.secondary_inherited.64bits_triangle_list	NotSupported	Inherited queries are not supported at vktQueryPoolStatisticsTests.cpp:5866
dEQP-VK.query_pool.statistics_query.reset_before_copy.geometry_shader_invocations.primary.32bits_cmdcopyquerypoolresults_line_strip_with_adjacency	Pass	Pass
dEQP-VK.query_pool.statistics_query.reset_before_copy.geometry_shader_invocations.primary.32bits_cmdcopyquerypoolresults_triangle_list_clear_depth	Pass	Pass
dEQP-VK.query_pool.statistics_query.reset_before_copy.geometry_shader_invocations.primary.32bits_dstoffset_cmdcopyquerypoolresults_line_list_clear_color	Pass	Pass
dEQP-VK.query_pool.statistics_query.reset_before_copy.geometry_shader_invocations.primary.32bits_dstoffset_cmdcopyquerypoolresults_point_list	Pass	Pass
dEQP-VK.query_pool.statistics_query.reset_before_copy.geometry_shader_invocations.primary.32bits_dstoffset_cmdcopyquerypoolresults_triangle_list_with_no_color_attachments	Pass	Pass
dEQP-VK.query_pool.statistics_query.reset_before_copy.geometry_shader_invocations.primary.32bits_line_list_with_adjacency_with_no_color_attachments	Pass	Pass
dEQP-VK.query_pool.statistics_query.reset_before_copy.geometry_shader_invocations.primary.32bits_triangle_fan_clear_color	Pass	Pass
dEQP-VK.query_pool.statistics_query.reset_before_copy.geometry_shader_invocations.primary.32bits_triangle_strip_with_adjacency_clear_color	Pass	Pass
dEQP-VK.query_pool.statistics_query.reset_before_copy.geometry_shader_invocations.primary.64bits_cmdcopyquerypoolresults_line_strip_with_adjacency	Pass	Pass
dEQP-VK.query_pool.statistics_query.reset_before_copy.geometry_shader_invocations.primary.64bits_cmdcopyquerypoolresults_triangle_list_clear_depth	Pass	Pass
dEQP-VK.query_pool.statistics_query.reset_before_copy.geometry_shader_invocations.primary.64bits_dstoffset_cmdcopyquerypoolresults_line_list_clear_color	Pass	Pass
dEQP-VK.query_pool.statistics_query.reset_before_copy.geometry_shader_invocations.primary.64bits_dstoffset_cmdcopyquerypoolresults_point_list	Pass	Pass
dEQP-VK.query_pool.statistics_query.reset_before_copy.geometry_shader_invocations.primary.64bits_dstoffset_cmdcopyquerypoolresults_triangle_list_with_no_color_attachments	Pass	Pass
dEQP-VK.query_pool.statistics_query.reset_before_copy.geometry_shader_invocations.primary.64bits_line_list_with_adjacency_with_no_color_attachments	Pass	Pass
dEQP-VK.query_pool.statistics_query.reset_before_copy.geometry_shader_invocations.primary.64bits_triangle_fan_clear_color	Pass	Pass
dEQP-VK.query_pool.statistics_query.reset_before_copy.geometry_shader_invocations.primary.64bits_triangle_strip_with_adjacency_clear_color	Pass	Pass
dEQP-VK.query_pool.statistics_query.reset_before_copy.geometry_shader_invocations.secondary.32bits_cmdcopyquerypoolresults_line_strip_with_adjacency_clear_depth	Pass	Pass
dEQP-VK.query_pool.statistics_query.reset_before_copy.geometry_shader_invocations.secondary.32bits_cmdcopyquerypoolresults_triangle_strip_clear_depth	Pass	Pass
dEQP-VK.query_pool.statistics_query.reset_before_copy.geometry_shader_invocations.secondary.32bits_dstoffset_cmdcopyquerypoolresults_line_strip_with_adjacency_clear_depth	Pass	Pass
dEQP-VK.query_pool.statistics_query.reset_before_copy.geometry_shader_invocations.secondary.32bits_dstoffset_cmdcopyquerypoolresults_triangle_strip_clear_depth	Pass	Pass
dEQP-VK.query_pool.statistics_query.reset_before_copy.geometry_shader_invocations.secondary.32bits_line_strip_with_adjacency_clear_depth	Pass	Pass
dEQP-VK.query_pool.statistics_query.reset_before_copy.geometry_shader_invocations.secondary.32bits_triangle_strip_clear_depth	Pass	Pass
dEQP-VK.query_pool.statistics_query.reset_before_copy.geometry_shader_invocations.secondary.64bits_cmdcopyquerypoolresults_line_strip_with_adjacency_clear_depth	Pass	Pass
dEQP-VK.query_pool.statistics_query.reset_before_copy.geometry_shader_invocations.secondary.64bits_cmdcopyquerypoolresults_triangle_strip_clear_depth	Pass	Pass
dEQP-VK.query_pool.statistics_query.reset_before_copy.geometry_shader_invocations.secondary.64bits_dstoffset_cmdcopyquerypoolresults_line_strip_with_adjacency_clear_depth	Pass	Pass
dEQP-VK.query_pool.statistics_query.reset_before_copy.geometry_shader_invocations.secondary.64bits_dstoffset_cmdcopyquerypoolresults_triangle_strip_clear_depth	Pass	Pass
dEQP-VK.query_pool.statistics_query.reset_before_copy.geometry_shader_invocations.secondary.64bits_line_strip_with_adjacency_clear_depth	Pass	Pass
dEQP-VK.query_pool.statistics_query.reset_before_copy.geometry_shader_invocations.secondary.64bits_triangle_strip_clear_depth	Pass	Pass
dEQP-VK.query_pool.statistics_query.reset_before_copy.geometry_shader_invocations.secondary_inherited.32bits_dstoffset_cmdcopyquerypoolresults_line_list_with_adjacency	NotSupported	Inherited queries are not supported at vktQueryPoolStatisticsTests.cpp:5866
dEQP-VK.query_pool.statistics_query.reset_before_copy.geometry_shader_invocations.secondary_inherited.32bits_triangle_list	NotSupported	Inherited queries are not supported at vktQueryPoolStatisticsTests.cpp:5866
dEQP-VK.query_pool.statistics_query.reset_before_copy.geometry_shader_invocations.secondary_inherited.64bits_dstoffset_cmdcopyquerypoolresults_line_list_with_adjacency	NotSupported	Inherited queries are not supported at vktQueryPoolStatisticsTests.cpp:5866
dEQP-VK.query_pool.statistics_query.reset_before_copy.geometry_shader_invocations.secondary_inherited.64bits_triangle_list	NotSupported	Inherited queries are not supported at vktQueryPoolStatisticsTests.cpp:5866
dEQP-VK.query_pool.statistics_query.reset_before_copy.geometry_shader_primitives.primary.32bits_cmdcopyquerypoolresults_line_strip_with_adjacency	Pass	Pass
dEQP-VK.query_pool.statistics_query.reset_before_copy.geometry_shader_primitives.primary.32bits_cmdcopyquerypoolresults_triangle_list_clear_depth	Pass	Pass
dEQP-VK.query_pool.statistics_query.reset_before_copy.geometry_shader_primitives.primary.32bits_dstoffset_cmdcopyquerypoolresults_line_list_clear_color	Pass	Pass
dEQP-VK.query_pool.statistics_query.reset_before_copy.geometry_shader_primitives.primary.32bits_dstoffset_cmdcopyquerypoolresults_point_list	Pass	Pass
dEQP-VK.query_pool.statistics_query.reset_before_copy.geometry_shader_primitives.primary.32bits_dstoffset_cmdcopyquerypoolresults_triangle_list_with_no_color_attachments	Pass	Pass
dEQP-VK.query_pool.statistics_query.reset_before_copy.geometry_shader_primitives.primary.32bits_line_list_with_adjacency_with_no_color_attachments	Pass	Pass
dEQP-VK.query_pool.statistics_query.reset_before_copy.geometry_shader_primitives.primary.32bits_triangle_fan_clear_color	Pass	Pass
dEQP-VK.query_pool.statistics_query.reset_before_copy.geometry_shader_primitives.primary.32bits_triangle_strip_with_adjacency_clear_color	Pass	Pass
dEQP-VK.query_pool.statistics_query.reset_before_copy.geometry_shader_primitives.primary.64bits_cmdcopyquerypoolresults_line_strip_with_adjacency	Pass	Pass
dEQP-VK.query_pool.statistics_query.reset_before_copy.geometry_shader_primitives.primary.64bits_cmdcopyquerypoolresults_triangle_list_clear_depth	Pass	Pass
dEQP-VK.query_pool.statistics_query.reset_before_copy.geometry_shader_primitives.primary.64bits_dstoffset_cmdcopyquerypoolresults_line_list_clear_color	Pass	Pass
dEQP-VK.query_pool.statistics_query.reset_before_copy.geometry_shader_primitives.primary.64bits_dstoffset_cmdcopyquerypoolresults_point_list	Pass	Pass
dEQP-VK.query_pool.statistics_query.reset_before_copy.geometry_shader_primitives.primary.64bits_dstoffset_cmdcopyquerypoolresults_triangle_list_with_no_color_attachments	Pass	Pass
dEQP-VK.query_pool.statistics_query.reset_before_copy.geometry_shader_primitives.primary.64bits_line_list_with_adjacency_with_no_color_attachments	Pass	Pass
dEQP-VK.query_pool.statistics_query.reset_before_copy.geometry_shader_primitives.primary.64bits_triangle_fan_clear_color	Pass	Pass
dEQP-VK.query_pool.statistics_query.reset_before_copy.geometry_shader_primitives.primary.64bits_triangle_strip_with_adjacency_clear_color	Pass	Pass
dEQP-VK.query_pool.statistics_query.reset_before_copy.geometry_shader_primitives.secondary.32bits_cmdcopyquerypoolresults_line_strip_with_adjacency_clear_depth	Pass	Pass
dEQP-VK.query_pool.statistics_query.reset_before_copy.geometry_shader_primitives.secondary.32bits_cmdcopyquerypoolresults_triangle_strip_clear_depth	Pass	Pass
dEQP-VK.query_pool.statistics_query.reset_before_copy.geometry_shader_primitives.secondary.32bits_dstoffset_cmdcopyquerypoolresults_line_strip_with_adjacency_clear_depth	Pass	Pass
dEQP-VK.query_pool.statistics_query.reset_before_copy.geometry_shader_primitives.secondary.32bits_dstoffset_cmdcopyquerypoolresults_triangle_strip_clear_depth	Pass	Pass
dEQP-VK.query_pool.statistics_query.reset_before_copy.geometry_shader_primitives.secondary.32bits_line_strip_with_adjacency_clear_depth	Pass	Pass
dEQP-VK.query_pool.statistics_query.reset_before_copy.geometry_shader_primitives.secondary.32bits_triangle_strip_clear_depth	Pass	Pass
dEQP-VK.query_pool.statistics_query.reset_before_copy.geometry_shader_primitives.secondary.64bits_cmdcopyquerypoolresults_line_strip_with_adjacency_clear_depth	Pass	Pass
dEQP-VK.query_pool.statistics_query.reset_before_copy.geometry_shader_primitives.secondary.64bits_cmdcopyquerypoolresults_triangle_strip_clear_depth	Pass	Pass
dEQP-VK.query_pool.statistics_query.reset_before_copy.geometry_shader_primitives.secondary.64bits_dstoffset_cmdcopyquerypoolresults_line_strip_with_adjacency_clear_depth	Pass	Pass
dEQP-VK.query_pool.statistics_query.reset_before_copy.geometry_shader_primitives.secondary.64bits_dstoffset_cmdcopyquerypoolresults_triangle_strip_clear_depth	Pass	Pass
dEQP-VK.query_pool.statistics_query.reset_before_copy.geometry_shader_primitives.secondary.64bits_line_strip_with_adjacency_clear_depth	Pass	Pass
dEQP-VK.query_pool.statistics_query.reset_before_copy.geometry_shader_primitives.secondary.64bits_triangle_strip_clear_depth	Pass	Pass
dEQP-VK.query_pool.statistics_query.reset_before_copy.geometry_shader_primitives.secondary_inherited.32bits_dstoffset_cmdcopyquerypoolresults_line_list_with_adjacency	NotSupported	Inherited queries are not supported at vktQueryPoolStatisticsTests.cpp:5866
dEQP-VK.query_pool.statistics_query.reset_before_copy.geometry_shader_primitives.secondary_inherited.32bits_triangle_list	NotSupported	Inherited queries are not supported at vktQueryPoolStatisticsTests.cpp:5866
dEQP-VK.query_pool.statistics_query.reset_before_copy.geometry_shader_primitives.secondary_inherited.64bits_dstoffset_cmdcopyquerypoolresults_line_list_with_adjacency	NotSupported	Inherited queries are not supported at vktQueryPoolStatisticsTests.cpp:5866
dEQP-VK.query_pool.statistics_query.reset_before_copy.geometry_shader_primitives.secondary_inherited.64bits_triangle_list	NotSupported	Inherited queries are not supported at vktQueryPoolStatisticsTests.cpp:5866
dEQP-VK.query_pool.statistics_query.reset_before_copy.input_assembly_primitives.primary.32bits_cmdcopyquerypoolresults_line_strip_with_adjacency	Pass	Pass
dEQP-VK.query_pool.statistics_query.reset_before_copy.input_assembly_primitives.primary.32bits_cmdcopyquerypoolresults_triangle_fan	Pass	Pass
dEQP-VK.query_pool.statistics_query.reset_before_copy.input_assembly_primitives.primary.32bits_cmdcopyquerypoolresults_triangle_strip_clear_depth	Pass	Pass
dEQP-VK.query_pool.statistics_query.reset_before_copy.input_assembly_primitives.primary.32bits_dstoffset_cmdcopyquerypoolresults_line_list_with_no_color_attachments	Pass	Pass
dEQP-VK.query_pool.statistics_query.reset_before_copy.input_assembly_primitives.primary.32bits_dstoffset_cmdcopyquerypoolresults_point_list	Pass	Pass
dEQP-VK.query_pool.statistics_query.reset_before_copy.input_assembly_primitives.primary.32bits_dstoffset_cmdcopyquerypoolresults_triangle_list_with_adjacency_with_no_color_attachments	Pass	Pass
dEQP-VK.query_pool.statistics_query.reset_before_copy.input_assembly_primitives.primary.32bits_line_list_with_adjacency	Pass	Pass
dEQP-VK.query_pool.statistics_query.reset_before_copy.input_assembly_primitives.primary.32bits_patch_list_v28_p3	Pass	Pass
dEQP-VK.query_pool.statistics_query.reset_before_copy.input_assembly_primitives.primary.32bits_triangle_list_clear_depth	Pass	Pass
dEQP-VK.query_pool.statistics_query.reset_before_copy.input_assembly_primitives.primary.32bits_triangle_strip_with_no_color_attachments_restart	Pass	Pass
dEQP-VK.query_pool.statistics_query.reset_before_copy.input_assembly_primitives.primary.64bits_cmdcopyquerypoolresults_line_strip_with_adjacency_with_no_color_attachments	Pass	Pass
dEQP-VK.query_pool.statistics_query.reset_before_copy.input_assembly_primitives.primary.64bits_cmdcopyquerypoolresults_triangle_fan_with_no_color_attachments	Pass	Pass
dEQP-VK.query_pool.statistics_query.reset_before_copy.input_assembly_primitives.primary.64bits_cmdcopyquerypoolresults_triangle_strip_with_adjacency_clear_depth	Pass	Pass
dEQP-VK.query_pool.statistics_query.reset_before_copy.input_assembly_primitives.primary.64bits_dstoffset_cmdcopyquerypoolresults_line_strip_clear_depth	Pass	Pass
dEQP-VK.query_pool.statistics_query.reset_before_copy.input_assembly_primitives.primary.64bits_dstoffset_cmdcopyquerypoolresults_point_list_with_no_color_attachments	Pass	Pass
dEQP-VK.query_pool.statistics_query.reset_before_copy.input_assembly_primitives.primary.64bits_dstoffset_cmdcopyquerypoolresults_triangle_strip_clear_color	Pass	Pass
dEQP-VK.query_pool.statistics_query.reset_before_copy.input_assembly_primitives.primary.64bits_line_list_with_adjacency_with_no_color_attachments	Pass	Pass
dEQP-VK.query_pool.statistics_query.reset_before_copy.input_assembly_primitives.primary.64bits_patch_list_v28_p3_with_no_color_attachments	Pass	Pass
dEQP-VK.query_pool.statistics_query.reset_before_copy.input_assembly_primitives.primary.64bits_triangle_list_with_adjacency_clear_depth	Pass	Pass
dEQP-VK.query_pool.statistics_query.reset_before_copy.input_assembly_primitives.secondary.32bits_cmdcopyquerypoolresults_line_list_clear_depth	Pass	Pass
dEQP-VK.query_pool.statistics_query.reset_before_copy.input_assembly_primitives.secondary.32bits_cmdcopyquerypoolresults_point_list_clear_depth	Pass	Pass
dEQP-VK.query_pool.statistics_query.reset_before_copy.input_assembly_primitives.secondary.32bits_cmdcopyquerypoolresults_triangle_strip_with_adjacency_clear_depth	Pass	Pass
dEQP-VK.query_pool.statistics_query.reset_before_copy.input_assembly_primitives.secondary.32bits_dstoffset_cmdcopyquerypoolresults_patch_list_v28_p3_clear_depth	Pass	Pass
dEQP-VK.query_pool.statistics_query.reset_before_copy.input_assembly_primitives.secondary.32bits_dstoffset_cmdcopyquerypoolresults_triangle_strip_clear_depth	Pass	Pass
dEQP-VK.query_pool.statistics_query.reset_before_copy.input_assembly_primitives.secondary.32bits_line_strip_with_adjacency_clear_depth	Pass	Pass
dEQP-VK.query_pool.statistics_query.reset_before_copy.input_assembly_primitives.secondary.32bits_triangle_list_with_adjacency_clear_depth	Pass	Pass
dEQP-VK.query_pool.statistics_query.reset_before_copy.input_assembly_primitives.secondary.64bits_cmdcopyquerypoolresults_line_strip_clear_depth	Pass	Pass
dEQP-VK.query_pool.statistics_query.reset_before_copy.input_assembly_primitives.secondary.64bits_cmdcopyquerypoolresults_triangle_list_clear_depth	Pass	Pass
dEQP-VK.query_pool.statistics_query.reset_before_copy.input_assembly_primitives.secondary.64bits_dstoffset_cmdcopyquerypoolresults_line_list_with_adjacency_clear_depth	Pass	Pass
dEQP-VK.query_pool.statistics_query.reset_before_copy.input_assembly_primitives.secondary.64bits_dstoffset_cmdcopyquerypoolresults_triangle_fan_clear_depth	Pass	Pass
dEQP-VK.query_pool.statistics_query.reset_before_copy.input_assembly_primitives.secondary.64bits_line_list_clear_depth	Pass	Pass
dEQP-VK.query_pool.statistics_query.reset_before_copy.input_assembly_primitives.secondary.64bits_point_list_clear_depth	Pass	Pass
dEQP-VK.query_pool.statistics_query.reset_before_copy.input_assembly_primitives.secondary.64bits_triangle_strip_with_adjacency_clear_depth	Pass	Pass
dEQP-VK.query_pool.statistics_query.reset_before_copy.input_assembly_primitives.secondary_inherited.32bits_cmdcopyquerypoolresults_triangle_strip_with_adjacency	NotSupported	Inherited queries are not supported at vktQueryPoolStatisticsTests.cpp:5866
dEQP-VK.query_pool.statistics_query.reset_before_copy.input_assembly_primitives.secondary_inherited.32bits_dstoffset_cmdcopyquerypoolresults_triangle_strip_restart	NotSupported	Inherited queries are not supported at vktQueryPoolStatisticsTests.cpp:5866
dEQP-VK.query_pool.statistics_query.reset_before_copy.input_assembly_primitives.secondary_inherited.32bits_triangle_strip	NotSupported	Inherited queries are not supported at vktQueryPoolStatisticsTests.cpp:5866
dEQP-VK.query_pool.statistics_query.reset_before_copy.input_assembly_primitives.secondary_inherited.64bits_cmdcopyquerypoolresults_triangle_list_with_adjacency	NotSupported	Inherited queries are not supported at vktQueryPoolStatisticsTests.cpp:5866
dEQP-VK.query_pool.statistics_query.reset_before_copy.input_assembly_primitives.secondary_inherited.64bits_dstoffset_cmdcopyquerypoolresults_triangle_list	NotSupported	Inherited queries are not supported at vktQueryPoolStatisticsTests.cpp:5866
dEQP-VK.query_pool.statistics_query.reset_before_copy.input_assembly_primitives.secondary_inherited.64bits_triangle_fan_restart	NotSupported	Inherited queries are not supported at vktQueryPoolStatisticsTests.cpp:5866
dEQP-VK.query_pool.statistics_query.reset_before_copy.input_assembly_vertices.32bits_cmdcopyquerypoolresults_primary_with_no_color_attachments	Pass	Pass
dEQP-VK.query_pool.statistics_query.reset_before_copy.input_assembly_vertices.32bits_dstoffset_cmdcopyquerypoolresults_primary	Pass	Pass
dEQP-VK.query_pool.statistics_query.reset_before_copy.input_assembly_vertices.32bits_dstoffset_cmdcopyquerypoolresults_secondary_inherited_triangle_fan_restart	NotSupported	Inherited queries are not supported at vktQueryPoolStatisticsTests.cpp:5866
dEQP-VK.query_pool.statistics_query.reset_before_copy.input_assembly_vertices.32bits_primary_triangle_strip_with_adjacency_restart	Pass	Pass
dEQP-VK.query_pool.statistics_query.reset_before_copy.input_assembly_vertices.32bits_secondary_triangle_strip_with_adjacency_restart	Pass	Pass
dEQP-VK.query_pool.statistics_query.reset_before_copy.input_assembly_vertices.64bits_cmdcopyquerypoolresults_secondary_inherited_line_strip_with_adjacency_restart	NotSupported	Inherited queries are not supported at vktQueryPoolStatisticsTests.cpp:5866
dEQP-VK.query_pool.statistics_query.reset_before_copy.input_assembly_vertices.64bits_dstoffset_cmdcopyquerypoolresults_primary_triangle_strip_restart	Pass	Pass
dEQP-VK.query_pool.statistics_query.reset_before_copy.input_assembly_vertices.64bits_dstoffset_cmdcopyquerypoolresults_secondary_triangle_strip_restart	Pass	Pass
dEQP-VK.query_pool.statistics_query.reset_before_copy.input_assembly_vertices.64bits_secondary_inherited_line_strip_restart	NotSupported	Inherited queries are not supported at vktQueryPoolStatisticsTests.cpp:5866
dEQP-VK.query_pool.statistics_query.reset_before_copy.tes_control_patches.32bits_cmdcopyquerypoolresults_tes_control_patches_secondary_clear_depth	Pass	Pass
dEQP-VK.query_pool.statistics_query.reset_before_copy.tes_control_patches.32bits_tes_control_patches_secondary_clear_color	Pass	Pass
dEQP-VK.query_pool.statistics_query.reset_before_copy.tes_control_patches.64bits_dstoffset_cmdcopyquerypoolresults_tes_control_patches_secondary	Pass	Pass
dEQP-VK.query_pool.statistics_query.reset_before_copy.tes_evaluation_shader_invocations.32bits_cmdcopyquerypoolresults_tes_evaluation_shader_invocations_clear_depth	Pass	Pass
dEQP-VK.query_pool.statistics_query.reset_before_copy.tes_evaluation_shader_invocations.32bits_tes_evaluation_shader_invocations_clear_color	Pass	Pass
dEQP-VK.query_pool.statistics_query.reset_before_copy.tes_evaluation_shader_invocations.64bits_dstoffset_cmdcopyquerypoolresults_tes_evaluation_shader_invocations	Pass	Pass
dEQP-VK.query_pool.statistics_query.reset_before_copy.tes_evaluation_shader_invocations.64bits_tes_evaluation_shader_invocations_with_no_color_attachments	Pass	Pass
dEQP-VK.query_pool.statistics_query.reset_before_copy.vertex_shader_invocations.primary.32bits_cmdcopyquerypoolresults_line_strip_with_adjacency_with_no_color_attachments	Pass	Pass
dEQP-VK.query_pool.statistics_query.reset_before_copy.vertex_shader_invocations.primary.32bits_cmdcopyquerypoolresults_triangle_list_with_adjacency_clear_depth	Pass	Pass
dEQP-VK.query_pool.statistics_query.reset_before_copy.vertex_shader_invocations.primary.32bits_dstoffset_cmdcopyquerypoolresults_line_list_with_adjacency_clear_color	Pass	Pass
dEQP-VK.query_pool.statistics_query.reset_before_copy.vertex_shader_invocations.primary.32bits_dstoffset_cmdcopyquerypoolresults_point_list_with_no_color_attachments	Pass	Pass
dEQP-VK.query_pool.statistics_query.reset_before_copy.vertex_shader_invocations.primary.32bits_dstoffset_cmdcopyquerypoolresults_triangle_strip_clear_depth	Pass	Pass
dEQP-VK.query_pool.statistics_query.reset_before_copy.vertex_shader_invocations.primary.32bits_line_strip_clear_color	Pass	Pass
dEQP-VK.query_pool.statistics_query.reset_before_copy.vertex_shader_invocations.primary.32bits_triangle_list	Pass	Pass
dEQP-VK.query_pool.statistics_query.reset_before_copy.vertex_shader_invocations.primary.32bits_triangle_strip_with_no_color_attachments	Pass	Pass
dEQP-VK.query_pool.statistics_query.reset_before_copy.vertex_shader_invocations.primary.64bits_cmdcopyquerypoolresults_line_strip_with_adjacency_with_no_color_attachments	Pass	Pass
dEQP-VK.query_pool.statistics_query.reset_before_copy.vertex_shader_invocations.primary.64bits_cmdcopyquerypoolresults_triangle_list_with_adjacency_clear_depth	Pass	Pass
dEQP-VK.query_pool.statistics_query.reset_before_copy.vertex_shader_invocations.primary.64bits_dstoffset_cmdcopyquerypoolresults_line_list_with_adjacency_clear_color	Pass	Pass
dEQP-VK.query_pool.statistics_query.reset_before_copy.vertex_shader_invocations.primary.64bits_dstoffset_cmdcopyquerypoolresults_point_list_with_no_color_attachments	Pass	Pass
dEQP-VK.query_pool.statistics_query.reset_before_copy.vertex_shader_invocations.primary.64bits_dstoffset_cmdcopyquerypoolresults_triangle_strip_clear_depth	Pass	Pass
dEQP-VK.query_pool.statistics_query.reset_before_copy.vertex_shader_invocations.primary.64bits_line_strip_clear_color	Pass	Pass
dEQP-VK.query_pool.statistics_query.reset_before_copy.vertex_shader_invocations.primary.64bits_triangle_list	Pass	Pass
dEQP-VK.query_pool.statistics_query.reset_before_copy.vertex_shader_invocations.primary.64bits_triangle_strip_with_no_color_attachments	Pass	Pass
dEQP-VK.query_pool.statistics_query.reset_before_copy.vertex_shader_invocations.secondary.32bits_cmdcopyquerypoolresults_point_list_clear_depth	Pass	Pass
dEQP-VK.query_pool.statistics_query.reset_before_copy.vertex_shader_invocations.secondary.32bits_cmdcopyquerypoolresults_triangle_strip_with_adjacency_clear_depth	Pass	Pass
dEQP-VK.query_pool.statistics_query.reset_before_copy.vertex_shader_invocations.secondary.32bits_dstoffset_cmdcopyquerypoolresults_point_list_clear_depth	Pass	Pass
dEQP-VK.query_pool.statistics_query.reset_before_copy.vertex_shader_invocations.secondary.32bits_dstoffset_cmdcopyquerypoolresults_triangle_strip_with_adjacency_clear_depth	Pass	Pass
dEQP-VK.query_pool.statistics_query.reset_before_copy.vertex_shader_invocations.secondary.32bits_point_list_clear_depth	Pass	Pass
dEQP-VK.query_pool.statistics_query.reset_before_copy.vertex_shader_invocations.secondary.32bits_triangle_strip_with_adjacency_clear_depth	Pass	Pass
dEQP-VK.query_pool.statistics_query.reset_before_copy.vertex_shader_invocations.secondary.64bits_cmdcopyquerypoolresults_point_list_clear_depth	Pass	Pass
dEQP-VK.query_pool.statistics_query.reset_before_copy.vertex_shader_invocations.secondary.64bits_cmdcopyquerypoolresults_triangle_strip_with_adjacency_clear_depth	Pass	Pass
dEQP-VK.query_pool.statistics_query.reset_before_copy.vertex_shader_invocations.secondary.64bits_dstoffset_cmdcopyquerypoolresults_point_list_clear_depth	Pass	Pass
dEQP-VK.query_pool.statistics_query.reset_before_copy.vertex_shader_invocations.secondary.64bits_dstoffset_cmdcopyquerypoolresults_triangle_strip_with_adjacency_clear_depth	Pass	Pass
dEQP-VK.query_pool.statistics_query.reset_before_copy.vertex_shader_invocations.secondary.64bits_point_list_clear_depth	Pass	Pass
dEQP-VK.query_pool.statistics_query.reset_before_copy.vertex_shader_invocations.secondary.64bits_triangle_strip_with_adjacency_clear_depth	Pass	Pass
dEQP-VK.query_pool.statistics_query.reset_before_copy.vertex_shader_invocations.secondary_inherited.32bits_dstoffset_cmdcopyquerypoolresults_point_list	NotSupported	Inherited queries are not supported at vktQueryPoolStatisticsTests.cpp:5866
dEQP-VK.query_pool.statistics_query.reset_before_copy.vertex_shader_invocations.secondary_inherited.32bits_triangle_strip_with_adjacency	NotSupported	Inherited queries are not supported at vktQueryPoolStatisticsTests.cpp:5866
dEQP-VK.query_pool.statistics_query.reset_before_copy.vertex_shader_invocations.secondary_inherited.64bits_dstoffset_cmdcopyquerypoolresults_point_list	NotSupported	Inherited queries are not supported at vktQueryPoolStatisticsTests.cpp:5866
dEQP-VK.query_pool.statistics_query.reset_before_copy.vertex_shader_invocations.secondary_inherited.64bits_triangle_strip_with_adjacency	NotSupported	Inherited queries are not supported at vktQueryPoolStatisticsTests.cpp:5866
dEQP-VK.query_pool.statistics_query.tes_control_patches.32bits_cmdcopyquerypoolresults_tes_control_patches	Fail	Result image doesn't match expected image.
dEQP-VK.query_pool.statistics_query.tes_control_patches.32bits_dstoffset_cmdcopyquerypoolresults_tes_control_patches_clear_depth	Fail	Result image doesn't match expected image.
dEQP-VK.query_pool.statistics_query.tes_control_patches.32bits_tes_control_patches_quads	Fail	Result image doesn't match expected image.
dEQP-VK.query_pool.statistics_query.tes_control_patches.64bits_cmdcopyquerypoolresults_tes_control_patches_secondary	Fail	Result image doesn't match expected image.
dEQP-VK.query_pool.statistics_query.tes_control_patches.64bits_dstoffset_cmdcopyquerypoolresults_tes_control_patches_secondary_clear_depth	Fail	Result image doesn't match expected image.
dEQP-VK.query_pool.statistics_query.tes_control_patches.64bits_tes_control_patches_triangles	Fail	Result image doesn't match expected image.
dEQP-VK.query_pool.statistics_query.tes_evaluation_shader_invocations.32bits_cmdcopyquerypoolresults_tes_evaluation_shader_invocations	Fail	Result image doesn't match expected image.
dEQP-VK.query_pool.statistics_query.tes_evaluation_shader_invocations.32bits_dstoffset_cmdcopyquerypoolresults_tes_evaluation_shader_invocations_clear_depth	Fail	Result image doesn't match expected image.
dEQP-VK.query_pool.statistics_query.tes_evaluation_shader_invocations.32bits_tes_evaluation_shader_invocations_quads	Fail	Result image doesn't match expected image.
dEQP-VK.query_pool.statistics_query.tes_evaluation_shader_invocations.64bits_cmdcopyquerypoolresults_tes_evaluation_shader_invocations_secondary	Fail	Result image doesn't match expected image.
dEQP-VK.query_pool.statistics_query.tes_evaluation_shader_invocations.64bits_dstoffset_cmdcopyquerypoolresults_tes_evaluation_shader_invocations_secondary_clear_depth	Fail	Result image doesn't match expected image.
dEQP-VK.query_pool.statistics_query.tes_evaluation_shader_invocations.64bits_tes_evaluation_shader_invocations_triangles	Fail	Result image doesn't match expected image.
dEQP-VK.query_pool.statistics_query.vertex_only.input_assembly_primitives.primary.32bits_cmdcopyquerypoolresults_line_list	Pass	Pass
dEQP-VK.query_pool.statistics_query.vertex_only.input_assembly_primitives.primary.32bits_cmdcopyquerypoolresults_line_strip_with_adjacency_with_no_color_attachments_restart	Pass	Pass
dEQP-VK.query_pool.statistics_query.vertex_only.input_assembly_primitives.primary.32bits_cmdcopyquerypoolresults_triangle_list_with_adjacency	Pass	Pass
dEQP-VK.query_pool.statistics_query.vertex_only.input_assembly_primitives.primary.32bits_dstoffset_cmdcopyquerypoolresults_line_list	Pass	Pass
dEQP-VK.query_pool.statistics_query.vertex_only.input_assembly_primitives.primary.32bits_dstoffset_cmdcopyquerypoolresults_line_strip_with_adjacency_with_no_color_attachments_restart	Pass	Pass
dEQP-VK.query_pool.statistics_query.vertex_only.input_assembly_primitives.primary.32bits_dstoffset_cmdcopyquerypoolresults_triangle_list_with_adjacency	Pass	Pass
dEQP-VK.query_pool.statistics_query.vertex_only.input_assembly_primitives.primary.32bits_line_list	Pass	Pass
dEQP-VK.query_pool.statistics_query.vertex_only.input_assembly_primitives.primary.32bits_line_strip_with_adjacency_with_no_color_attachments_restart	Pass	Pass
dEQP-VK.query_pool.statistics_query.vertex_only.input_assembly_primitives.primary.32bits_triangle_list_with_adjacency	Pass	Pass
dEQP-VK.query_pool.statistics_query.vertex_only.input_assembly_primitives.primary.64bits_cmdcopyquerypoolresults_line_list	Pass	Pass
dEQP-VK.query_pool.statistics_query.vertex_only.input_assembly_primitives.primary.64bits_cmdcopyquerypoolresults_line_strip_with_adjacency_with_no_color_attachments_restart	Pass	Pass
dEQP-VK.query_pool.statistics_query.vertex_only.input_assembly_primitives.primary.64bits_cmdcopyquerypoolresults_triangle_list_with_adjacency	Pass	Pass
dEQP-VK.query_pool.statistics_query.vertex_only.input_assembly_primitives.primary.64bits_dstoffset_cmdcopyquerypoolresults_line_list	Pass	Pass
dEQP-VK.query_pool.statistics_query.vertex_only.input_assembly_primitives.primary.64bits_dstoffset_cmdcopyquerypoolresults_line_strip_with_adjacency_with_no_color_attachments_restart	Pass	Pass
dEQP-VK.query_pool.statistics_query.vertex_only.input_assembly_primitives.primary.64bits_dstoffset_cmdcopyquerypoolresults_triangle_list_with_adjacency	Pass	Pass
dEQP-VK.query_pool.statistics_query.vertex_only.input_assembly_primitives.primary.64bits_line_list	Pass	Pass
dEQP-VK.query_pool.statistics_query.vertex_only.input_assembly_primitives.primary.64bits_line_strip_with_adjacency_with_no_color_attachments_restart	Pass	Pass
dEQP-VK.query_pool.statistics_query.vertex_only.input_assembly_primitives.primary.64bits_triangle_list_with_adjacency	Pass	Pass
dEQP-VK.query_pool.statistics_query.vertex_only.input_assembly_primitives.secondary.32bits_cmdcopyquerypoolresults_line_list	Pass	Pass
dEQP-VK.query_pool.statistics_query.vertex_only.input_assembly_primitives.secondary.32bits_cmdcopyquerypoolresults_triangle_fan	Pass	Pass
dEQP-VK.query_pool.statistics_query.vertex_only.input_assembly_primitives.secondary.32bits_dstoffset_cmdcopyquerypoolresults_line_list	Pass	Pass
dEQP-VK.query_pool.statistics_query.vertex_only.input_assembly_primitives.secondary.32bits_dstoffset_cmdcopyquerypoolresults_triangle_fan	Pass	Pass
dEQP-VK.query_pool.statistics_query.vertex_only.input_assembly_primitives.secondary.32bits_line_list	Pass	Pass
dEQP-VK.query_pool.statistics_query.vertex_only.input_assembly_primitives.secondary.32bits_triangle_fan	Pass	Pass
dEQP-VK.query_pool.statistics_query.vertex_only.input_assembly_primitives.secondary.64bits_cmdcopyquerypoolresults_line_list	Pass	Pass
dEQP-VK.query_pool.statistics_query.vertex_only.input_assembly_primitives.secondary.64bits_cmdcopyquerypoolresults_triangle_fan	Pass	Pass
dEQP-VK.query_pool.statistics_query.vertex_only.input_assembly_primitives.secondary.64bits_dstoffset_cmdcopyquerypoolresults_line_list	Pass	Pass
dEQP-VK.query_pool.statistics_query.vertex_only.input_assembly_primitives.secondary.64bits_dstoffset_cmdcopyquerypoolresults_triangle_fan	Pass	Pass
dEQP-VK.query_pool.statistics_query.vertex_only.input_assembly_primitives.secondary.64bits_line_list	Pass	Pass
dEQP-VK.query_pool.statistics_query.vertex_only.input_assembly_primitives.secondary.64bits_triangle_fan	Pass	Pass
dEQP-VK.query_pool.statistics_query.vertex_only.input_assembly_primitives.secondary_inherited.32bits_cmdcopyquerypoolresults_line_list	NotSupported	Inherited queries are not supported at vktQueryPoolStatisticsTests.cpp:5866
dEQP-VK.query_pool.statistics_query.vertex_only.input_assembly_primitives.secondary_inherited.32bits_dstoffset_cmdcopyquerypoolresults_line_list	NotSupported	Inherited queries are not supported at vktQueryPoolStatisticsTests.cpp:5866
dEQP-VK.query_pool.statistics_query.vertex_only.input_assembly_primitives.secondary_inherited.32bits_line_list	NotSupported	Inherited queries are not supported at vktQueryPoolStatisticsTests.cpp:5866
dEQP-VK.query_pool.statistics_query.vertex_only.input_assembly_primitives.secondary_inherited.64bits_cmdcopyquerypoolresults_line_list	NotSupported	Inherited queries are not supported at vktQueryPoolStatisticsTests.cpp:5866
dEQP-VK.query_pool.statistics_query.vertex_only.input_assembly_primitives.secondary_inherited.64bits_dstoffset_cmdcopyquerypoolresults_line_list	NotSupported	Inherited queries are not supported at vktQueryPoolStatisticsTests.cpp:5866
dEQP-VK.query_pool.statistics_query.vertex_only.input_assembly_primitives.secondary_inherited.64bits_line_list	NotSupported	Inherited queries are not supported at vktQueryPoolStatisticsTests.cpp:5866
dEQP-VK.query_pool.statistics_query.vertex_only.input_assembly_vertices.32bits_cmdcopyquerypoolresults_primary	Pass	Pass
dEQP-VK.query_pool.statistics_query.vertex_only.input_assembly_vertices.32bits_dstoffset_cmdcopyquerypoolresults_secondary_inherited	NotSupported	Inherited queries are not supported at vktQueryPoolStatisticsTests.cpp:5866
dEQP-VK.query_pool.statistics_query.vertex_only.input_assembly_vertices.64bits_cmdcopyquerypoolresults_secondary_clear_depth	Pass	Pass
dEQP-VK.query_pool.statistics_query.vertex_only.input_assembly_vertices.64bits_secondary_clear_color	Pass	Pass
dEQP-VK.query_pool.statistics_query.vertex_only.vertex_shader_invocations.primary.32bits_cmdcopyquerypoolresults_line_strip_with_adjacency_clear_color	Pass	Pass
dEQP-VK.query_pool.statistics_query.vertex_only.vertex_shader_invocations.primary.32bits_cmdcopyquerypoolresults_triangle_list_with_adjacency	Pass	Pass
dEQP-VK.query_pool.statistics_query.vertex_only.vertex_shader_invocations.primary.32bits_dstoffset_cmdcopyquerypoolresults_line_list_clear_depth	Pass	Pass
dEQP-VK.query_pool.statistics_query.vertex_only.vertex_shader_invocations.primary.32bits_dstoffset_cmdcopyquerypoolresults_point_list_clear_color	Pass	Pass
dEQP-VK.query_pool.statistics_query.vertex_only.vertex_shader_invocations.primary.32bits_dstoffset_cmdcopyquerypoolresults_triangle_strip	Pass	Pass
dEQP-VK.query_pool.statistics_query.vertex_only.vertex_shader_invocations.primary.32bits_line_list_with_no_color_attachments	Pass	Pass
dEQP-VK.query_pool.statistics_query.vertex_only.vertex_shader_invocations.primary.32bits_triangle_fan_clear_depth	Pass	Pass
dEQP-VK.query_pool.statistics_query.vertex_only.vertex_shader_invocations.primary.32bits_triangle_strip_with_adjacency_clear_depth	Pass	Pass
dEQP-VK.query_pool.statistics_query.vertex_only.vertex_shader_invocations.primary.64bits_cmdcopyquerypoolresults_line_strip_with_adjacency_clear_color	Pass	Pass
dEQP-VK.query_pool.statistics_query.vertex_only.vertex_shader_invocations.primary.64bits_cmdcopyquerypoolresults_triangle_list_with_adjacency	Pass	Pass
dEQP-VK.query_pool.statistics_query.vertex_only.vertex_shader_invocations.primary.64bits_dstoffset_cmdcopyquerypoolresults_line_list_clear_depth	Pass	Pass
dEQP-VK.query_pool.statistics_query.vertex_only.vertex_shader_invocations.primary.64bits_dstoffset_cmdcopyquerypoolresults_point_list_clear_color	Pass	Pass
dEQP-VK.query_pool.statistics_query.vertex_only.vertex_shader_invocations.primary.64bits_dstoffset_cmdcopyquerypoolresults_triangle_strip	Pass	Pass
dEQP-VK.query_pool.statistics_query.vertex_only.vertex_shader_invocations.primary.64bits_line_list_with_no_color_attachments	Pass	Pass
dEQP-VK.query_pool.statistics_query.vertex_only.vertex_shader_invocations.primary.64bits_triangle_fan_clear_depth	Pass	Pass
dEQP-VK.query_pool.statistics_query.vertex_only.vertex_shader_invocations.primary.64bits_triangle_strip_with_adjacency_clear_depth	Pass	Pass
dEQP-VK.query_pool.statistics_query.vertex_only.vertex_shader_invocations.secondary.32bits_cmdcopyquerypoolresults_point_list	Pass	Pass
dEQP-VK.query_pool.statistics_query.vertex_only.vertex_shader_invocations.secondary.32bits_cmdcopyquerypoolresults_triangle_strip_with_adjacency	Pass	Pass
dEQP-VK.query_pool.statistics_query.vertex_only.vertex_shader_invocations.secondary.32bits_dstoffset_cmdcopyquerypoolresults_point_list	Pass	Pass
dEQP-VK.query_pool.statistics_query.vertex_only.vertex_shader_invocations.secondary.32bits_dstoffset_cmdcopyquerypoolresults_triangle_strip_with_adjacency	Pass	Pass
dEQP-VK.query_pool.statistics_query.vertex_only.vertex_shader_invocations.secondary.32bits_point_list	Pass	Pass
dEQP-VK.query_pool.statistics_query.vertex_only.vertex_shader_invocations.secondary.32bits_triangle_strip_with_adjacency	Pass	Pass
dEQP-VK.query_pool.statistics_query.vertex_only.vertex_shader_invocations.secondary.64bits_cmdcopyquerypoolresults_point_list	Pass	Pass
dEQP-VK.query_pool.statistics_query.vertex_only.vertex_shader_invocations.secondary.64bits_cmdcopyquerypoolresults_triangle_strip_with_adjacency	Pass	Pass
dEQP-VK.query_pool.statistics_query.vertex_only.vertex_shader_invocations.secondary.64bits_dstoffset_cmdcopyquerypoolresults_point_list	Pass	Pass
dEQP-VK.query_pool.statistics_query.vertex_only.vertex_shader_invocations.secondary.64bits_dstoffset_cmdcopyquerypoolresults_triangle_strip_with_adjacency	Pass	Pass
dEQP-VK.query_pool.statistics_query.vertex_only.vertex_shader_invocations.secondary.64bits_point_list	Pass	Pass
dEQP-VK.query_pool.statistics_query.vertex_only.vertex_shader_invocations.secondary.64bits_triangle_strip_with_adjacency	Pass	Pass
dEQP-VK.query_pool.statistics_query.vertex_only.vertex_shader_invocations.secondary_inherited.32bits_dstoffset_cmdcopyquerypoolresults_line_strip	NotSupported	Inherited queries are not supported at vktQueryPoolStatisticsTests.cpp:5866
dEQP-VK.query_pool.statistics_query.vertex_only.vertex_shader_invocations.secondary_inherited.32bits_triangle_list_with_adjacency	NotSupported	Inherited queries are not supported at vktQueryPoolStatisticsTests.cpp:5866
dEQP-VK.query_pool.statistics_query.vertex_only.vertex_shader_invocations.secondary_inherited.64bits_dstoffset_cmdcopyquerypoolresults_line_strip	NotSupported	Inherited queries are not supported at vktQueryPoolStatisticsTests.cpp:5866
dEQP-VK.query_pool.statistics_query.vertex_only.vertex_shader_invocations.secondary_inherited.64bits_triangle_list_with_adjacency	NotSupported	Inherited queries are not supported at vktQueryPoolStatisticsTests.cpp:5866
dEQP-VK.query_pool.statistics_query.vertex_shader_invocations.primary.32bits_cmdcopyquerypoolresults_line_list	Pass	Pass
dEQP-VK.query_pool.statistics_query.vertex_shader_invocations.primary.32bits_cmdcopyquerypoolresults_line_strip_with_no_color_attachments	Pass	Pass
dEQP-VK.query_pool.statistics_query.vertex_shader_invocations.primary.32bits_cmdcopyquerypoolresults_triangle_list_with_adjacency_with_no_color_attachments	Pass	Pass
dEQP-VK.query_pool.statistics_query.vertex_shader_invocations.primary.32bits_dstoffset_cmdcopyquerypoolresults_line_list_with_adjacency_clear_depth	Pass	Pass
dEQP-VK.query_pool.statistics_query.vertex_shader_invocations.primary.32bits_dstoffset_cmdcopyquerypoolresults_triangle_fan	Pass	Pass
dEQP-VK.query_pool.statistics_query.vertex_shader_invocations.primary.32bits_dstoffset_cmdcopyquerypoolresults_triangle_strip_with_adjacency	Pass	Pass
dEQP-VK.query_pool.statistics_query.vertex_shader_invocations.primary.32bits_line_strip_clear_depth	Pass	Pass
dEQP-VK.query_pool.statistics_query.vertex_shader_invocations.primary.32bits_triangle_list_clear_color	Pass	Pass
dEQP-VK.query_pool.statistics_query.vertex_shader_invocations.primary.64bits_cmdcopyquerypoolresults_line_list	Pass	Pass
dEQP-VK.query_pool.statistics_query.vertex_shader_invocations.primary.64bits_cmdcopyquerypoolresults_line_strip_with_no_color_attachments	Pass	Pass
dEQP-VK.query_pool.statistics_query.vertex_shader_invocations.primary.64bits_cmdcopyquerypoolresults_triangle_list_with_adjacency_with_no_color_attachments	Pass	Pass
dEQP-VK.query_pool.statistics_query.vertex_shader_invocations.primary.64bits_dstoffset_cmdcopyquerypoolresults_line_list_with_adjacency_clear_depth	Pass	Pass
dEQP-VK.query_pool.statistics_query.vertex_shader_invocations.primary.64bits_dstoffset_cmdcopyquerypoolresults_triangle_fan	Pass	Pass
dEQP-VK.query_pool.statistics_query.vertex_shader_invocations.primary.64bits_dstoffset_cmdcopyquerypoolresults_triangle_strip_with_adjacency	Pass	Pass
dEQP-VK.query_pool.statistics_query.vertex_shader_invocations.primary.64bits_line_strip_clear_depth	Pass	Pass
dEQP-VK.query_pool.statistics_query.vertex_shader_invocations.primary.64bits_triangle_list_clear_color	Pass	Pass
dEQP-VK.query_pool.statistics_query.vertex_shader_invocations.secondary.32bits_cmdcopyquerypoolresults_line_list	Pass	Pass
dEQP-VK.query_pool.statistics_query.vertex_shader_invocations.secondary.32bits_cmdcopyquerypoolresults_triangle_fan	Pass	Pass
dEQP-VK.query_pool.statistics_query.vertex_shader_invocations.secondary.32bits_dstoffset_cmdcopyquerypoolresults_line_list	Pass	Pass
dEQP-VK.query_pool.statistics_query.vertex_shader_invocations.secondary.32bits_dstoffset_cmdcopyquerypoolresults_triangle_fan	Pass	Pass
dEQP-VK.query_pool.statistics_query.vertex_shader_invocations.secondary.32bits_line_list	Pass	Pass
dEQP-VK.query_pool.statistics_query.vertex_shader_invocations.secondary.32bits_triangle_fan	Pass	Pass
dEQP-VK.query_pool.statistics_query.vertex_shader_invocations.secondary.64bits_cmdcopyquerypoolresults_line_list	Pass	Pass
dEQP-VK.query_pool.statistics_query.vertex_shader_invocations.secondary.64bits_cmdcopyquerypoolresults_triangle_fan	Pass	Pass
dEQP-VK.query_pool.statistics_query.vertex_shader_invocations.secondary.64bits_dstoffset_cmdcopyquerypoolresults_line_list	Pass	Pass
dEQP-VK.query_pool.statistics_query.vertex_shader_invocations.secondary.64bits_dstoffset_cmdcopyquerypoolresults_triangle_fan	Pass	Pass
dEQP-VK.query_pool.statistics_query.vertex_shader_invocations.secondary.64bits_line_list	Pass	Pass
dEQP-VK.query_pool.statistics_query.vertex_shader_invocations.secondary.64bits_triangle_fan	Pass	Pass
dEQP-VK.query_pool.statistics_query.vertex_shader_invocations.secondary_inherited.32bits_cmdcopyquerypoolresults_line_list	NotSupported	Inherited queries are not supported at vktQueryPoolStatisticsTests.cpp:5866
dEQP-VK.query_pool.statistics_query.vertex_shader_invocations.secondary_inherited.32bits_dstoffset_cmdcopyquerypoolresults_triangle_fan	NotSupported	Inherited queries are not supported at vktQueryPoolStatisticsTests.cpp:5866
dEQP-VK.query_pool.statistics_query.vertex_shader_invocations.secondary_inherited.64bits_cmdcopyquerypoolresults_line_list	NotSupported	Inherited queries are not supported at vktQueryPoolStatisticsTests.cpp:5866
dEQP-VK.query_pool.statistics_query.vertex_shader_invocations.secondary_inherited.64bits_dstoffset_cmdcopyquerypoolresults_triangle_fan	NotSupported	Inherited queries are not supported at vktQueryPoolStatisticsTests.cpp:5866
