dEQP-VK.pipeline.monolithic.multisample.mixed_count.16_1	Pass	Pass
dEQP-VK.pipeline.monolithic.multisample.mixed_count.16_1_unused	Pass	Pass
dEQP-VK.pipeline.monolithic.multisample.mixed_count.16_2	NotSupported	Sample count combination not supported at vktPipelineMultisampleTests.cpp:5711
dEQP-VK.pipeline.monolithic.multisample.mixed_count.16_2_unused	NotSupported	Sample count combination not supported at vktPipelineMultisampleTests.cpp:5711
dEQP-VK.pipeline.monolithic.multisample.mixed_count.16_32	NotSupported	Sample count combination not supported at vktPipelineMultisampleTests.cpp:5711
dEQP-VK.pipeline.monolithic.multisample.mixed_count.16_32_unused	NotSupported	Sample count combination not supported at vktPipelineMultisampleTests.cpp:5711
dEQP-VK.pipeline.monolithic.multisample.mixed_count.16_4	Pass	Pass
dEQP-VK.pipeline.monolithic.multisample.mixed_count.16_4_unused	Pass	Pass
dEQP-VK.pipeline.monolithic.multisample.mixed_count.16_64	NotSupported	Sample count combination not supported at vktPipelineMultisampleTests.cpp:5711
dEQP-VK.pipeline.monolithic.multisample.mixed_count.16_64_unused	NotSupported	Sample count combination not supported at vktPipelineMultisampleTests.cpp:5711
dEQP-VK.pipeline.monolithic.multisample.mixed_count.16_8	Pass	Pass
dEQP-VK.pipeline.monolithic.multisample.mixed_count.16_8_unused	Pass	Pass
dEQP-VK.pipeline.monolithic.multisample.mixed_count.1_16	NotSupported	Sample count combination not supported at vktPipelineMultisampleTests.cpp:5711
dEQP-VK.pipeline.monolithic.multisample.mixed_count.1_16_unused	NotSupported	Sample count combination not supported at vktPipelineMultisampleTests.cpp:5711
dEQP-VK.pipeline.monolithic.multisample.mixed_count.1_2	NotSupported	Sample count combination not supported at vktPipelineMultisampleTests.cpp:5711
dEQP-VK.pipeline.monolithic.multisample.mixed_count.1_2_unused	NotSupported	Sample count combination not supported at vktPipelineMultisampleTests.cpp:5711
dEQP-VK.pipeline.monolithic.multisample.mixed_count.1_32	NotSupported	Sample count combination not supported at vktPipelineMultisampleTests.cpp:5711
dEQP-VK.pipeline.monolithic.multisample.mixed_count.1_32_unused	NotSupported	Sample count combination not supported at vktPipelineMultisampleTests.cpp:5711
dEQP-VK.pipeline.monolithic.multisample.mixed_count.1_4	Pass	Pass
dEQP-VK.pipeline.monolithic.multisample.mixed_count.1_4_unused	Pass	Pass
dEQP-VK.pipeline.monolithic.multisample.mixed_count.1_64	NotSupported	Sample count combination not supported at vktPipelineMultisampleTests.cpp:5711
dEQP-VK.pipeline.monolithic.multisample.mixed_count.1_64_unused	NotSupported	Sample count combination not supported at vktPipelineMultisampleTests.cpp:5711
dEQP-VK.pipeline.monolithic.multisample.mixed_count.1_8	Pass	Pass
dEQP-VK.pipeline.monolithic.multisample.mixed_count.1_8_unused	Pass	Pass
dEQP-VK.pipeline.monolithic.multisample.mixed_count.2_1	NotSupported	Sample count of 2 not supported for color attachment at vktPipelineMultisampleTests.cpp:5722
dEQP-VK.pipeline.monolithic.multisample.mixed_count.2_16	NotSupported	Sample count combination not supported at vktPipelineMultisampleTests.cpp:5711
dEQP-VK.pipeline.monolithic.multisample.mixed_count.2_16_unused	NotSupported	Sample count combination not supported at vktPipelineMultisampleTests.cpp:5711
dEQP-VK.pipeline.monolithic.multisample.mixed_count.2_1_unused	NotSupported	Sample count of 2 not supported for color attachment at vktPipelineMultisampleTests.cpp:5722
dEQP-VK.pipeline.monolithic.multisample.mixed_count.2_32	NotSupported	Sample count combination not supported at vktPipelineMultisampleTests.cpp:5711
dEQP-VK.pipeline.monolithic.multisample.mixed_count.2_32_unused	NotSupported	Sample count combination not supported at vktPipelineMultisampleTests.cpp:5711
dEQP-VK.pipeline.monolithic.multisample.mixed_count.2_4	NotSupported	Sample count of 2 not supported for color attachment at vktPipelineMultisampleTests.cpp:5722
dEQP-VK.pipeline.monolithic.multisample.mixed_count.2_4_unused	NotSupported	Sample count of 2 not supported for color attachment at vktPipelineMultisampleTests.cpp:5722
dEQP-VK.pipeline.monolithic.multisample.mixed_count.2_64	NotSupported	Sample count combination not supported at vktPipelineMultisampleTests.cpp:5711
dEQP-VK.pipeline.monolithic.multisample.mixed_count.2_64_unused	NotSupported	Sample count combination not supported at vktPipelineMultisampleTests.cpp:5711
dEQP-VK.pipeline.monolithic.multisample.mixed_count.2_8	NotSupported	Sample count of 2 not supported for color attachment at vktPipelineMultisampleTests.cpp:5722
dEQP-VK.pipeline.monolithic.multisample.mixed_count.2_8_unused	NotSupported	Sample count of 2 not supported for color attachment at vktPipelineMultisampleTests.cpp:5722
dEQP-VK.pipeline.monolithic.multisample.mixed_count.32_1	NotSupported	Sample count of 32 not supported for color attachment at vktPipelineMultisampleTests.cpp:5722
dEQP-VK.pipeline.monolithic.multisample.mixed_count.32_16	NotSupported	Sample count combination not supported at vktPipelineMultisampleTests.cpp:5711
dEQP-VK.pipeline.monolithic.multisample.mixed_count.32_16_unused	NotSupported	Sample count combination not supported at vktPipelineMultisampleTests.cpp:5711
dEQP-VK.pipeline.monolithic.multisample.mixed_count.32_1_unused	NotSupported	Sample count of 32 not supported for color attachment at vktPipelineMultisampleTests.cpp:5722
dEQP-VK.pipeline.monolithic.multisample.mixed_count.32_2	NotSupported	Sample count combination not supported at vktPipelineMultisampleTests.cpp:5711
dEQP-VK.pipeline.monolithic.multisample.mixed_count.32_2_unused	NotSupported	Sample count combination not supported at vktPipelineMultisampleTests.cpp:5711
dEQP-VK.pipeline.monolithic.multisample.mixed_count.32_4	NotSupported	Sample count of 32 not supported for color attachment at vktPipelineMultisampleTests.cpp:5722
dEQP-VK.pipeline.monolithic.multisample.mixed_count.32_4_unused	NotSupported	Sample count of 32 not supported for color attachment at vktPipelineMultisampleTests.cpp:5722
dEQP-VK.pipeline.monolithic.multisample.mixed_count.32_64	NotSupported	Sample count combination not supported at vktPipelineMultisampleTests.cpp:5711
dEQP-VK.pipeline.monolithic.multisample.mixed_count.32_64_unused	NotSupported	Sample count combination not supported at vktPipelineMultisampleTests.cpp:5711
dEQP-VK.pipeline.monolithic.multisample.mixed_count.32_8	NotSupported	Sample count of 32 not supported for color attachment at vktPipelineMultisampleTests.cpp:5722
dEQP-VK.pipeline.monolithic.multisample.mixed_count.32_8_unused	NotSupported	Sample count of 32 not supported for color attachment at vktPipelineMultisampleTests.cpp:5722
dEQP-VK.pipeline.monolithic.multisample.mixed_count.4_1	Pass	Pass
dEQP-VK.pipeline.monolithic.multisample.mixed_count.4_16	NotSupported	Sample count combination not supported at vktPipelineMultisampleTests.cpp:5711
dEQP-VK.pipeline.monolithic.multisample.mixed_count.4_16_unused	NotSupported	Sample count combination not supported at vktPipelineMultisampleTests.cpp:5711
dEQP-VK.pipeline.monolithic.multisample.mixed_count.4_1_unused	Pass	Pass
dEQP-VK.pipeline.monolithic.multisample.mixed_count.4_2	NotSupported	Sample count combination not supported at vktPipelineMultisampleTests.cpp:5711
dEQP-VK.pipeline.monolithic.multisample.mixed_count.4_2_unused	NotSupported	Sample count combination not supported at vktPipelineMultisampleTests.cpp:5711
dEQP-VK.pipeline.monolithic.multisample.mixed_count.4_32	NotSupported	Sample count combination not supported at vktPipelineMultisampleTests.cpp:5711
dEQP-VK.pipeline.monolithic.multisample.mixed_count.4_32_unused	NotSupported	Sample count combination not supported at vktPipelineMultisampleTests.cpp:5711
dEQP-VK.pipeline.monolithic.multisample.mixed_count.4_64	NotSupported	Sample count combination not supported at vktPipelineMultisampleTests.cpp:5711
dEQP-VK.pipeline.monolithic.multisample.mixed_count.4_64_unused	NotSupported	Sample count combination not supported at vktPipelineMultisampleTests.cpp:5711
dEQP-VK.pipeline.monolithic.multisample.mixed_count.4_8	Pass	Pass
dEQP-VK.pipeline.monolithic.multisample.mixed_count.4_8_unused	Pass	Pass
dEQP-VK.pipeline.monolithic.multisample.mixed_count.64_1	NotSupported	Sample count of 64 not supported for color attachment at vktPipelineMultisampleTests.cpp:5722
dEQP-VK.pipeline.monolithic.multisample.mixed_count.64_16	NotSupported	Sample count combination not supported at vktPipelineMultisampleTests.cpp:5711
dEQP-VK.pipeline.monolithic.multisample.mixed_count.64_16_unused	NotSupported	Sample count combination not supported at vktPipelineMultisampleTests.cpp:5711
dEQP-VK.pipeline.monolithic.multisample.mixed_count.64_1_unused	NotSupported	Sample count of 64 not supported for color attachment at vktPipelineMultisampleTests.cpp:5722
dEQP-VK.pipeline.monolithic.multisample.mixed_count.64_2	NotSupported	Sample count combination not supported at vktPipelineMultisampleTests.cpp:5711
dEQP-VK.pipeline.monolithic.multisample.mixed_count.64_2_unused	NotSupported	Sample count combination not supported at vktPipelineMultisampleTests.cpp:5711
dEQP-VK.pipeline.monolithic.multisample.mixed_count.64_32	NotSupported	Sample count combination not supported at vktPipelineMultisampleTests.cpp:5711
dEQP-VK.pipeline.monolithic.multisample.mixed_count.64_32_unused	NotSupported	Sample count combination not supported at vktPipelineMultisampleTests.cpp:5711
dEQP-VK.pipeline.monolithic.multisample.mixed_count.64_4	NotSupported	Sample count of 64 not supported for color attachment at vktPipelineMultisampleTests.cpp:5722
dEQP-VK.pipeline.monolithic.multisample.mixed_count.64_4_unused	NotSupported	Sample count of 64 not supported for color attachment at vktPipelineMultisampleTests.cpp:5722
dEQP-VK.pipeline.monolithic.multisample.mixed_count.64_8	NotSupported	Sample count of 64 not supported for color attachment at vktPipelineMultisampleTests.cpp:5722
dEQP-VK.pipeline.monolithic.multisample.mixed_count.64_8_unused	NotSupported	Sample count of 64 not supported for color attachment at vktPipelineMultisampleTests.cpp:5722
dEQP-VK.pipeline.monolithic.multisample.mixed_count.8_1	Pass	Pass
dEQP-VK.pipeline.monolithic.multisample.mixed_count.8_16	NotSupported	Sample count combination not supported at vktPipelineMultisampleTests.cpp:5711
dEQP-VK.pipeline.monolithic.multisample.mixed_count.8_16_unused	NotSupported	Sample count combination not supported at vktPipelineMultisampleTests.cpp:5711
dEQP-VK.pipeline.monolithic.multisample.mixed_count.8_1_unused	Pass	Pass
dEQP-VK.pipeline.monolithic.multisample.mixed_count.8_2	NotSupported	Sample count combination not supported at vktPipelineMultisampleTests.cpp:5711
dEQP-VK.pipeline.monolithic.multisample.mixed_count.8_2_unused	NotSupported	Sample count combination not supported at vktPipelineMultisampleTests.cpp:5711
dEQP-VK.pipeline.monolithic.multisample.mixed_count.8_32	NotSupported	Sample count combination not supported at vktPipelineMultisampleTests.cpp:5711
dEQP-VK.pipeline.monolithic.multisample.mixed_count.8_32_unused	NotSupported	Sample count combination not supported at vktPipelineMultisampleTests.cpp:5711
dEQP-VK.pipeline.monolithic.multisample.mixed_count.8_4	Pass	Pass
dEQP-VK.pipeline.monolithic.multisample.mixed_count.8_4_unused	Pass	Pass
dEQP-VK.pipeline.monolithic.multisample.mixed_count.8_64	NotSupported	Sample count combination not supported at vktPipelineMultisampleTests.cpp:5711
dEQP-VK.pipeline.monolithic.multisample.mixed_count.8_64_unused	NotSupported	Sample count combination not supported at vktPipelineMultisampleTests.cpp:5711
dEQP-VK.pipeline.monolithic.multisample.variable_rate.16_1	NotSupported	Sample count combination not supported at vktPipelineMultisampleTests.cpp:5711
dEQP-VK.pipeline.monolithic.multisample.variable_rate.16_16_1	NotSupported	Sample count combination not supported at vktPipelineMultisampleTests.cpp:5711
dEQP-VK.pipeline.monolithic.multisample.variable_rate.16_16_2	NotSupported	Sample count combination not supported at vktPipelineMultisampleTests.cpp:5711
dEQP-VK.pipeline.monolithic.multisample.variable_rate.16_16_32	NotSupported	Sample count combination not supported at vktPipelineMultisampleTests.cpp:5711
dEQP-VK.pipeline.monolithic.multisample.variable_rate.16_16_4	NotSupported	Sample count combination not supported at vktPipelineMultisampleTests.cpp:5711
dEQP-VK.pipeline.monolithic.multisample.variable_rate.16_16_64	NotSupported	Sample count combination not supported at vktPipelineMultisampleTests.cpp:5711
dEQP-VK.pipeline.monolithic.multisample.variable_rate.16_16_8	NotSupported	Sample count combination not supported at vktPipelineMultisampleTests.cpp:5711
dEQP-VK.pipeline.monolithic.multisample.variable_rate.16_1_1	NotSupported	Sample count combination not supported at vktPipelineMultisampleTests.cpp:5711
dEQP-VK.pipeline.monolithic.multisample.variable_rate.16_1_16	NotSupported	Sample count combination not supported at vktPipelineMultisampleTests.cpp:5711
dEQP-VK.pipeline.monolithic.multisample.variable_rate.16_1_2	NotSupported	Sample count combination not supported at vktPipelineMultisampleTests.cpp:5711
dEQP-VK.pipeline.monolithic.multisample.variable_rate.16_1_32	NotSupported	Sample count combination not supported at vktPipelineMultisampleTests.cpp:5711
dEQP-VK.pipeline.monolithic.multisample.variable_rate.16_1_4	NotSupported	Sample count combination not supported at vktPipelineMultisampleTests.cpp:5711
dEQP-VK.pipeline.monolithic.multisample.variable_rate.16_1_64	NotSupported	Sample count combination not supported at vktPipelineMultisampleTests.cpp:5711
dEQP-VK.pipeline.monolithic.multisample.variable_rate.16_1_8	NotSupported	Sample count combination not supported at vktPipelineMultisampleTests.cpp:5711
dEQP-VK.pipeline.monolithic.multisample.variable_rate.16_1_fb_1	NotSupported	Sample count combination not supported at vktPipelineMultisampleTests.cpp:5711
dEQP-VK.pipeline.monolithic.multisample.variable_rate.16_1_fb_16	NotSupported	Sample count combination not supported at vktPipelineMultisampleTests.cpp:5711
dEQP-VK.pipeline.monolithic.multisample.variable_rate.16_1_fb_16_unused	NotSupported	Sample count combination not supported at vktPipelineMultisampleTests.cpp:5711
dEQP-VK.pipeline.monolithic.multisample.variable_rate.16_1_fb_1_unused	NotSupported	Sample count combination not supported at vktPipelineMultisampleTests.cpp:5711
dEQP-VK.pipeline.monolithic.multisample.variable_rate.16_1_fb_2	NotSupported	Sample count combination not supported at vktPipelineMultisampleTests.cpp:5711
dEQP-VK.pipeline.monolithic.multisample.variable_rate.16_1_fb_2_unused	NotSupported	Sample count combination not supported at vktPipelineMultisampleTests.cpp:5711
dEQP-VK.pipeline.monolithic.multisample.variable_rate.16_1_fb_32	NotSupported	Sample count combination not supported at vktPipelineMultisampleTests.cpp:5711
dEQP-VK.pipeline.monolithic.multisample.variable_rate.16_1_fb_32_unused	NotSupported	Sample count combination not supported at vktPipelineMultisampleTests.cpp:5711
dEQP-VK.pipeline.monolithic.multisample.variable_rate.16_1_fb_4	NotSupported	Sample count combination not supported at vktPipelineMultisampleTests.cpp:5711
dEQP-VK.pipeline.monolithic.multisample.variable_rate.16_1_fb_4_unused	NotSupported	Sample count combination not supported at vktPipelineMultisampleTests.cpp:5711
dEQP-VK.pipeline.monolithic.multisample.variable_rate.16_1_fb_64	NotSupported	Sample count combination not supported at vktPipelineMultisampleTests.cpp:5711
dEQP-VK.pipeline.monolithic.multisample.variable_rate.16_1_fb_64_unused	NotSupported	Sample count combination not supported at vktPipelineMultisampleTests.cpp:5711
dEQP-VK.pipeline.monolithic.multisample.variable_rate.16_1_fb_8	NotSupported	Sample count combination not supported at vktPipelineMultisampleTests.cpp:5711
dEQP-VK.pipeline.monolithic.multisample.variable_rate.16_1_fb_8_unused	NotSupported	Sample count combination not supported at vktPipelineMultisampleTests.cpp:5711
dEQP-VK.pipeline.monolithic.multisample.variable_rate.16_2	NotSupported	Sample count combination not supported at vktPipelineMultisampleTests.cpp:5711
dEQP-VK.pipeline.monolithic.multisample.variable_rate.16_2_1	NotSupported	Sample count combination not supported at vktPipelineMultisampleTests.cpp:5711
dEQP-VK.pipeline.monolithic.multisample.variable_rate.16_2_16	NotSupported	Sample count combination not supported at vktPipelineMultisampleTests.cpp:5711
dEQP-VK.pipeline.monolithic.multisample.variable_rate.16_2_2	NotSupported	Sample count combination not supported at vktPipelineMultisampleTests.cpp:5711
dEQP-VK.pipeline.monolithic.multisample.variable_rate.16_2_32	NotSupported	Sample count combination not supported at vktPipelineMultisampleTests.cpp:5711
dEQP-VK.pipeline.monolithic.multisample.variable_rate.16_2_4	NotSupported	Sample count combination not supported at vktPipelineMultisampleTests.cpp:5711
dEQP-VK.pipeline.monolithic.multisample.variable_rate.16_2_64	NotSupported	Sample count combination not supported at vktPipelineMultisampleTests.cpp:5711
dEQP-VK.pipeline.monolithic.multisample.variable_rate.16_2_8	NotSupported	Sample count combination not supported at vktPipelineMultisampleTests.cpp:5711
dEQP-VK.pipeline.monolithic.multisample.variable_rate.16_2_fb_1	NotSupported	Sample count combination not supported at vktPipelineMultisampleTests.cpp:5711
dEQP-VK.pipeline.monolithic.multisample.variable_rate.16_2_fb_16	NotSupported	Sample count combination not supported at vktPipelineMultisampleTests.cpp:5711
dEQP-VK.pipeline.monolithic.multisample.variable_rate.16_2_fb_16_unused	NotSupported	Sample count combination not supported at vktPipelineMultisampleTests.cpp:5711
dEQP-VK.pipeline.monolithic.multisample.variable_rate.16_2_fb_1_unused	NotSupported	Sample count combination not supported at vktPipelineMultisampleTests.cpp:5711
dEQP-VK.pipeline.monolithic.multisample.variable_rate.16_2_fb_2	NotSupported	Sample count combination not supported at vktPipelineMultisampleTests.cpp:5711
dEQP-VK.pipeline.monolithic.multisample.variable_rate.16_2_fb_2_unused	NotSupported	Sample count combination not supported at vktPipelineMultisampleTests.cpp:5711
dEQP-VK.pipeline.monolithic.multisample.variable_rate.16_2_fb_32	NotSupported	Sample count combination not supported at vktPipelineMultisampleTests.cpp:5711
dEQP-VK.pipeline.monolithic.multisample.variable_rate.16_2_fb_32_unused	NotSupported	Sample count combination not supported at vktPipelineMultisampleTests.cpp:5711
dEQP-VK.pipeline.monolithic.multisample.variable_rate.16_2_fb_4	NotSupported	Sample count combination not supported at vktPipelineMultisampleTests.cpp:5711
dEQP-VK.pipeline.monolithic.multisample.variable_rate.16_2_fb_4_unused	NotSupported	Sample count combination not supported at vktPipelineMultisampleTests.cpp:5711
dEQP-VK.pipeline.monolithic.multisample.variable_rate.16_2_fb_64	NotSupported	Sample count combination not supported at vktPipelineMultisampleTests.cpp:5711
dEQP-VK.pipeline.monolithic.multisample.variable_rate.16_2_fb_64_unused	NotSupported	Sample count combination not supported at vktPipelineMultisampleTests.cpp:5711
dEQP-VK.pipeline.monolithic.multisample.variable_rate.16_2_fb_8	NotSupported	Sample count combination not supported at vktPipelineMultisampleTests.cpp:5711
dEQP-VK.pipeline.monolithic.multisample.variable_rate.16_2_fb_8_unused	NotSupported	Sample count combination not supported at vktPipelineMultisampleTests.cpp:5711
dEQP-VK.pipeline.monolithic.multisample.variable_rate.16_32	NotSupported	Sample count combination not supported at vktPipelineMultisampleTests.cpp:5711
dEQP-VK.pipeline.monolithic.multisample.variable_rate.16_32_1	NotSupported	Sample count combination not supported at vktPipelineMultisampleTests.cpp:5711
dEQP-VK.pipeline.monolithic.multisample.variable_rate.16_32_16	NotSupported	Sample count combination not supported at vktPipelineMultisampleTests.cpp:5711
dEQP-VK.pipeline.monolithic.multisample.variable_rate.16_32_2	NotSupported	Sample count combination not supported at vktPipelineMultisampleTests.cpp:5711
dEQP-VK.pipeline.monolithic.multisample.variable_rate.16_32_32	NotSupported	Sample count combination not supported at vktPipelineMultisampleTests.cpp:5711
dEQP-VK.pipeline.monolithic.multisample.variable_rate.16_32_4	NotSupported	Sample count combination not supported at vktPipelineMultisampleTests.cpp:5711
dEQP-VK.pipeline.monolithic.multisample.variable_rate.16_32_64	NotSupported	Sample count combination not supported at vktPipelineMultisampleTests.cpp:5711
dEQP-VK.pipeline.monolithic.multisample.variable_rate.16_32_8	NotSupported	Sample count combination not supported at vktPipelineMultisampleTests.cpp:5711
dEQP-VK.pipeline.monolithic.multisample.variable_rate.16_32_fb_1	NotSupported	Sample count combination not supported at vktPipelineMultisampleTests.cpp:5711
dEQP-VK.pipeline.monolithic.multisample.variable_rate.16_32_fb_16	NotSupported	Sample count combination not supported at vktPipelineMultisampleTests.cpp:5711
dEQP-VK.pipeline.monolithic.multisample.variable_rate.16_32_fb_16_unused	NotSupported	Sample count combination not supported at vktPipelineMultisampleTests.cpp:5711
dEQP-VK.pipeline.monolithic.multisample.variable_rate.16_32_fb_1_unused	NotSupported	Sample count combination not supported at vktPipelineMultisampleTests.cpp:5711
dEQP-VK.pipeline.monolithic.multisample.variable_rate.16_32_fb_2	NotSupported	Sample count combination not supported at vktPipelineMultisampleTests.cpp:5711
dEQP-VK.pipeline.monolithic.multisample.variable_rate.16_32_fb_2_unused	NotSupported	Sample count combination not supported at vktPipelineMultisampleTests.cpp:5711
dEQP-VK.pipeline.monolithic.multisample.variable_rate.16_32_fb_32	NotSupported	Sample count combination not supported at vktPipelineMultisampleTests.cpp:5711
dEQP-VK.pipeline.monolithic.multisample.variable_rate.16_32_fb_32_unused	NotSupported	Sample count combination not supported at vktPipelineMultisampleTests.cpp:5711
dEQP-VK.pipeline.monolithic.multisample.variable_rate.16_32_fb_4	NotSupported	Sample count combination not supported at vktPipelineMultisampleTests.cpp:5711
dEQP-VK.pipeline.monolithic.multisample.variable_rate.16_32_fb_4_unused	NotSupported	Sample count combination not supported at vktPipelineMultisampleTests.cpp:5711
dEQP-VK.pipeline.monolithic.multisample.variable_rate.16_32_fb_64	NotSupported	Sample count combination not supported at vktPipelineMultisampleTests.cpp:5711
dEQP-VK.pipeline.monolithic.multisample.variable_rate.16_32_fb_64_unused	NotSupported	Sample count combination not supported at vktPipelineMultisampleTests.cpp:5711
dEQP-VK.pipeline.monolithic.multisample.variable_rate.16_32_fb_8	NotSupported	Sample count combination not supported at vktPipelineMultisampleTests.cpp:5711
dEQP-VK.pipeline.monolithic.multisample.variable_rate.16_32_fb_8_unused	NotSupported	Sample count combination not supported at vktPipelineMultisampleTests.cpp:5711
dEQP-VK.pipeline.monolithic.multisample.variable_rate.16_4	NotSupported	Sample count combination not supported at vktPipelineMultisampleTests.cpp:5711
dEQP-VK.pipeline.monolithic.multisample.variable_rate.16_4_1	NotSupported	Sample count combination not supported at vktPipelineMultisampleTests.cpp:5711
dEQP-VK.pipeline.monolithic.multisample.variable_rate.16_4_16	NotSupported	Sample count combination not supported at vktPipelineMultisampleTests.cpp:5711
dEQP-VK.pipeline.monolithic.multisample.variable_rate.16_4_2	NotSupported	Sample count combination not supported at vktPipelineMultisampleTests.cpp:5711
dEQP-VK.pipeline.monolithic.multisample.variable_rate.16_4_32	NotSupported	Sample count combination not supported at vktPipelineMultisampleTests.cpp:5711
dEQP-VK.pipeline.monolithic.multisample.variable_rate.16_4_4	NotSupported	Sample count combination not supported at vktPipelineMultisampleTests.cpp:5711
dEQP-VK.pipeline.monolithic.multisample.variable_rate.16_4_64	NotSupported	Sample count combination not supported at vktPipelineMultisampleTests.cpp:5711
dEQP-VK.pipeline.monolithic.multisample.variable_rate.16_4_8	NotSupported	Sample count combination not supported at vktPipelineMultisampleTests.cpp:5711
dEQP-VK.pipeline.monolithic.multisample.variable_rate.16_4_fb_1	NotSupported	Sample count combination not supported at vktPipelineMultisampleTests.cpp:5711
dEQP-VK.pipeline.monolithic.multisample.variable_rate.16_4_fb_16	NotSupported	Sample count combination not supported at vktPipelineMultisampleTests.cpp:5711
dEQP-VK.pipeline.monolithic.multisample.variable_rate.16_4_fb_16_unused	NotSupported	Sample count combination not supported at vktPipelineMultisampleTests.cpp:5711
dEQP-VK.pipeline.monolithic.multisample.variable_rate.16_4_fb_1_unused	NotSupported	Sample count combination not supported at vktPipelineMultisampleTests.cpp:5711
dEQP-VK.pipeline.monolithic.multisample.variable_rate.16_4_fb_2	NotSupported	Sample count combination not supported at vktPipelineMultisampleTests.cpp:5711
dEQP-VK.pipeline.monolithic.multisample.variable_rate.16_4_fb_2_unused	NotSupported	Sample count combination not supported at vktPipelineMultisampleTests.cpp:5711
dEQP-VK.pipeline.monolithic.multisample.variable_rate.16_4_fb_32	NotSupported	Sample count combination not supported at vktPipelineMultisampleTests.cpp:5711
dEQP-VK.pipeline.monolithic.multisample.variable_rate.16_4_fb_32_unused	NotSupported	Sample count combination not supported at vktPipelineMultisampleTests.cpp:5711
dEQP-VK.pipeline.monolithic.multisample.variable_rate.16_4_fb_4	NotSupported	Sample count combination not supported at vktPipelineMultisampleTests.cpp:5711
dEQP-VK.pipeline.monolithic.multisample.variable_rate.16_4_fb_4_unused	NotSupported	Sample count combination not supported at vktPipelineMultisampleTests.cpp:5711
dEQP-VK.pipeline.monolithic.multisample.variable_rate.16_4_fb_64	NotSupported	Sample count combination not supported at vktPipelineMultisampleTests.cpp:5711
dEQP-VK.pipeline.monolithic.multisample.variable_rate.16_4_fb_64_unused	NotSupported	Sample count combination not supported at vktPipelineMultisampleTests.cpp:5711
dEQP-VK.pipeline.monolithic.multisample.variable_rate.16_4_fb_8	NotSupported	Sample count combination not supported at vktPipelineMultisampleTests.cpp:5711
dEQP-VK.pipeline.monolithic.multisample.variable_rate.16_4_fb_8_unused	NotSupported	Sample count combination not supported at vktPipelineMultisampleTests.cpp:5711
dEQP-VK.pipeline.monolithic.multisample.variable_rate.16_64	NotSupported	Sample count combination not supported at vktPipelineMultisampleTests.cpp:5711
dEQP-VK.pipeline.monolithic.multisample.variable_rate.16_64_1	NotSupported	Sample count combination not supported at vktPipelineMultisampleTests.cpp:5711
dEQP-VK.pipeline.monolithic.multisample.variable_rate.16_64_16	NotSupported	Sample count combination not supported at vktPipelineMultisampleTests.cpp:5711
dEQP-VK.pipeline.monolithic.multisample.variable_rate.16_64_2	NotSupported	Sample count combination not supported at vktPipelineMultisampleTests.cpp:5711
dEQP-VK.pipeline.monolithic.multisample.variable_rate.16_64_32	NotSupported	Sample count combination not supported at vktPipelineMultisampleTests.cpp:5711
dEQP-VK.pipeline.monolithic.multisample.variable_rate.16_64_4	NotSupported	Sample count combination not supported at vktPipelineMultisampleTests.cpp:5711
dEQP-VK.pipeline.monolithic.multisample.variable_rate.16_64_64	NotSupported	Sample count combination not supported at vktPipelineMultisampleTests.cpp:5711
dEQP-VK.pipeline.monolithic.multisample.variable_rate.16_64_8	NotSupported	Sample count combination not supported at vktPipelineMultisampleTests.cpp:5711
dEQP-VK.pipeline.monolithic.multisample.variable_rate.16_64_fb_1	NotSupported	Sample count combination not supported at vktPipelineMultisampleTests.cpp:5711
dEQP-VK.pipeline.monolithic.multisample.variable_rate.16_64_fb_16	NotSupported	Sample count combination not supported at vktPipelineMultisampleTests.cpp:5711
dEQP-VK.pipeline.monolithic.multisample.variable_rate.16_64_fb_16_unused	NotSupported	Sample count combination not supported at vktPipelineMultisampleTests.cpp:5711
dEQP-VK.pipeline.monolithic.multisample.variable_rate.16_64_fb_1_unused	NotSupported	Sample count combination not supported at vktPipelineMultisampleTests.cpp:5711
dEQP-VK.pipeline.monolithic.multisample.variable_rate.16_64_fb_2	NotSupported	Sample count combination not supported at vktPipelineMultisampleTests.cpp:5711
dEQP-VK.pipeline.monolithic.multisample.variable_rate.16_64_fb_2_unused	NotSupported	Sample count combination not supported at vktPipelineMultisampleTests.cpp:5711
dEQP-VK.pipeline.monolithic.multisample.variable_rate.16_64_fb_32	NotSupported	Sample count combination not supported at vktPipelineMultisampleTests.cpp:5711
dEQP-VK.pipeline.monolithic.multisample.variable_rate.16_64_fb_32_unused	NotSupported	Sample count combination not supported at vktPipelineMultisampleTests.cpp:5711
dEQP-VK.pipeline.monolithic.multisample.variable_rate.16_64_fb_4	NotSupported	Sample count combination not supported at vktPipelineMultisampleTests.cpp:5711
dEQP-VK.pipeline.monolithic.multisample.variable_rate.16_64_fb_4_unused	NotSupported	Sample count combination not supported at vktPipelineMultisampleTests.cpp:5711
dEQP-VK.pipeline.monolithic.multisample.variable_rate.16_64_fb_64	NotSupported	Sample count combination not supported at vktPipelineMultisampleTests.cpp:5711
dEQP-VK.pipeline.monolithic.multisample.variable_rate.16_64_fb_64_unused	NotSupported	Sample count combination not supported at vktPipelineMultisampleTests.cpp:5711
dEQP-VK.pipeline.monolithic.multisample.variable_rate.16_64_fb_8	NotSupported	Sample count combination not supported at vktPipelineMultisampleTests.cpp:5711
dEQP-VK.pipeline.monolithic.multisample.variable_rate.16_64_fb_8_unused	NotSupported	Sample count combination not supported at vktPipelineMultisampleTests.cpp:5711
dEQP-VK.pipeline.monolithic.multisample.variable_rate.16_8	NotSupported	Sample count combination not supported at vktPipelineMultisampleTests.cpp:5711
dEQP-VK.pipeline.monolithic.multisample.variable_rate.16_8_1	NotSupported	Sample count combination not supported at vktPipelineMultisampleTests.cpp:5711
dEQP-VK.pipeline.monolithic.multisample.variable_rate.16_8_16	NotSupported	Sample count combination not supported at vktPipelineMultisampleTests.cpp:5711
dEQP-VK.pipeline.monolithic.multisample.variable_rate.16_8_2	NotSupported	Sample count combination not supported at vktPipelineMultisampleTests.cpp:5711
dEQP-VK.pipeline.monolithic.multisample.variable_rate.16_8_32	NotSupported	Sample count combination not supported at vktPipelineMultisampleTests.cpp:5711
dEQP-VK.pipeline.monolithic.multisample.variable_rate.16_8_4	NotSupported	Sample count combination not supported at vktPipelineMultisampleTests.cpp:5711
dEQP-VK.pipeline.monolithic.multisample.variable_rate.16_8_64	NotSupported	Sample count combination not supported at vktPipelineMultisampleTests.cpp:5711
dEQP-VK.pipeline.monolithic.multisample.variable_rate.16_8_8	NotSupported	Sample count combination not supported at vktPipelineMultisampleTests.cpp:5711
dEQP-VK.pipeline.monolithic.multisample.variable_rate.16_8_fb_1	NotSupported	Sample count combination not supported at vktPipelineMultisampleTests.cpp:5711
dEQP-VK.pipeline.monolithic.multisample.variable_rate.16_8_fb_16	NotSupported	Sample count combination not supported at vktPipelineMultisampleTests.cpp:5711
dEQP-VK.pipeline.monolithic.multisample.variable_rate.16_8_fb_16_unused	NotSupported	Sample count combination not supported at vktPipelineMultisampleTests.cpp:5711
dEQP-VK.pipeline.monolithic.multisample.variable_rate.16_8_fb_1_unused	NotSupported	Sample count combination not supported at vktPipelineMultisampleTests.cpp:5711
dEQP-VK.pipeline.monolithic.multisample.variable_rate.16_8_fb_2	NotSupported	Sample count combination not supported at vktPipelineMultisampleTests.cpp:5711
dEQP-VK.pipeline.monolithic.multisample.variable_rate.16_8_fb_2_unused	NotSupported	Sample count combination not supported at vktPipelineMultisampleTests.cpp:5711
dEQP-VK.pipeline.monolithic.multisample.variable_rate.16_8_fb_32	NotSupported	Sample count combination not supported at vktPipelineMultisampleTests.cpp:5711
dEQP-VK.pipeline.monolithic.multisample.variable_rate.16_8_fb_32_unused	NotSupported	Sample count combination not supported at vktPipelineMultisampleTests.cpp:5711
dEQP-VK.pipeline.monolithic.multisample.variable_rate.16_8_fb_4	NotSupported	Sample count combination not supported at vktPipelineMultisampleTests.cpp:5711
dEQP-VK.pipeline.monolithic.multisample.variable_rate.16_8_fb_4_unused	NotSupported	Sample count combination not supported at vktPipelineMultisampleTests.cpp:5711
dEQP-VK.pipeline.monolithic.multisample.variable_rate.16_8_fb_64	NotSupported	Sample count combination not supported at vktPipelineMultisampleTests.cpp:5711
dEQP-VK.pipeline.monolithic.multisample.variable_rate.16_8_fb_64_unused	NotSupported	Sample count combination not supported at vktPipelineMultisampleTests.cpp:5711
dEQP-VK.pipeline.monolithic.multisample.variable_rate.16_8_fb_8	NotSupported	Sample count combination not supported at vktPipelineMultisampleTests.cpp:5711
dEQP-VK.pipeline.monolithic.multisample.variable_rate.16_8_fb_8_unused	NotSupported	Sample count combination not supported at vktPipelineMultisampleTests.cpp:5711
dEQP-VK.pipeline.monolithic.multisample.variable_rate.1_16	NotSupported	Sample count combination not supported at vktPipelineMultisampleTests.cpp:5711
dEQP-VK.pipeline.monolithic.multisample.variable_rate.1_16_1	NotSupported	Sample count combination not supported at vktPipelineMultisampleTests.cpp:5711
dEQP-VK.pipeline.monolithic.multisample.variable_rate.1_16_16	NotSupported	Sample count combination not supported at vktPipelineMultisampleTests.cpp:5711
dEQP-VK.pipeline.monolithic.multisample.variable_rate.1_16_2	NotSupported	Sample count combination not supported at vktPipelineMultisampleTests.cpp:5711
dEQP-VK.pipeline.monolithic.multisample.variable_rate.1_16_32	NotSupported	Sample count combination not supported at vktPipelineMultisampleTests.cpp:5711
dEQP-VK.pipeline.monolithic.multisample.variable_rate.1_16_4	NotSupported	Sample count combination not supported at vktPipelineMultisampleTests.cpp:5711
dEQP-VK.pipeline.monolithic.multisample.variable_rate.1_16_64	NotSupported	Sample count combination not supported at vktPipelineMultisampleTests.cpp:5711
dEQP-VK.pipeline.monolithic.multisample.variable_rate.1_16_8	NotSupported	Sample count combination not supported at vktPipelineMultisampleTests.cpp:5711
dEQP-VK.pipeline.monolithic.multisample.variable_rate.1_16_fb_1	NotSupported	Sample count combination not supported at vktPipelineMultisampleTests.cpp:5711
dEQP-VK.pipeline.monolithic.multisample.variable_rate.1_16_fb_16	NotSupported	Sample count combination not supported at vktPipelineMultisampleTests.cpp:5711
dEQP-VK.pipeline.monolithic.multisample.variable_rate.1_16_fb_16_unused	NotSupported	Sample count combination not supported at vktPipelineMultisampleTests.cpp:5711
dEQP-VK.pipeline.monolithic.multisample.variable_rate.1_16_fb_1_unused	NotSupported	Sample count combination not supported at vktPipelineMultisampleTests.cpp:5711
dEQP-VK.pipeline.monolithic.multisample.variable_rate.1_16_fb_2	NotSupported	Sample count combination not supported at vktPipelineMultisampleTests.cpp:5711
dEQP-VK.pipeline.monolithic.multisample.variable_rate.1_16_fb_2_unused	NotSupported	Sample count combination not supported at vktPipelineMultisampleTests.cpp:5711
dEQP-VK.pipeline.monolithic.multisample.variable_rate.1_16_fb_32	NotSupported	Sample count combination not supported at vktPipelineMultisampleTests.cpp:5711
dEQP-VK.pipeline.monolithic.multisample.variable_rate.1_16_fb_32_unused	NotSupported	Sample count combination not supported at vktPipelineMultisampleTests.cpp:5711
dEQP-VK.pipeline.monolithic.multisample.variable_rate.1_16_fb_4	NotSupported	Sample count combination not supported at vktPipelineMultisampleTests.cpp:5711
dEQP-VK.pipeline.monolithic.multisample.variable_rate.1_16_fb_4_unused	NotSupported	Sample count combination not supported at vktPipelineMultisampleTests.cpp:5711
dEQP-VK.pipeline.monolithic.multisample.variable_rate.1_16_fb_64	NotSupported	Sample count combination not supported at vktPipelineMultisampleTests.cpp:5711
dEQP-VK.pipeline.monolithic.multisample.variable_rate.1_16_fb_64_unused	NotSupported	Sample count combination not supported at vktPipelineMultisampleTests.cpp:5711
dEQP-VK.pipeline.monolithic.multisample.variable_rate.1_16_fb_8	NotSupported	Sample count combination not supported at vktPipelineMultisampleTests.cpp:5711
dEQP-VK.pipeline.monolithic.multisample.variable_rate.1_16_fb_8_unused	NotSupported	Sample count combination not supported at vktPipelineMultisampleTests.cpp:5711
dEQP-VK.pipeline.monolithic.multisample.variable_rate.1_1_16	NotSupported	Sample count combination not supported at vktPipelineMultisampleTests.cpp:5711
dEQP-VK.pipeline.monolithic.multisample.variable_rate.1_1_2	NotSupported	Sample count combination not supported at vktPipelineMultisampleTests.cpp:5711
dEQP-VK.pipeline.monolithic.multisample.variable_rate.1_1_32	NotSupported	Sample count combination not supported at vktPipelineMultisampleTests.cpp:5711
dEQP-VK.pipeline.monolithic.multisample.variable_rate.1_1_4	Pass	Pass
dEQP-VK.pipeline.monolithic.multisample.variable_rate.1_1_64	NotSupported	Sample count combination not supported at vktPipelineMultisampleTests.cpp:5711
dEQP-VK.pipeline.monolithic.multisample.variable_rate.1_1_8	Pass	Pass
dEQP-VK.pipeline.monolithic.multisample.variable_rate.1_2	NotSupported	Sample count combination not supported at vktPipelineMultisampleTests.cpp:5711
dEQP-VK.pipeline.monolithic.multisample.variable_rate.1_2_1	NotSupported	Sample count combination not supported at vktPipelineMultisampleTests.cpp:5711
dEQP-VK.pipeline.monolithic.multisample.variable_rate.1_2_16	NotSupported	Sample count combination not supported at vktPipelineMultisampleTests.cpp:5711
dEQP-VK.pipeline.monolithic.multisample.variable_rate.1_2_2	NotSupported	Sample count combination not supported at vktPipelineMultisampleTests.cpp:5711
dEQP-VK.pipeline.monolithic.multisample.variable_rate.1_2_32	NotSupported	Sample count combination not supported at vktPipelineMultisampleTests.cpp:5711
dEQP-VK.pipeline.monolithic.multisample.variable_rate.1_2_4	NotSupported	Sample count combination not supported at vktPipelineMultisampleTests.cpp:5711
dEQP-VK.pipeline.monolithic.multisample.variable_rate.1_2_64	NotSupported	Sample count combination not supported at vktPipelineMultisampleTests.cpp:5711
dEQP-VK.pipeline.monolithic.multisample.variable_rate.1_2_8	NotSupported	Sample count combination not supported at vktPipelineMultisampleTests.cpp:5711
dEQP-VK.pipeline.monolithic.multisample.variable_rate.1_2_fb_1	NotSupported	Sample count combination not supported at vktPipelineMultisampleTests.cpp:5711
dEQP-VK.pipeline.monolithic.multisample.variable_rate.1_2_fb_16	NotSupported	Sample count combination not supported at vktPipelineMultisampleTests.cpp:5711
dEQP-VK.pipeline.monolithic.multisample.variable_rate.1_2_fb_16_unused	NotSupported	Sample count combination not supported at vktPipelineMultisampleTests.cpp:5711
dEQP-VK.pipeline.monolithic.multisample.variable_rate.1_2_fb_1_unused	NotSupported	Sample count combination not supported at vktPipelineMultisampleTests.cpp:5711
dEQP-VK.pipeline.monolithic.multisample.variable_rate.1_2_fb_2	NotSupported	Sample count combination not supported at vktPipelineMultisampleTests.cpp:5711
dEQP-VK.pipeline.monolithic.multisample.variable_rate.1_2_fb_2_unused	NotSupported	Sample count combination not supported at vktPipelineMultisampleTests.cpp:5711
dEQP-VK.pipeline.monolithic.multisample.variable_rate.1_2_fb_32	NotSupported	Sample count combination not supported at vktPipelineMultisampleTests.cpp:5711
dEQP-VK.pipeline.monolithic.multisample.variable_rate.1_2_fb_32_unused	NotSupported	Sample count combination not supported at vktPipelineMultisampleTests.cpp:5711
dEQP-VK.pipeline.monolithic.multisample.variable_rate.1_2_fb_4	NotSupported	Sample count combination not supported at vktPipelineMultisampleTests.cpp:5711
dEQP-VK.pipeline.monolithic.multisample.variable_rate.1_2_fb_4_unused	NotSupported	Sample count combination not supported at vktPipelineMultisampleTests.cpp:5711
dEQP-VK.pipeline.monolithic.multisample.variable_rate.1_2_fb_64	NotSupported	Sample count combination not supported at vktPipelineMultisampleTests.cpp:5711
dEQP-VK.pipeline.monolithic.multisample.variable_rate.1_2_fb_64_unused	NotSupported	Sample count combination not supported at vktPipelineMultisampleTests.cpp:5711
dEQP-VK.pipeline.monolithic.multisample.variable_rate.1_2_fb_8	NotSupported	Sample count combination not supported at vktPipelineMultisampleTests.cpp:5711
dEQP-VK.pipeline.monolithic.multisample.variable_rate.1_2_fb_8_unused	NotSupported	Sample count combination not supported at vktPipelineMultisampleTests.cpp:5711
dEQP-VK.pipeline.monolithic.multisample.variable_rate.1_32	NotSupported	Sample count combination not supported at vktPipelineMultisampleTests.cpp:5711
dEQP-VK.pipeline.monolithic.multisample.variable_rate.1_32_1	NotSupported	Sample count combination not supported at vktPipelineMultisampleTests.cpp:5711
dEQP-VK.pipeline.monolithic.multisample.variable_rate.1_32_16	NotSupported	Sample count combination not supported at vktPipelineMultisampleTests.cpp:5711
dEQP-VK.pipeline.monolithic.multisample.variable_rate.1_32_2	NotSupported	Sample count combination not supported at vktPipelineMultisampleTests.cpp:5711
dEQP-VK.pipeline.monolithic.multisample.variable_rate.1_32_32	NotSupported	Sample count combination not supported at vktPipelineMultisampleTests.cpp:5711
dEQP-VK.pipeline.monolithic.multisample.variable_rate.1_32_4	NotSupported	Sample count combination not supported at vktPipelineMultisampleTests.cpp:5711
dEQP-VK.pipeline.monolithic.multisample.variable_rate.1_32_64	NotSupported	Sample count combination not supported at vktPipelineMultisampleTests.cpp:5711
dEQP-VK.pipeline.monolithic.multisample.variable_rate.1_32_8	NotSupported	Sample count combination not supported at vktPipelineMultisampleTests.cpp:5711
dEQP-VK.pipeline.monolithic.multisample.variable_rate.1_32_fb_1	NotSupported	Sample count combination not supported at vktPipelineMultisampleTests.cpp:5711
dEQP-VK.pipeline.monolithic.multisample.variable_rate.1_32_fb_16	NotSupported	Sample count combination not supported at vktPipelineMultisampleTests.cpp:5711
dEQP-VK.pipeline.monolithic.multisample.variable_rate.1_32_fb_16_unused	NotSupported	Sample count combination not supported at vktPipelineMultisampleTests.cpp:5711
dEQP-VK.pipeline.monolithic.multisample.variable_rate.1_32_fb_1_unused	NotSupported	Sample count combination not supported at vktPipelineMultisampleTests.cpp:5711
dEQP-VK.pipeline.monolithic.multisample.variable_rate.1_32_fb_2	NotSupported	Sample count combination not supported at vktPipelineMultisampleTests.cpp:5711
dEQP-VK.pipeline.monolithic.multisample.variable_rate.1_32_fb_2_unused	NotSupported	Sample count combination not supported at vktPipelineMultisampleTests.cpp:5711
dEQP-VK.pipeline.monolithic.multisample.variable_rate.1_32_fb_32	NotSupported	Sample count combination not supported at vktPipelineMultisampleTests.cpp:5711
dEQP-VK.pipeline.monolithic.multisample.variable_rate.1_32_fb_32_unused	NotSupported	Sample count combination not supported at vktPipelineMultisampleTests.cpp:5711
dEQP-VK.pipeline.monolithic.multisample.variable_rate.1_32_fb_4	NotSupported	Sample count combination not supported at vktPipelineMultisampleTests.cpp:5711
dEQP-VK.pipeline.monolithic.multisample.variable_rate.1_32_fb_4_unused	NotSupported	Sample count combination not supported at vktPipelineMultisampleTests.cpp:5711
dEQP-VK.pipeline.monolithic.multisample.variable_rate.1_32_fb_64	NotSupported	Sample count combination not supported at vktPipelineMultisampleTests.cpp:5711
dEQP-VK.pipeline.monolithic.multisample.variable_rate.1_32_fb_64_unused	NotSupported	Sample count combination not supported at vktPipelineMultisampleTests.cpp:5711
dEQP-VK.pipeline.monolithic.multisample.variable_rate.1_32_fb_8	NotSupported	Sample count combination not supported at vktPipelineMultisampleTests.cpp:5711
dEQP-VK.pipeline.monolithic.multisample.variable_rate.1_32_fb_8_unused	NotSupported	Sample count combination not supported at vktPipelineMultisampleTests.cpp:5711
dEQP-VK.pipeline.monolithic.multisample.variable_rate.1_4	Pass	Pass
dEQP-VK.pipeline.monolithic.multisample.variable_rate.1_4_1	Pass	Pass
dEQP-VK.pipeline.monolithic.multisample.variable_rate.1_4_16	NotSupported	Sample count combination not supported at vktPipelineMultisampleTests.cpp:5711
dEQP-VK.pipeline.monolithic.multisample.variable_rate.1_4_2	NotSupported	Sample count combination not supported at vktPipelineMultisampleTests.cpp:5711
dEQP-VK.pipeline.monolithic.multisample.variable_rate.1_4_32	NotSupported	Sample count combination not supported at vktPipelineMultisampleTests.cpp:5711
dEQP-VK.pipeline.monolithic.multisample.variable_rate.1_4_4	Pass	Pass
dEQP-VK.pipeline.monolithic.multisample.variable_rate.1_4_64	NotSupported	Sample count combination not supported at vktPipelineMultisampleTests.cpp:5711
dEQP-VK.pipeline.monolithic.multisample.variable_rate.1_4_8	Pass	Pass
dEQP-VK.pipeline.monolithic.multisample.variable_rate.1_4_fb_1	Pass	Pass
dEQP-VK.pipeline.monolithic.multisample.variable_rate.1_4_fb_16	Pass	Pass
dEQP-VK.pipeline.monolithic.multisample.variable_rate.1_4_fb_16_unused	Pass	Pass
dEQP-VK.pipeline.monolithic.multisample.variable_rate.1_4_fb_1_unused	Pass	Pass
dEQP-VK.pipeline.monolithic.multisample.variable_rate.1_4_fb_2	NotSupported	Sample count of 2 not supported for color attachment at vktPipelineMultisampleTests.cpp:5722
dEQP-VK.pipeline.monolithic.multisample.variable_rate.1_4_fb_2_unused	NotSupported	Sample count of 2 not supported for color attachment at vktPipelineMultisampleTests.cpp:5722
dEQP-VK.pipeline.monolithic.multisample.variable_rate.1_4_fb_32	NotSupported	Sample count of 32 not supported for color attachment at vktPipelineMultisampleTests.cpp:5722
dEQP-VK.pipeline.monolithic.multisample.variable_rate.1_4_fb_32_unused	NotSupported	Sample count of 32 not supported for color attachment at vktPipelineMultisampleTests.cpp:5722
dEQP-VK.pipeline.monolithic.multisample.variable_rate.1_4_fb_4	Pass	Pass
dEQP-VK.pipeline.monolithic.multisample.variable_rate.1_4_fb_4_unused	Pass	Pass
dEQP-VK.pipeline.monolithic.multisample.variable_rate.1_4_fb_64	NotSupported	Sample count of 64 not supported for color attachment at vktPipelineMultisampleTests.cpp:5722
dEQP-VK.pipeline.monolithic.multisample.variable_rate.1_4_fb_64_unused	NotSupported	Sample count of 64 not supported for color attachment at vktPipelineMultisampleTests.cpp:5722
dEQP-VK.pipeline.monolithic.multisample.variable_rate.1_4_fb_8	Pass	Pass
dEQP-VK.pipeline.monolithic.multisample.variable_rate.1_4_fb_8_unused	Pass	Pass
dEQP-VK.pipeline.monolithic.multisample.variable_rate.1_64	NotSupported	Sample count combination not supported at vktPipelineMultisampleTests.cpp:5711
dEQP-VK.pipeline.monolithic.multisample.variable_rate.1_64_1	NotSupported	Sample count combination not supported at vktPipelineMultisampleTests.cpp:5711
dEQP-VK.pipeline.monolithic.multisample.variable_rate.1_64_16	NotSupported	Sample count combination not supported at vktPipelineMultisampleTests.cpp:5711
dEQP-VK.pipeline.monolithic.multisample.variable_rate.1_64_2	NotSupported	Sample count combination not supported at vktPipelineMultisampleTests.cpp:5711
dEQP-VK.pipeline.monolithic.multisample.variable_rate.1_64_32	NotSupported	Sample count combination not supported at vktPipelineMultisampleTests.cpp:5711
dEQP-VK.pipeline.monolithic.multisample.variable_rate.1_64_4	NotSupported	Sample count combination not supported at vktPipelineMultisampleTests.cpp:5711
dEQP-VK.pipeline.monolithic.multisample.variable_rate.1_64_64	NotSupported	Sample count combination not supported at vktPipelineMultisampleTests.cpp:5711
dEQP-VK.pipeline.monolithic.multisample.variable_rate.1_64_8	NotSupported	Sample count combination not supported at vktPipelineMultisampleTests.cpp:5711
dEQP-VK.pipeline.monolithic.multisample.variable_rate.1_64_fb_1	NotSupported	Sample count combination not supported at vktPipelineMultisampleTests.cpp:5711
dEQP-VK.pipeline.monolithic.multisample.variable_rate.1_64_fb_16	NotSupported	Sample count combination not supported at vktPipelineMultisampleTests.cpp:5711
dEQP-VK.pipeline.monolithic.multisample.variable_rate.1_64_fb_16_unused	NotSupported	Sample count combination not supported at vktPipelineMultisampleTests.cpp:5711
dEQP-VK.pipeline.monolithic.multisample.variable_rate.1_64_fb_1_unused	NotSupported	Sample count combination not supported at vktPipelineMultisampleTests.cpp:5711
dEQP-VK.pipeline.monolithic.multisample.variable_rate.1_64_fb_2	NotSupported	Sample count combination not supported at vktPipelineMultisampleTests.cpp:5711
dEQP-VK.pipeline.monolithic.multisample.variable_rate.1_64_fb_2_unused	NotSupported	Sample count combination not supported at vktPipelineMultisampleTests.cpp:5711
dEQP-VK.pipeline.monolithic.multisample.variable_rate.1_64_fb_32	NotSupported	Sample count combination not supported at vktPipelineMultisampleTests.cpp:5711
dEQP-VK.pipeline.monolithic.multisample.variable_rate.1_64_fb_32_unused	NotSupported	Sample count combination not supported at vktPipelineMultisampleTests.cpp:5711
dEQP-VK.pipeline.monolithic.multisample.variable_rate.1_64_fb_4	NotSupported	Sample count combination not supported at vktPipelineMultisampleTests.cpp:5711
dEQP-VK.pipeline.monolithic.multisample.variable_rate.1_64_fb_4_unused	NotSupported	Sample count combination not supported at vktPipelineMultisampleTests.cpp:5711
dEQP-VK.pipeline.monolithic.multisample.variable_rate.1_64_fb_64	NotSupported	Sample count combination not supported at vktPipelineMultisampleTests.cpp:5711
dEQP-VK.pipeline.monolithic.multisample.variable_rate.1_64_fb_64_unused	NotSupported	Sample count combination not supported at vktPipelineMultisampleTests.cpp:5711
dEQP-VK.pipeline.monolithic.multisample.variable_rate.1_64_fb_8	NotSupported	Sample count combination not supported at vktPipelineMultisampleTests.cpp:5711
dEQP-VK.pipeline.monolithic.multisample.variable_rate.1_64_fb_8_unused	NotSupported	Sample count combination not supported at vktPipelineMultisampleTests.cpp:5711
dEQP-VK.pipeline.monolithic.multisample.variable_rate.1_8	Pass	Pass
dEQP-VK.pipeline.monolithic.multisample.variable_rate.1_8_1	Pass	Pass
dEQP-VK.pipeline.monolithic.multisample.variable_rate.1_8_16	NotSupported	Sample count combination not supported at vktPipelineMultisampleTests.cpp:5711
dEQP-VK.pipeline.monolithic.multisample.variable_rate.1_8_2	NotSupported	Sample count combination not supported at vktPipelineMultisampleTests.cpp:5711
dEQP-VK.pipeline.monolithic.multisample.variable_rate.1_8_32	NotSupported	Sample count combination not supported at vktPipelineMultisampleTests.cpp:5711
dEQP-VK.pipeline.monolithic.multisample.variable_rate.1_8_4	Pass	Pass
dEQP-VK.pipeline.monolithic.multisample.variable_rate.1_8_64	NotSupported	Sample count combination not supported at vktPipelineMultisampleTests.cpp:5711
dEQP-VK.pipeline.monolithic.multisample.variable_rate.1_8_8	Pass	Pass
dEQP-VK.pipeline.monolithic.multisample.variable_rate.1_8_fb_1	Pass	Pass
dEQP-VK.pipeline.monolithic.multisample.variable_rate.1_8_fb_16	Pass	Pass
dEQP-VK.pipeline.monolithic.multisample.variable_rate.1_8_fb_16_unused	Pass	Pass
dEQP-VK.pipeline.monolithic.multisample.variable_rate.1_8_fb_1_unused	Pass	Pass
dEQP-VK.pipeline.monolithic.multisample.variable_rate.1_8_fb_2	NotSupported	Sample count of 2 not supported for color attachment at vktPipelineMultisampleTests.cpp:5722
dEQP-VK.pipeline.monolithic.multisample.variable_rate.1_8_fb_2_unused	NotSupported	Sample count of 2 not supported for color attachment at vktPipelineMultisampleTests.cpp:5722
dEQP-VK.pipeline.monolithic.multisample.variable_rate.1_8_fb_32	NotSupported	Sample count of 32 not supported for color attachment at vktPipelineMultisampleTests.cpp:5722
dEQP-VK.pipeline.monolithic.multisample.variable_rate.1_8_fb_32_unused	NotSupported	Sample count of 32 not supported for color attachment at vktPipelineMultisampleTests.cpp:5722
dEQP-VK.pipeline.monolithic.multisample.variable_rate.1_8_fb_4	Pass	Pass
dEQP-VK.pipeline.monolithic.multisample.variable_rate.1_8_fb_4_unused	Pass	Pass
dEQP-VK.pipeline.monolithic.multisample.variable_rate.1_8_fb_64	NotSupported	Sample count of 64 not supported for color attachment at vktPipelineMultisampleTests.cpp:5722
dEQP-VK.pipeline.monolithic.multisample.variable_rate.1_8_fb_64_unused	NotSupported	Sample count of 64 not supported for color attachment at vktPipelineMultisampleTests.cpp:5722
dEQP-VK.pipeline.monolithic.multisample.variable_rate.1_8_fb_8	Pass	Pass
dEQP-VK.pipeline.monolithic.multisample.variable_rate.1_8_fb_8_unused	Pass	Pass
dEQP-VK.pipeline.monolithic.multisample.variable_rate.2_1	NotSupported	Sample count combination not supported at vktPipelineMultisampleTests.cpp:5711
dEQP-VK.pipeline.monolithic.multisample.variable_rate.2_16	NotSupported	Sample count combination not supported at vktPipelineMultisampleTests.cpp:5711
dEQP-VK.pipeline.monolithic.multisample.variable_rate.2_16_1	NotSupported	Sample count combination not supported at vktPipelineMultisampleTests.cpp:5711
dEQP-VK.pipeline.monolithic.multisample.variable_rate.2_16_16	NotSupported	Sample count combination not supported at vktPipelineMultisampleTests.cpp:5711
dEQP-VK.pipeline.monolithic.multisample.variable_rate.2_16_2	NotSupported	Sample count combination not supported at vktPipelineMultisampleTests.cpp:5711
dEQP-VK.pipeline.monolithic.multisample.variable_rate.2_16_32	NotSupported	Sample count combination not supported at vktPipelineMultisampleTests.cpp:5711
dEQP-VK.pipeline.monolithic.multisample.variable_rate.2_16_4	NotSupported	Sample count combination not supported at vktPipelineMultisampleTests.cpp:5711
dEQP-VK.pipeline.monolithic.multisample.variable_rate.2_16_64	NotSupported	Sample count combination not supported at vktPipelineMultisampleTests.cpp:5711
dEQP-VK.pipeline.monolithic.multisample.variable_rate.2_16_8	NotSupported	Sample count combination not supported at vktPipelineMultisampleTests.cpp:5711
dEQP-VK.pipeline.monolithic.multisample.variable_rate.2_16_fb_1	NotSupported	Sample count combination not supported at vktPipelineMultisampleTests.cpp:5711
dEQP-VK.pipeline.monolithic.multisample.variable_rate.2_16_fb_16	NotSupported	Sample count combination not supported at vktPipelineMultisampleTests.cpp:5711
dEQP-VK.pipeline.monolithic.multisample.variable_rate.2_16_fb_16_unused	NotSupported	Sample count combination not supported at vktPipelineMultisampleTests.cpp:5711
dEQP-VK.pipeline.monolithic.multisample.variable_rate.2_16_fb_1_unused	NotSupported	Sample count combination not supported at vktPipelineMultisampleTests.cpp:5711
dEQP-VK.pipeline.monolithic.multisample.variable_rate.2_16_fb_2	NotSupported	Sample count combination not supported at vktPipelineMultisampleTests.cpp:5711
dEQP-VK.pipeline.monolithic.multisample.variable_rate.2_16_fb_2_unused	NotSupported	Sample count combination not supported at vktPipelineMultisampleTests.cpp:5711
dEQP-VK.pipeline.monolithic.multisample.variable_rate.2_16_fb_32	NotSupported	Sample count combination not supported at vktPipelineMultisampleTests.cpp:5711
dEQP-VK.pipeline.monolithic.multisample.variable_rate.2_16_fb_32_unused	NotSupported	Sample count combination not supported at vktPipelineMultisampleTests.cpp:5711
dEQP-VK.pipeline.monolithic.multisample.variable_rate.2_16_fb_4	NotSupported	Sample count combination not supported at vktPipelineMultisampleTests.cpp:5711
dEQP-VK.pipeline.monolithic.multisample.variable_rate.2_16_fb_4_unused	NotSupported	Sample count combination not supported at vktPipelineMultisampleTests.cpp:5711
dEQP-VK.pipeline.monolithic.multisample.variable_rate.2_16_fb_64	NotSupported	Sample count combination not supported at vktPipelineMultisampleTests.cpp:5711
dEQP-VK.pipeline.monolithic.multisample.variable_rate.2_16_fb_64_unused	NotSupported	Sample count combination not supported at vktPipelineMultisampleTests.cpp:5711
dEQP-VK.pipeline.monolithic.multisample.variable_rate.2_16_fb_8	NotSupported	Sample count combination not supported at vktPipelineMultisampleTests.cpp:5711
dEQP-VK.pipeline.monolithic.multisample.variable_rate.2_16_fb_8_unused	NotSupported	Sample count combination not supported at vktPipelineMultisampleTests.cpp:5711
dEQP-VK.pipeline.monolithic.multisample.variable_rate.2_1_1	NotSupported	Sample count combination not supported at vktPipelineMultisampleTests.cpp:5711
dEQP-VK.pipeline.monolithic.multisample.variable_rate.2_1_16	NotSupported	Sample count combination not supported at vktPipelineMultisampleTests.cpp:5711
dEQP-VK.pipeline.monolithic.multisample.variable_rate.2_1_2	NotSupported	Sample count combination not supported at vktPipelineMultisampleTests.cpp:5711
dEQP-VK.pipeline.monolithic.multisample.variable_rate.2_1_32	NotSupported	Sample count combination not supported at vktPipelineMultisampleTests.cpp:5711
dEQP-VK.pipeline.monolithic.multisample.variable_rate.2_1_4	NotSupported	Sample count combination not supported at vktPipelineMultisampleTests.cpp:5711
dEQP-VK.pipeline.monolithic.multisample.variable_rate.2_1_64	NotSupported	Sample count combination not supported at vktPipelineMultisampleTests.cpp:5711
dEQP-VK.pipeline.monolithic.multisample.variable_rate.2_1_8	NotSupported	Sample count combination not supported at vktPipelineMultisampleTests.cpp:5711
dEQP-VK.pipeline.monolithic.multisample.variable_rate.2_1_fb_1	NotSupported	Sample count combination not supported at vktPipelineMultisampleTests.cpp:5711
dEQP-VK.pipeline.monolithic.multisample.variable_rate.2_1_fb_16	NotSupported	Sample count combination not supported at vktPipelineMultisampleTests.cpp:5711
dEQP-VK.pipeline.monolithic.multisample.variable_rate.2_1_fb_16_unused	NotSupported	Sample count combination not supported at vktPipelineMultisampleTests.cpp:5711
dEQP-VK.pipeline.monolithic.multisample.variable_rate.2_1_fb_1_unused	NotSupported	Sample count combination not supported at vktPipelineMultisampleTests.cpp:5711
dEQP-VK.pipeline.monolithic.multisample.variable_rate.2_1_fb_2	NotSupported	Sample count combination not supported at vktPipelineMultisampleTests.cpp:5711
dEQP-VK.pipeline.monolithic.multisample.variable_rate.2_1_fb_2_unused	NotSupported	Sample count combination not supported at vktPipelineMultisampleTests.cpp:5711
dEQP-VK.pipeline.monolithic.multisample.variable_rate.2_1_fb_32	NotSupported	Sample count combination not supported at vktPipelineMultisampleTests.cpp:5711
dEQP-VK.pipeline.monolithic.multisample.variable_rate.2_1_fb_32_unused	NotSupported	Sample count combination not supported at vktPipelineMultisampleTests.cpp:5711
dEQP-VK.pipeline.monolithic.multisample.variable_rate.2_1_fb_4	NotSupported	Sample count combination not supported at vktPipelineMultisampleTests.cpp:5711
dEQP-VK.pipeline.monolithic.multisample.variable_rate.2_1_fb_4_unused	NotSupported	Sample count combination not supported at vktPipelineMultisampleTests.cpp:5711
dEQP-VK.pipeline.monolithic.multisample.variable_rate.2_1_fb_64	NotSupported	Sample count combination not supported at vktPipelineMultisampleTests.cpp:5711
dEQP-VK.pipeline.monolithic.multisample.variable_rate.2_1_fb_64_unused	NotSupported	Sample count combination not supported at vktPipelineMultisampleTests.cpp:5711
dEQP-VK.pipeline.monolithic.multisample.variable_rate.2_1_fb_8	NotSupported	Sample count combination not supported at vktPipelineMultisampleTests.cpp:5711
dEQP-VK.pipeline.monolithic.multisample.variable_rate.2_1_fb_8_unused	NotSupported	Sample count combination not supported at vktPipelineMultisampleTests.cpp:5711
dEQP-VK.pipeline.monolithic.multisample.variable_rate.2_2_1	NotSupported	Sample count combination not supported at vktPipelineMultisampleTests.cpp:5711
dEQP-VK.pipeline.monolithic.multisample.variable_rate.2_2_16	NotSupported	Sample count combination not supported at vktPipelineMultisampleTests.cpp:5711
dEQP-VK.pipeline.monolithic.multisample.variable_rate.2_2_32	NotSupported	Sample count combination not supported at vktPipelineMultisampleTests.cpp:5711
dEQP-VK.pipeline.monolithic.multisample.variable_rate.2_2_4	NotSupported	Sample count combination not supported at vktPipelineMultisampleTests.cpp:5711
dEQP-VK.pipeline.monolithic.multisample.variable_rate.2_2_64	NotSupported	Sample count combination not supported at vktPipelineMultisampleTests.cpp:5711
dEQP-VK.pipeline.monolithic.multisample.variable_rate.2_2_8	NotSupported	Sample count combination not supported at vktPipelineMultisampleTests.cpp:5711
dEQP-VK.pipeline.monolithic.multisample.variable_rate.2_32	NotSupported	Sample count combination not supported at vktPipelineMultisampleTests.cpp:5711
dEQP-VK.pipeline.monolithic.multisample.variable_rate.2_32_1	NotSupported	Sample count combination not supported at vktPipelineMultisampleTests.cpp:5711
dEQP-VK.pipeline.monolithic.multisample.variable_rate.2_32_16	NotSupported	Sample count combination not supported at vktPipelineMultisampleTests.cpp:5711
dEQP-VK.pipeline.monolithic.multisample.variable_rate.2_32_2	NotSupported	Sample count combination not supported at vktPipelineMultisampleTests.cpp:5711
dEQP-VK.pipeline.monolithic.multisample.variable_rate.2_32_32	NotSupported	Sample count combination not supported at vktPipelineMultisampleTests.cpp:5711
dEQP-VK.pipeline.monolithic.multisample.variable_rate.2_32_4	NotSupported	Sample count combination not supported at vktPipelineMultisampleTests.cpp:5711
dEQP-VK.pipeline.monolithic.multisample.variable_rate.2_32_64	NotSupported	Sample count combination not supported at vktPipelineMultisampleTests.cpp:5711
dEQP-VK.pipeline.monolithic.multisample.variable_rate.2_32_8	NotSupported	Sample count combination not supported at vktPipelineMultisampleTests.cpp:5711
dEQP-VK.pipeline.monolithic.multisample.variable_rate.2_32_fb_1	NotSupported	Sample count combination not supported at vktPipelineMultisampleTests.cpp:5711
dEQP-VK.pipeline.monolithic.multisample.variable_rate.2_32_fb_16	NotSupported	Sample count combination not supported at vktPipelineMultisampleTests.cpp:5711
dEQP-VK.pipeline.monolithic.multisample.variable_rate.2_32_fb_16_unused	NotSupported	Sample count combination not supported at vktPipelineMultisampleTests.cpp:5711
dEQP-VK.pipeline.monolithic.multisample.variable_rate.2_32_fb_1_unused	NotSupported	Sample count combination not supported at vktPipelineMultisampleTests.cpp:5711
dEQP-VK.pipeline.monolithic.multisample.variable_rate.2_32_fb_2	NotSupported	Sample count combination not supported at vktPipelineMultisampleTests.cpp:5711
dEQP-VK.pipeline.monolithic.multisample.variable_rate.2_32_fb_2_unused	NotSupported	Sample count combination not supported at vktPipelineMultisampleTests.cpp:5711
dEQP-VK.pipeline.monolithic.multisample.variable_rate.2_32_fb_32	NotSupported	Sample count combination not supported at vktPipelineMultisampleTests.cpp:5711
dEQP-VK.pipeline.monolithic.multisample.variable_rate.2_32_fb_32_unused	NotSupported	Sample count combination not supported at vktPipelineMultisampleTests.cpp:5711
dEQP-VK.pipeline.monolithic.multisample.variable_rate.2_32_fb_4	NotSupported	Sample count combination not supported at vktPipelineMultisampleTests.cpp:5711
dEQP-VK.pipeline.monolithic.multisample.variable_rate.2_32_fb_4_unused	NotSupported	Sample count combination not supported at vktPipelineMultisampleTests.cpp:5711
dEQP-VK.pipeline.monolithic.multisample.variable_rate.2_32_fb_64	NotSupported	Sample count combination not supported at vktPipelineMultisampleTests.cpp:5711
dEQP-VK.pipeline.monolithic.multisample.variable_rate.2_32_fb_64_unused	NotSupported	Sample count combination not supported at vktPipelineMultisampleTests.cpp:5711
dEQP-VK.pipeline.monolithic.multisample.variable_rate.2_32_fb_8	NotSupported	Sample count combination not supported at vktPipelineMultisampleTests.cpp:5711
dEQP-VK.pipeline.monolithic.multisample.variable_rate.2_32_fb_8_unused	NotSupported	Sample count combination not supported at vktPipelineMultisampleTests.cpp:5711
dEQP-VK.pipeline.monolithic.multisample.variable_rate.2_4	NotSupported	Sample count combination not supported at vktPipelineMultisampleTests.cpp:5711
dEQP-VK.pipeline.monolithic.multisample.variable_rate.2_4_1	NotSupported	Sample count combination not supported at vktPipelineMultisampleTests.cpp:5711
dEQP-VK.pipeline.monolithic.multisample.variable_rate.2_4_16	NotSupported	Sample count combination not supported at vktPipelineMultisampleTests.cpp:5711
dEQP-VK.pipeline.monolithic.multisample.variable_rate.2_4_2	NotSupported	Sample count combination not supported at vktPipelineMultisampleTests.cpp:5711
dEQP-VK.pipeline.monolithic.multisample.variable_rate.2_4_32	NotSupported	Sample count combination not supported at vktPipelineMultisampleTests.cpp:5711
dEQP-VK.pipeline.monolithic.multisample.variable_rate.2_4_4	NotSupported	Sample count combination not supported at vktPipelineMultisampleTests.cpp:5711
dEQP-VK.pipeline.monolithic.multisample.variable_rate.2_4_64	NotSupported	Sample count combination not supported at vktPipelineMultisampleTests.cpp:5711
dEQP-VK.pipeline.monolithic.multisample.variable_rate.2_4_8	NotSupported	Sample count combination not supported at vktPipelineMultisampleTests.cpp:5711
dEQP-VK.pipeline.monolithic.multisample.variable_rate.2_4_fb_1	NotSupported	Sample count combination not supported at vktPipelineMultisampleTests.cpp:5711
dEQP-VK.pipeline.monolithic.multisample.variable_rate.2_4_fb_16	NotSupported	Sample count combination not supported at vktPipelineMultisampleTests.cpp:5711
dEQP-VK.pipeline.monolithic.multisample.variable_rate.2_4_fb_16_unused	NotSupported	Sample count combination not supported at vktPipelineMultisampleTests.cpp:5711
dEQP-VK.pipeline.monolithic.multisample.variable_rate.2_4_fb_1_unused	NotSupported	Sample count combination not supported at vktPipelineMultisampleTests.cpp:5711
dEQP-VK.pipeline.monolithic.multisample.variable_rate.2_4_fb_2	NotSupported	Sample count combination not supported at vktPipelineMultisampleTests.cpp:5711
dEQP-VK.pipeline.monolithic.multisample.variable_rate.2_4_fb_2_unused	NotSupported	Sample count combination not supported at vktPipelineMultisampleTests.cpp:5711
dEQP-VK.pipeline.monolithic.multisample.variable_rate.2_4_fb_32	NotSupported	Sample count combination not supported at vktPipelineMultisampleTests.cpp:5711
dEQP-VK.pipeline.monolithic.multisample.variable_rate.2_4_fb_32_unused	NotSupported	Sample count combination not supported at vktPipelineMultisampleTests.cpp:5711
dEQP-VK.pipeline.monolithic.multisample.variable_rate.2_4_fb_4	NotSupported	Sample count combination not supported at vktPipelineMultisampleTests.cpp:5711
dEQP-VK.pipeline.monolithic.multisample.variable_rate.2_4_fb_4_unused	NotSupported	Sample count combination not supported at vktPipelineMultisampleTests.cpp:5711
dEQP-VK.pipeline.monolithic.multisample.variable_rate.2_4_fb_64	NotSupported	Sample count combination not supported at vktPipelineMultisampleTests.cpp:5711
dEQP-VK.pipeline.monolithic.multisample.variable_rate.2_4_fb_64_unused	NotSupported	Sample count combination not supported at vktPipelineMultisampleTests.cpp:5711
dEQP-VK.pipeline.monolithic.multisample.variable_rate.2_4_fb_8	NotSupported	Sample count combination not supported at vktPipelineMultisampleTests.cpp:5711
dEQP-VK.pipeline.monolithic.multisample.variable_rate.2_4_fb_8_unused	NotSupported	Sample count combination not supported at vktPipelineMultisampleTests.cpp:5711
dEQP-VK.pipeline.monolithic.multisample.variable_rate.2_64	NotSupported	Sample count combination not supported at vktPipelineMultisampleTests.cpp:5711
dEQP-VK.pipeline.monolithic.multisample.variable_rate.2_64_1	NotSupported	Sample count combination not supported at vktPipelineMultisampleTests.cpp:5711
dEQP-VK.pipeline.monolithic.multisample.variable_rate.2_64_16	NotSupported	Sample count combination not supported at vktPipelineMultisampleTests.cpp:5711
dEQP-VK.pipeline.monolithic.multisample.variable_rate.2_64_2	NotSupported	Sample count combination not supported at vktPipelineMultisampleTests.cpp:5711
dEQP-VK.pipeline.monolithic.multisample.variable_rate.2_64_32	NotSupported	Sample count combination not supported at vktPipelineMultisampleTests.cpp:5711
dEQP-VK.pipeline.monolithic.multisample.variable_rate.2_64_4	NotSupported	Sample count combination not supported at vktPipelineMultisampleTests.cpp:5711
dEQP-VK.pipeline.monolithic.multisample.variable_rate.2_64_64	NotSupported	Sample count combination not supported at vktPipelineMultisampleTests.cpp:5711
dEQP-VK.pipeline.monolithic.multisample.variable_rate.2_64_8	NotSupported	Sample count combination not supported at vktPipelineMultisampleTests.cpp:5711
dEQP-VK.pipeline.monolithic.multisample.variable_rate.2_64_fb_1	NotSupported	Sample count combination not supported at vktPipelineMultisampleTests.cpp:5711
dEQP-VK.pipeline.monolithic.multisample.variable_rate.2_64_fb_16	NotSupported	Sample count combination not supported at vktPipelineMultisampleTests.cpp:5711
dEQP-VK.pipeline.monolithic.multisample.variable_rate.2_64_fb_16_unused	NotSupported	Sample count combination not supported at vktPipelineMultisampleTests.cpp:5711
dEQP-VK.pipeline.monolithic.multisample.variable_rate.2_64_fb_1_unused	NotSupported	Sample count combination not supported at vktPipelineMultisampleTests.cpp:5711
dEQP-VK.pipeline.monolithic.multisample.variable_rate.2_64_fb_2	NotSupported	Sample count combination not supported at vktPipelineMultisampleTests.cpp:5711
dEQP-VK.pipeline.monolithic.multisample.variable_rate.2_64_fb_2_unused	NotSupported	Sample count combination not supported at vktPipelineMultisampleTests.cpp:5711
dEQP-VK.pipeline.monolithic.multisample.variable_rate.2_64_fb_32	NotSupported	Sample count combination not supported at vktPipelineMultisampleTests.cpp:5711
dEQP-VK.pipeline.monolithic.multisample.variable_rate.2_64_fb_32_unused	NotSupported	Sample count combination not supported at vktPipelineMultisampleTests.cpp:5711
dEQP-VK.pipeline.monolithic.multisample.variable_rate.2_64_fb_4	NotSupported	Sample count combination not supported at vktPipelineMultisampleTests.cpp:5711
dEQP-VK.pipeline.monolithic.multisample.variable_rate.2_64_fb_4_unused	NotSupported	Sample count combination not supported at vktPipelineMultisampleTests.cpp:5711
dEQP-VK.pipeline.monolithic.multisample.variable_rate.2_64_fb_64	NotSupported	Sample count combination not supported at vktPipelineMultisampleTests.cpp:5711
dEQP-VK.pipeline.monolithic.multisample.variable_rate.2_64_fb_64_unused	NotSupported	Sample count combination not supported at vktPipelineMultisampleTests.cpp:5711
dEQP-VK.pipeline.monolithic.multisample.variable_rate.2_64_fb_8	NotSupported	Sample count combination not supported at vktPipelineMultisampleTests.cpp:5711
dEQP-VK.pipeline.monolithic.multisample.variable_rate.2_64_fb_8_unused	NotSupported	Sample count combination not supported at vktPipelineMultisampleTests.cpp:5711
dEQP-VK.pipeline.monolithic.multisample.variable_rate.2_8	NotSupported	Sample count combination not supported at vktPipelineMultisampleTests.cpp:5711
dEQP-VK.pipeline.monolithic.multisample.variable_rate.2_8_1	NotSupported	Sample count combination not supported at vktPipelineMultisampleTests.cpp:5711
dEQP-VK.pipeline.monolithic.multisample.variable_rate.2_8_16	NotSupported	Sample count combination not supported at vktPipelineMultisampleTests.cpp:5711
dEQP-VK.pipeline.monolithic.multisample.variable_rate.2_8_2	NotSupported	Sample count combination not supported at vktPipelineMultisampleTests.cpp:5711
dEQP-VK.pipeline.monolithic.multisample.variable_rate.2_8_32	NotSupported	Sample count combination not supported at vktPipelineMultisampleTests.cpp:5711
dEQP-VK.pipeline.monolithic.multisample.variable_rate.2_8_4	NotSupported	Sample count combination not supported at vktPipelineMultisampleTests.cpp:5711
dEQP-VK.pipeline.monolithic.multisample.variable_rate.2_8_64	NotSupported	Sample count combination not supported at vktPipelineMultisampleTests.cpp:5711
dEQP-VK.pipeline.monolithic.multisample.variable_rate.2_8_8	NotSupported	Sample count combination not supported at vktPipelineMultisampleTests.cpp:5711
dEQP-VK.pipeline.monolithic.multisample.variable_rate.2_8_fb_1	NotSupported	Sample count combination not supported at vktPipelineMultisampleTests.cpp:5711
dEQP-VK.pipeline.monolithic.multisample.variable_rate.2_8_fb_16	NotSupported	Sample count combination not supported at vktPipelineMultisampleTests.cpp:5711
dEQP-VK.pipeline.monolithic.multisample.variable_rate.2_8_fb_16_unused	NotSupported	Sample count combination not supported at vktPipelineMultisampleTests.cpp:5711
dEQP-VK.pipeline.monolithic.multisample.variable_rate.2_8_fb_1_unused	NotSupported	Sample count combination not supported at vktPipelineMultisampleTests.cpp:5711
dEQP-VK.pipeline.monolithic.multisample.variable_rate.2_8_fb_2	NotSupported	Sample count combination not supported at vktPipelineMultisampleTests.cpp:5711
dEQP-VK.pipeline.monolithic.multisample.variable_rate.2_8_fb_2_unused	NotSupported	Sample count combination not supported at vktPipelineMultisampleTests.cpp:5711
dEQP-VK.pipeline.monolithic.multisample.variable_rate.2_8_fb_32	NotSupported	Sample count combination not supported at vktPipelineMultisampleTests.cpp:5711
dEQP-VK.pipeline.monolithic.multisample.variable_rate.2_8_fb_32_unused	NotSupported	Sample count combination not supported at vktPipelineMultisampleTests.cpp:5711
dEQP-VK.pipeline.monolithic.multisample.variable_rate.2_8_fb_4	NotSupported	Sample count combination not supported at vktPipelineMultisampleTests.cpp:5711
dEQP-VK.pipeline.monolithic.multisample.variable_rate.2_8_fb_4_unused	NotSupported	Sample count combination not supported at vktPipelineMultisampleTests.cpp:5711
dEQP-VK.pipeline.monolithic.multisample.variable_rate.2_8_fb_64	NotSupported	Sample count combination not supported at vktPipelineMultisampleTests.cpp:5711
dEQP-VK.pipeline.monolithic.multisample.variable_rate.2_8_fb_64_unused	NotSupported	Sample count combination not supported at vktPipelineMultisampleTests.cpp:5711
dEQP-VK.pipeline.monolithic.multisample.variable_rate.2_8_fb_8	NotSupported	Sample count combination not supported at vktPipelineMultisampleTests.cpp:5711
dEQP-VK.pipeline.monolithic.multisample.variable_rate.2_8_fb_8_unused	NotSupported	Sample count combination not supported at vktPipelineMultisampleTests.cpp:5711
dEQP-VK.pipeline.monolithic.multisample.variable_rate.32_1	NotSupported	Sample count combination not supported at vktPipelineMultisampleTests.cpp:5711
dEQP-VK.pipeline.monolithic.multisample.variable_rate.32_16	NotSupported	Sample count combination not supported at vktPipelineMultisampleTests.cpp:5711
dEQP-VK.pipeline.monolithic.multisample.variable_rate.32_16_1	NotSupported	Sample count combination not supported at vktPipelineMultisampleTests.cpp:5711
dEQP-VK.pipeline.monolithic.multisample.variable_rate.32_16_16	NotSupported	Sample count combination not supported at vktPipelineMultisampleTests.cpp:5711
dEQP-VK.pipeline.monolithic.multisample.variable_rate.32_16_2	NotSupported	Sample count combination not supported at vktPipelineMultisampleTests.cpp:5711
dEQP-VK.pipeline.monolithic.multisample.variable_rate.32_16_32	NotSupported	Sample count combination not supported at vktPipelineMultisampleTests.cpp:5711
dEQP-VK.pipeline.monolithic.multisample.variable_rate.32_16_4	NotSupported	Sample count combination not supported at vktPipelineMultisampleTests.cpp:5711
dEQP-VK.pipeline.monolithic.multisample.variable_rate.32_16_64	NotSupported	Sample count combination not supported at vktPipelineMultisampleTests.cpp:5711
dEQP-VK.pipeline.monolithic.multisample.variable_rate.32_16_8	NotSupported	Sample count combination not supported at vktPipelineMultisampleTests.cpp:5711
dEQP-VK.pipeline.monolithic.multisample.variable_rate.32_16_fb_1	NotSupported	Sample count combination not supported at vktPipelineMultisampleTests.cpp:5711
dEQP-VK.pipeline.monolithic.multisample.variable_rate.32_16_fb_16	NotSupported	Sample count combination not supported at vktPipelineMultisampleTests.cpp:5711
dEQP-VK.pipeline.monolithic.multisample.variable_rate.32_16_fb_16_unused	NotSupported	Sample count combination not supported at vktPipelineMultisampleTests.cpp:5711
dEQP-VK.pipeline.monolithic.multisample.variable_rate.32_16_fb_1_unused	NotSupported	Sample count combination not supported at vktPipelineMultisampleTests.cpp:5711
dEQP-VK.pipeline.monolithic.multisample.variable_rate.32_16_fb_2	NotSupported	Sample count combination not supported at vktPipelineMultisampleTests.cpp:5711
dEQP-VK.pipeline.monolithic.multisample.variable_rate.32_16_fb_2_unused	NotSupported	Sample count combination not supported at vktPipelineMultisampleTests.cpp:5711
dEQP-VK.pipeline.monolithic.multisample.variable_rate.32_16_fb_32	NotSupported	Sample count combination not supported at vktPipelineMultisampleTests.cpp:5711
dEQP-VK.pipeline.monolithic.multisample.variable_rate.32_16_fb_32_unused	NotSupported	Sample count combination not supported at vktPipelineMultisampleTests.cpp:5711
dEQP-VK.pipeline.monolithic.multisample.variable_rate.32_16_fb_4	NotSupported	Sample count combination not supported at vktPipelineMultisampleTests.cpp:5711
dEQP-VK.pipeline.monolithic.multisample.variable_rate.32_16_fb_4_unused	NotSupported	Sample count combination not supported at vktPipelineMultisampleTests.cpp:5711
dEQP-VK.pipeline.monolithic.multisample.variable_rate.32_16_fb_64	NotSupported	Sample count combination not supported at vktPipelineMultisampleTests.cpp:5711
dEQP-VK.pipeline.monolithic.multisample.variable_rate.32_16_fb_64_unused	NotSupported	Sample count combination not supported at vktPipelineMultisampleTests.cpp:5711
dEQP-VK.pipeline.monolithic.multisample.variable_rate.32_16_fb_8	NotSupported	Sample count combination not supported at vktPipelineMultisampleTests.cpp:5711
dEQP-VK.pipeline.monolithic.multisample.variable_rate.32_16_fb_8_unused	NotSupported	Sample count combination not supported at vktPipelineMultisampleTests.cpp:5711
dEQP-VK.pipeline.monolithic.multisample.variable_rate.32_1_1	NotSupported	Sample count combination not supported at vktPipelineMultisampleTests.cpp:5711
dEQP-VK.pipeline.monolithic.multisample.variable_rate.32_1_16	NotSupported	Sample count combination not supported at vktPipelineMultisampleTests.cpp:5711
dEQP-VK.pipeline.monolithic.multisample.variable_rate.32_1_2	NotSupported	Sample count combination not supported at vktPipelineMultisampleTests.cpp:5711
dEQP-VK.pipeline.monolithic.multisample.variable_rate.32_1_32	NotSupported	Sample count combination not supported at vktPipelineMultisampleTests.cpp:5711
dEQP-VK.pipeline.monolithic.multisample.variable_rate.32_1_4	NotSupported	Sample count combination not supported at vktPipelineMultisampleTests.cpp:5711
dEQP-VK.pipeline.monolithic.multisample.variable_rate.32_1_64	NotSupported	Sample count combination not supported at vktPipelineMultisampleTests.cpp:5711
dEQP-VK.pipeline.monolithic.multisample.variable_rate.32_1_8	NotSupported	Sample count combination not supported at vktPipelineMultisampleTests.cpp:5711
dEQP-VK.pipeline.monolithic.multisample.variable_rate.32_1_fb_1	NotSupported	Sample count combination not supported at vktPipelineMultisampleTests.cpp:5711
dEQP-VK.pipeline.monolithic.multisample.variable_rate.32_1_fb_16	NotSupported	Sample count combination not supported at vktPipelineMultisampleTests.cpp:5711
dEQP-VK.pipeline.monolithic.multisample.variable_rate.32_1_fb_16_unused	NotSupported	Sample count combination not supported at vktPipelineMultisampleTests.cpp:5711
dEQP-VK.pipeline.monolithic.multisample.variable_rate.32_1_fb_1_unused	NotSupported	Sample count combination not supported at vktPipelineMultisampleTests.cpp:5711
dEQP-VK.pipeline.monolithic.multisample.variable_rate.32_1_fb_2	NotSupported	Sample count combination not supported at vktPipelineMultisampleTests.cpp:5711
dEQP-VK.pipeline.monolithic.multisample.variable_rate.32_1_fb_2_unused	NotSupported	Sample count combination not supported at vktPipelineMultisampleTests.cpp:5711
dEQP-VK.pipeline.monolithic.multisample.variable_rate.32_1_fb_32	NotSupported	Sample count combination not supported at vktPipelineMultisampleTests.cpp:5711
dEQP-VK.pipeline.monolithic.multisample.variable_rate.32_1_fb_32_unused	NotSupported	Sample count combination not supported at vktPipelineMultisampleTests.cpp:5711
dEQP-VK.pipeline.monolithic.multisample.variable_rate.32_1_fb_4	NotSupported	Sample count combination not supported at vktPipelineMultisampleTests.cpp:5711
dEQP-VK.pipeline.monolithic.multisample.variable_rate.32_1_fb_4_unused	NotSupported	Sample count combination not supported at vktPipelineMultisampleTests.cpp:5711
dEQP-VK.pipeline.monolithic.multisample.variable_rate.32_1_fb_64	NotSupported	Sample count combination not supported at vktPipelineMultisampleTests.cpp:5711
dEQP-VK.pipeline.monolithic.multisample.variable_rate.32_1_fb_64_unused	NotSupported	Sample count combination not supported at vktPipelineMultisampleTests.cpp:5711
dEQP-VK.pipeline.monolithic.multisample.variable_rate.32_1_fb_8	NotSupported	Sample count combination not supported at vktPipelineMultisampleTests.cpp:5711
dEQP-VK.pipeline.monolithic.multisample.variable_rate.32_1_fb_8_unused	NotSupported	Sample count combination not supported at vktPipelineMultisampleTests.cpp:5711
dEQP-VK.pipeline.monolithic.multisample.variable_rate.32_2	NotSupported	Sample count combination not supported at vktPipelineMultisampleTests.cpp:5711
dEQP-VK.pipeline.monolithic.multisample.variable_rate.32_2_1	NotSupported	Sample count combination not supported at vktPipelineMultisampleTests.cpp:5711
dEQP-VK.pipeline.monolithic.multisample.variable_rate.32_2_16	NotSupported	Sample count combination not supported at vktPipelineMultisampleTests.cpp:5711
dEQP-VK.pipeline.monolithic.multisample.variable_rate.32_2_2	NotSupported	Sample count combination not supported at vktPipelineMultisampleTests.cpp:5711
dEQP-VK.pipeline.monolithic.multisample.variable_rate.32_2_32	NotSupported	Sample count combination not supported at vktPipelineMultisampleTests.cpp:5711
dEQP-VK.pipeline.monolithic.multisample.variable_rate.32_2_4	NotSupported	Sample count combination not supported at vktPipelineMultisampleTests.cpp:5711
dEQP-VK.pipeline.monolithic.multisample.variable_rate.32_2_64	NotSupported	Sample count combination not supported at vktPipelineMultisampleTests.cpp:5711
dEQP-VK.pipeline.monolithic.multisample.variable_rate.32_2_8	NotSupported	Sample count combination not supported at vktPipelineMultisampleTests.cpp:5711
dEQP-VK.pipeline.monolithic.multisample.variable_rate.32_2_fb_1	NotSupported	Sample count combination not supported at vktPipelineMultisampleTests.cpp:5711
dEQP-VK.pipeline.monolithic.multisample.variable_rate.32_2_fb_16	NotSupported	Sample count combination not supported at vktPipelineMultisampleTests.cpp:5711
dEQP-VK.pipeline.monolithic.multisample.variable_rate.32_2_fb_16_unused	NotSupported	Sample count combination not supported at vktPipelineMultisampleTests.cpp:5711
dEQP-VK.pipeline.monolithic.multisample.variable_rate.32_2_fb_1_unused	NotSupported	Sample count combination not supported at vktPipelineMultisampleTests.cpp:5711
dEQP-VK.pipeline.monolithic.multisample.variable_rate.32_2_fb_2	NotSupported	Sample count combination not supported at vktPipelineMultisampleTests.cpp:5711
dEQP-VK.pipeline.monolithic.multisample.variable_rate.32_2_fb_2_unused	NotSupported	Sample count combination not supported at vktPipelineMultisampleTests.cpp:5711
dEQP-VK.pipeline.monolithic.multisample.variable_rate.32_2_fb_32	NotSupported	Sample count combination not supported at vktPipelineMultisampleTests.cpp:5711
dEQP-VK.pipeline.monolithic.multisample.variable_rate.32_2_fb_32_unused	NotSupported	Sample count combination not supported at vktPipelineMultisampleTests.cpp:5711
dEQP-VK.pipeline.monolithic.multisample.variable_rate.32_2_fb_4	NotSupported	Sample count combination not supported at vktPipelineMultisampleTests.cpp:5711
dEQP-VK.pipeline.monolithic.multisample.variable_rate.32_2_fb_4_unused	NotSupported	Sample count combination not supported at vktPipelineMultisampleTests.cpp:5711
dEQP-VK.pipeline.monolithic.multisample.variable_rate.32_2_fb_64	NotSupported	Sample count combination not supported at vktPipelineMultisampleTests.cpp:5711
dEQP-VK.pipeline.monolithic.multisample.variable_rate.32_2_fb_64_unused	NotSupported	Sample count combination not supported at vktPipelineMultisampleTests.cpp:5711
dEQP-VK.pipeline.monolithic.multisample.variable_rate.32_2_fb_8	NotSupported	Sample count combination not supported at vktPipelineMultisampleTests.cpp:5711
dEQP-VK.pipeline.monolithic.multisample.variable_rate.32_2_fb_8_unused	NotSupported	Sample count combination not supported at vktPipelineMultisampleTests.cpp:5711
dEQP-VK.pipeline.monolithic.multisample.variable_rate.32_32_1	NotSupported	Sample count combination not supported at vktPipelineMultisampleTests.cpp:5711
dEQP-VK.pipeline.monolithic.multisample.variable_rate.32_32_16	NotSupported	Sample count combination not supported at vktPipelineMultisampleTests.cpp:5711
dEQP-VK.pipeline.monolithic.multisample.variable_rate.32_32_2	NotSupported	Sample count combination not supported at vktPipelineMultisampleTests.cpp:5711
dEQP-VK.pipeline.monolithic.multisample.variable_rate.32_32_4	NotSupported	Sample count combination not supported at vktPipelineMultisampleTests.cpp:5711
dEQP-VK.pipeline.monolithic.multisample.variable_rate.32_32_64	NotSupported	Sample count combination not supported at vktPipelineMultisampleTests.cpp:5711
dEQP-VK.pipeline.monolithic.multisample.variable_rate.32_32_8	NotSupported	Sample count combination not supported at vktPipelineMultisampleTests.cpp:5711
dEQP-VK.pipeline.monolithic.multisample.variable_rate.32_4	NotSupported	Sample count combination not supported at vktPipelineMultisampleTests.cpp:5711
dEQP-VK.pipeline.monolithic.multisample.variable_rate.32_4_1	NotSupported	Sample count combination not supported at vktPipelineMultisampleTests.cpp:5711
dEQP-VK.pipeline.monolithic.multisample.variable_rate.32_4_16	NotSupported	Sample count combination not supported at vktPipelineMultisampleTests.cpp:5711
dEQP-VK.pipeline.monolithic.multisample.variable_rate.32_4_2	NotSupported	Sample count combination not supported at vktPipelineMultisampleTests.cpp:5711
dEQP-VK.pipeline.monolithic.multisample.variable_rate.32_4_32	NotSupported	Sample count combination not supported at vktPipelineMultisampleTests.cpp:5711
dEQP-VK.pipeline.monolithic.multisample.variable_rate.32_4_4	NotSupported	Sample count combination not supported at vktPipelineMultisampleTests.cpp:5711
dEQP-VK.pipeline.monolithic.multisample.variable_rate.32_4_64	NotSupported	Sample count combination not supported at vktPipelineMultisampleTests.cpp:5711
dEQP-VK.pipeline.monolithic.multisample.variable_rate.32_4_8	NotSupported	Sample count combination not supported at vktPipelineMultisampleTests.cpp:5711
dEQP-VK.pipeline.monolithic.multisample.variable_rate.32_4_fb_1	NotSupported	Sample count combination not supported at vktPipelineMultisampleTests.cpp:5711
dEQP-VK.pipeline.monolithic.multisample.variable_rate.32_4_fb_16	NotSupported	Sample count combination not supported at vktPipelineMultisampleTests.cpp:5711
dEQP-VK.pipeline.monolithic.multisample.variable_rate.32_4_fb_16_unused	NotSupported	Sample count combination not supported at vktPipelineMultisampleTests.cpp:5711
dEQP-VK.pipeline.monolithic.multisample.variable_rate.32_4_fb_1_unused	NotSupported	Sample count combination not supported at vktPipelineMultisampleTests.cpp:5711
dEQP-VK.pipeline.monolithic.multisample.variable_rate.32_4_fb_2	NotSupported	Sample count combination not supported at vktPipelineMultisampleTests.cpp:5711
dEQP-VK.pipeline.monolithic.multisample.variable_rate.32_4_fb_2_unused	NotSupported	Sample count combination not supported at vktPipelineMultisampleTests.cpp:5711
dEQP-VK.pipeline.monolithic.multisample.variable_rate.32_4_fb_32	NotSupported	Sample count combination not supported at vktPipelineMultisampleTests.cpp:5711
dEQP-VK.pipeline.monolithic.multisample.variable_rate.32_4_fb_32_unused	NotSupported	Sample count combination not supported at vktPipelineMultisampleTests.cpp:5711
dEQP-VK.pipeline.monolithic.multisample.variable_rate.32_4_fb_4	NotSupported	Sample count combination not supported at vktPipelineMultisampleTests.cpp:5711
dEQP-VK.pipeline.monolithic.multisample.variable_rate.32_4_fb_4_unused	NotSupported	Sample count combination not supported at vktPipelineMultisampleTests.cpp:5711
dEQP-VK.pipeline.monolithic.multisample.variable_rate.32_4_fb_64	NotSupported	Sample count combination not supported at vktPipelineMultisampleTests.cpp:5711
dEQP-VK.pipeline.monolithic.multisample.variable_rate.32_4_fb_64_unused	NotSupported	Sample count combination not supported at vktPipelineMultisampleTests.cpp:5711
dEQP-VK.pipeline.monolithic.multisample.variable_rate.32_4_fb_8	NotSupported	Sample count combination not supported at vktPipelineMultisampleTests.cpp:5711
dEQP-VK.pipeline.monolithic.multisample.variable_rate.32_4_fb_8_unused	NotSupported	Sample count combination not supported at vktPipelineMultisampleTests.cpp:5711
dEQP-VK.pipeline.monolithic.multisample.variable_rate.32_64	NotSupported	Sample count combination not supported at vktPipelineMultisampleTests.cpp:5711
dEQP-VK.pipeline.monolithic.multisample.variable_rate.32_64_1	NotSupported	Sample count combination not supported at vktPipelineMultisampleTests.cpp:5711
dEQP-VK.pipeline.monolithic.multisample.variable_rate.32_64_16	NotSupported	Sample count combination not supported at vktPipelineMultisampleTests.cpp:5711
dEQP-VK.pipeline.monolithic.multisample.variable_rate.32_64_2	NotSupported	Sample count combination not supported at vktPipelineMultisampleTests.cpp:5711
dEQP-VK.pipeline.monolithic.multisample.variable_rate.32_64_32	NotSupported	Sample count combination not supported at vktPipelineMultisampleTests.cpp:5711
dEQP-VK.pipeline.monolithic.multisample.variable_rate.32_64_4	NotSupported	Sample count combination not supported at vktPipelineMultisampleTests.cpp:5711
dEQP-VK.pipeline.monolithic.multisample.variable_rate.32_64_64	NotSupported	Sample count combination not supported at vktPipelineMultisampleTests.cpp:5711
dEQP-VK.pipeline.monolithic.multisample.variable_rate.32_64_8	NotSupported	Sample count combination not supported at vktPipelineMultisampleTests.cpp:5711
dEQP-VK.pipeline.monolithic.multisample.variable_rate.32_64_fb_1	NotSupported	Sample count combination not supported at vktPipelineMultisampleTests.cpp:5711
dEQP-VK.pipeline.monolithic.multisample.variable_rate.32_64_fb_16	NotSupported	Sample count combination not supported at vktPipelineMultisampleTests.cpp:5711
dEQP-VK.pipeline.monolithic.multisample.variable_rate.32_64_fb_16_unused	NotSupported	Sample count combination not supported at vktPipelineMultisampleTests.cpp:5711
dEQP-VK.pipeline.monolithic.multisample.variable_rate.32_64_fb_1_unused	NotSupported	Sample count combination not supported at vktPipelineMultisampleTests.cpp:5711
dEQP-VK.pipeline.monolithic.multisample.variable_rate.32_64_fb_2	NotSupported	Sample count combination not supported at vktPipelineMultisampleTests.cpp:5711
dEQP-VK.pipeline.monolithic.multisample.variable_rate.32_64_fb_2_unused	NotSupported	Sample count combination not supported at vktPipelineMultisampleTests.cpp:5711
dEQP-VK.pipeline.monolithic.multisample.variable_rate.32_64_fb_32	NotSupported	Sample count combination not supported at vktPipelineMultisampleTests.cpp:5711
dEQP-VK.pipeline.monolithic.multisample.variable_rate.32_64_fb_32_unused	NotSupported	Sample count combination not supported at vktPipelineMultisampleTests.cpp:5711
dEQP-VK.pipeline.monolithic.multisample.variable_rate.32_64_fb_4	NotSupported	Sample count combination not supported at vktPipelineMultisampleTests.cpp:5711
dEQP-VK.pipeline.monolithic.multisample.variable_rate.32_64_fb_4_unused	NotSupported	Sample count combination not supported at vktPipelineMultisampleTests.cpp:5711
dEQP-VK.pipeline.monolithic.multisample.variable_rate.32_64_fb_64	NotSupported	Sample count combination not supported at vktPipelineMultisampleTests.cpp:5711
dEQP-VK.pipeline.monolithic.multisample.variable_rate.32_64_fb_64_unused	NotSupported	Sample count combination not supported at vktPipelineMultisampleTests.cpp:5711
dEQP-VK.pipeline.monolithic.multisample.variable_rate.32_64_fb_8	NotSupported	Sample count combination not supported at vktPipelineMultisampleTests.cpp:5711
dEQP-VK.pipeline.monolithic.multisample.variable_rate.32_64_fb_8_unused	NotSupported	Sample count combination not supported at vktPipelineMultisampleTests.cpp:5711
dEQP-VK.pipeline.monolithic.multisample.variable_rate.32_8	NotSupported	Sample count combination not supported at vktPipelineMultisampleTests.cpp:5711
dEQP-VK.pipeline.monolithic.multisample.variable_rate.32_8_1	NotSupported	Sample count combination not supported at vktPipelineMultisampleTests.cpp:5711
dEQP-VK.pipeline.monolithic.multisample.variable_rate.32_8_16	NotSupported	Sample count combination not supported at vktPipelineMultisampleTests.cpp:5711
dEQP-VK.pipeline.monolithic.multisample.variable_rate.32_8_2	NotSupported	Sample count combination not supported at vktPipelineMultisampleTests.cpp:5711
dEQP-VK.pipeline.monolithic.multisample.variable_rate.32_8_32	NotSupported	Sample count combination not supported at vktPipelineMultisampleTests.cpp:5711
dEQP-VK.pipeline.monolithic.multisample.variable_rate.32_8_4	NotSupported	Sample count combination not supported at vktPipelineMultisampleTests.cpp:5711
dEQP-VK.pipeline.monolithic.multisample.variable_rate.32_8_64	NotSupported	Sample count combination not supported at vktPipelineMultisampleTests.cpp:5711
dEQP-VK.pipeline.monolithic.multisample.variable_rate.32_8_8	NotSupported	Sample count combination not supported at vktPipelineMultisampleTests.cpp:5711
dEQP-VK.pipeline.monolithic.multisample.variable_rate.32_8_fb_1	NotSupported	Sample count combination not supported at vktPipelineMultisampleTests.cpp:5711
dEQP-VK.pipeline.monolithic.multisample.variable_rate.32_8_fb_16	NotSupported	Sample count combination not supported at vktPipelineMultisampleTests.cpp:5711
dEQP-VK.pipeline.monolithic.multisample.variable_rate.32_8_fb_16_unused	NotSupported	Sample count combination not supported at vktPipelineMultisampleTests.cpp:5711
dEQP-VK.pipeline.monolithic.multisample.variable_rate.32_8_fb_1_unused	NotSupported	Sample count combination not supported at vktPipelineMultisampleTests.cpp:5711
dEQP-VK.pipeline.monolithic.multisample.variable_rate.32_8_fb_2	NotSupported	Sample count combination not supported at vktPipelineMultisampleTests.cpp:5711
dEQP-VK.pipeline.monolithic.multisample.variable_rate.32_8_fb_2_unused	NotSupported	Sample count combination not supported at vktPipelineMultisampleTests.cpp:5711
dEQP-VK.pipeline.monolithic.multisample.variable_rate.32_8_fb_32	NotSupported	Sample count combination not supported at vktPipelineMultisampleTests.cpp:5711
dEQP-VK.pipeline.monolithic.multisample.variable_rate.32_8_fb_32_unused	NotSupported	Sample count combination not supported at vktPipelineMultisampleTests.cpp:5711
dEQP-VK.pipeline.monolithic.multisample.variable_rate.32_8_fb_4	NotSupported	Sample count combination not supported at vktPipelineMultisampleTests.cpp:5711
dEQP-VK.pipeline.monolithic.multisample.variable_rate.32_8_fb_4_unused	NotSupported	Sample count combination not supported at vktPipelineMultisampleTests.cpp:5711
dEQP-VK.pipeline.monolithic.multisample.variable_rate.32_8_fb_64	NotSupported	Sample count combination not supported at vktPipelineMultisampleTests.cpp:5711
dEQP-VK.pipeline.monolithic.multisample.variable_rate.32_8_fb_64_unused	NotSupported	Sample count combination not supported at vktPipelineMultisampleTests.cpp:5711
dEQP-VK.pipeline.monolithic.multisample.variable_rate.32_8_fb_8	NotSupported	Sample count combination not supported at vktPipelineMultisampleTests.cpp:5711
dEQP-VK.pipeline.monolithic.multisample.variable_rate.32_8_fb_8_unused	NotSupported	Sample count combination not supported at vktPipelineMultisampleTests.cpp:5711
dEQP-VK.pipeline.monolithic.multisample.variable_rate.4_1	Pass	Pass
dEQP-VK.pipeline.monolithic.multisample.variable_rate.4_16	NotSupported	Sample count combination not supported at vktPipelineMultisampleTests.cpp:5711
dEQP-VK.pipeline.monolithic.multisample.variable_rate.4_16_1	NotSupported	Sample count combination not supported at vktPipelineMultisampleTests.cpp:5711
dEQP-VK.pipeline.monolithic.multisample.variable_rate.4_16_16	NotSupported	Sample count combination not supported at vktPipelineMultisampleTests.cpp:5711
dEQP-VK.pipeline.monolithic.multisample.variable_rate.4_16_2	NotSupported	Sample count combination not supported at vktPipelineMultisampleTests.cpp:5711
dEQP-VK.pipeline.monolithic.multisample.variable_rate.4_16_32	NotSupported	Sample count combination not supported at vktPipelineMultisampleTests.cpp:5711
dEQP-VK.pipeline.monolithic.multisample.variable_rate.4_16_4	NotSupported	Sample count combination not supported at vktPipelineMultisampleTests.cpp:5711
dEQP-VK.pipeline.monolithic.multisample.variable_rate.4_16_64	NotSupported	Sample count combination not supported at vktPipelineMultisampleTests.cpp:5711
dEQP-VK.pipeline.monolithic.multisample.variable_rate.4_16_8	NotSupported	Sample count combination not supported at vktPipelineMultisampleTests.cpp:5711
dEQP-VK.pipeline.monolithic.multisample.variable_rate.4_16_fb_1	NotSupported	Sample count combination not supported at vktPipelineMultisampleTests.cpp:5711
dEQP-VK.pipeline.monolithic.multisample.variable_rate.4_16_fb_16	NotSupported	Sample count combination not supported at vktPipelineMultisampleTests.cpp:5711
dEQP-VK.pipeline.monolithic.multisample.variable_rate.4_16_fb_16_unused	NotSupported	Sample count combination not supported at vktPipelineMultisampleTests.cpp:5711
dEQP-VK.pipeline.monolithic.multisample.variable_rate.4_16_fb_1_unused	NotSupported	Sample count combination not supported at vktPipelineMultisampleTests.cpp:5711
dEQP-VK.pipeline.monolithic.multisample.variable_rate.4_16_fb_2	NotSupported	Sample count combination not supported at vktPipelineMultisampleTests.cpp:5711
dEQP-VK.pipeline.monolithic.multisample.variable_rate.4_16_fb_2_unused	NotSupported	Sample count combination not supported at vktPipelineMultisampleTests.cpp:5711
dEQP-VK.pipeline.monolithic.multisample.variable_rate.4_16_fb_32	NotSupported	Sample count combination not supported at vktPipelineMultisampleTests.cpp:5711
dEQP-VK.pipeline.monolithic.multisample.variable_rate.4_16_fb_32_unused	NotSupported	Sample count combination not supported at vktPipelineMultisampleTests.cpp:5711
dEQP-VK.pipeline.monolithic.multisample.variable_rate.4_16_fb_4	NotSupported	Sample count combination not supported at vktPipelineMultisampleTests.cpp:5711
dEQP-VK.pipeline.monolithic.multisample.variable_rate.4_16_fb_4_unused	NotSupported	Sample count combination not supported at vktPipelineMultisampleTests.cpp:5711
dEQP-VK.pipeline.monolithic.multisample.variable_rate.4_16_fb_64	NotSupported	Sample count combination not supported at vktPipelineMultisampleTests.cpp:5711
dEQP-VK.pipeline.monolithic.multisample.variable_rate.4_16_fb_64_unused	NotSupported	Sample count combination not supported at vktPipelineMultisampleTests.cpp:5711
dEQP-VK.pipeline.monolithic.multisample.variable_rate.4_16_fb_8	NotSupported	Sample count combination not supported at vktPipelineMultisampleTests.cpp:5711
dEQP-VK.pipeline.monolithic.multisample.variable_rate.4_16_fb_8_unused	NotSupported	Sample count combination not supported at vktPipelineMultisampleTests.cpp:5711
dEQP-VK.pipeline.monolithic.multisample.variable_rate.4_1_1	Pass	Pass
dEQP-VK.pipeline.monolithic.multisample.variable_rate.4_1_16	NotSupported	Sample count combination not supported at vktPipelineMultisampleTests.cpp:5711
dEQP-VK.pipeline.monolithic.multisample.variable_rate.4_1_2	NotSupported	Sample count combination not supported at vktPipelineMultisampleTests.cpp:5711
dEQP-VK.pipeline.monolithic.multisample.variable_rate.4_1_32	NotSupported	Sample count combination not supported at vktPipelineMultisampleTests.cpp:5711
dEQP-VK.pipeline.monolithic.multisample.variable_rate.4_1_4	Pass	Pass
dEQP-VK.pipeline.monolithic.multisample.variable_rate.4_1_64	NotSupported	Sample count combination not supported at vktPipelineMultisampleTests.cpp:5711
dEQP-VK.pipeline.monolithic.multisample.variable_rate.4_1_8	Pass	Pass
dEQP-VK.pipeline.monolithic.multisample.variable_rate.4_1_fb_1	Pass	Pass
dEQP-VK.pipeline.monolithic.multisample.variable_rate.4_1_fb_16	Pass	Pass
dEQP-VK.pipeline.monolithic.multisample.variable_rate.4_1_fb_16_unused	Pass	Pass
dEQP-VK.pipeline.monolithic.multisample.variable_rate.4_1_fb_1_unused	Pass	Pass
dEQP-VK.pipeline.monolithic.multisample.variable_rate.4_1_fb_2	NotSupported	Sample count of 2 not supported for color attachment at vktPipelineMultisampleTests.cpp:5722
dEQP-VK.pipeline.monolithic.multisample.variable_rate.4_1_fb_2_unused	NotSupported	Sample count of 2 not supported for color attachment at vktPipelineMultisampleTests.cpp:5722
dEQP-VK.pipeline.monolithic.multisample.variable_rate.4_1_fb_32	NotSupported	Sample count of 32 not supported for color attachment at vktPipelineMultisampleTests.cpp:5722
dEQP-VK.pipeline.monolithic.multisample.variable_rate.4_1_fb_32_unused	NotSupported	Sample count of 32 not supported for color attachment at vktPipelineMultisampleTests.cpp:5722
dEQP-VK.pipeline.monolithic.multisample.variable_rate.4_1_fb_4	Pass	Pass
dEQP-VK.pipeline.monolithic.multisample.variable_rate.4_1_fb_4_unused	Pass	Pass
dEQP-VK.pipeline.monolithic.multisample.variable_rate.4_1_fb_64	NotSupported	Sample count of 64 not supported for color attachment at vktPipelineMultisampleTests.cpp:5722
dEQP-VK.pipeline.monolithic.multisample.variable_rate.4_1_fb_64_unused	NotSupported	Sample count of 64 not supported for color attachment at vktPipelineMultisampleTests.cpp:5722
dEQP-VK.pipeline.monolithic.multisample.variable_rate.4_1_fb_8	Pass	Pass
dEQP-VK.pipeline.monolithic.multisample.variable_rate.4_1_fb_8_unused	Pass	Pass
dEQP-VK.pipeline.monolithic.multisample.variable_rate.4_2	NotSupported	Sample count combination not supported at vktPipelineMultisampleTests.cpp:5711
dEQP-VK.pipeline.monolithic.multisample.variable_rate.4_2_1	NotSupported	Sample count combination not supported at vktPipelineMultisampleTests.cpp:5711
dEQP-VK.pipeline.monolithic.multisample.variable_rate.4_2_16	NotSupported	Sample count combination not supported at vktPipelineMultisampleTests.cpp:5711
dEQP-VK.pipeline.monolithic.multisample.variable_rate.4_2_2	NotSupported	Sample count combination not supported at vktPipelineMultisampleTests.cpp:5711
dEQP-VK.pipeline.monolithic.multisample.variable_rate.4_2_32	NotSupported	Sample count combination not supported at vktPipelineMultisampleTests.cpp:5711
dEQP-VK.pipeline.monolithic.multisample.variable_rate.4_2_4	NotSupported	Sample count combination not supported at vktPipelineMultisampleTests.cpp:5711
dEQP-VK.pipeline.monolithic.multisample.variable_rate.4_2_64	NotSupported	Sample count combination not supported at vktPipelineMultisampleTests.cpp:5711
dEQP-VK.pipeline.monolithic.multisample.variable_rate.4_2_8	NotSupported	Sample count combination not supported at vktPipelineMultisampleTests.cpp:5711
dEQP-VK.pipeline.monolithic.multisample.variable_rate.4_2_fb_1	NotSupported	Sample count combination not supported at vktPipelineMultisampleTests.cpp:5711
dEQP-VK.pipeline.monolithic.multisample.variable_rate.4_2_fb_16	NotSupported	Sample count combination not supported at vktPipelineMultisampleTests.cpp:5711
dEQP-VK.pipeline.monolithic.multisample.variable_rate.4_2_fb_16_unused	NotSupported	Sample count combination not supported at vktPipelineMultisampleTests.cpp:5711
dEQP-VK.pipeline.monolithic.multisample.variable_rate.4_2_fb_1_unused	NotSupported	Sample count combination not supported at vktPipelineMultisampleTests.cpp:5711
dEQP-VK.pipeline.monolithic.multisample.variable_rate.4_2_fb_2	NotSupported	Sample count combination not supported at vktPipelineMultisampleTests.cpp:5711
dEQP-VK.pipeline.monolithic.multisample.variable_rate.4_2_fb_2_unused	NotSupported	Sample count combination not supported at vktPipelineMultisampleTests.cpp:5711
dEQP-VK.pipeline.monolithic.multisample.variable_rate.4_2_fb_32	NotSupported	Sample count combination not supported at vktPipelineMultisampleTests.cpp:5711
dEQP-VK.pipeline.monolithic.multisample.variable_rate.4_2_fb_32_unused	NotSupported	Sample count combination not supported at vktPipelineMultisampleTests.cpp:5711
dEQP-VK.pipeline.monolithic.multisample.variable_rate.4_2_fb_4	NotSupported	Sample count combination not supported at vktPipelineMultisampleTests.cpp:5711
dEQP-VK.pipeline.monolithic.multisample.variable_rate.4_2_fb_4_unused	NotSupported	Sample count combination not supported at vktPipelineMultisampleTests.cpp:5711
dEQP-VK.pipeline.monolithic.multisample.variable_rate.4_2_fb_64	NotSupported	Sample count combination not supported at vktPipelineMultisampleTests.cpp:5711
dEQP-VK.pipeline.monolithic.multisample.variable_rate.4_2_fb_64_unused	NotSupported	Sample count combination not supported at vktPipelineMultisampleTests.cpp:5711
dEQP-VK.pipeline.monolithic.multisample.variable_rate.4_2_fb_8	NotSupported	Sample count combination not supported at vktPipelineMultisampleTests.cpp:5711
dEQP-VK.pipeline.monolithic.multisample.variable_rate.4_2_fb_8_unused	NotSupported	Sample count combination not supported at vktPipelineMultisampleTests.cpp:5711
dEQP-VK.pipeline.monolithic.multisample.variable_rate.4_32	NotSupported	Sample count combination not supported at vktPipelineMultisampleTests.cpp:5711
dEQP-VK.pipeline.monolithic.multisample.variable_rate.4_32_1	NotSupported	Sample count combination not supported at vktPipelineMultisampleTests.cpp:5711
dEQP-VK.pipeline.monolithic.multisample.variable_rate.4_32_16	NotSupported	Sample count combination not supported at vktPipelineMultisampleTests.cpp:5711
dEQP-VK.pipeline.monolithic.multisample.variable_rate.4_32_2	NotSupported	Sample count combination not supported at vktPipelineMultisampleTests.cpp:5711
dEQP-VK.pipeline.monolithic.multisample.variable_rate.4_32_32	NotSupported	Sample count combination not supported at vktPipelineMultisampleTests.cpp:5711
dEQP-VK.pipeline.monolithic.multisample.variable_rate.4_32_4	NotSupported	Sample count combination not supported at vktPipelineMultisampleTests.cpp:5711
dEQP-VK.pipeline.monolithic.multisample.variable_rate.4_32_64	NotSupported	Sample count combination not supported at vktPipelineMultisampleTests.cpp:5711
dEQP-VK.pipeline.monolithic.multisample.variable_rate.4_32_8	NotSupported	Sample count combination not supported at vktPipelineMultisampleTests.cpp:5711
dEQP-VK.pipeline.monolithic.multisample.variable_rate.4_32_fb_1	NotSupported	Sample count combination not supported at vktPipelineMultisampleTests.cpp:5711
dEQP-VK.pipeline.monolithic.multisample.variable_rate.4_32_fb_16	NotSupported	Sample count combination not supported at vktPipelineMultisampleTests.cpp:5711
dEQP-VK.pipeline.monolithic.multisample.variable_rate.4_32_fb_16_unused	NotSupported	Sample count combination not supported at vktPipelineMultisampleTests.cpp:5711
dEQP-VK.pipeline.monolithic.multisample.variable_rate.4_32_fb_1_unused	NotSupported	Sample count combination not supported at vktPipelineMultisampleTests.cpp:5711
dEQP-VK.pipeline.monolithic.multisample.variable_rate.4_32_fb_2	NotSupported	Sample count combination not supported at vktPipelineMultisampleTests.cpp:5711
dEQP-VK.pipeline.monolithic.multisample.variable_rate.4_32_fb_2_unused	NotSupported	Sample count combination not supported at vktPipelineMultisampleTests.cpp:5711
dEQP-VK.pipeline.monolithic.multisample.variable_rate.4_32_fb_32	NotSupported	Sample count combination not supported at vktPipelineMultisampleTests.cpp:5711
dEQP-VK.pipeline.monolithic.multisample.variable_rate.4_32_fb_32_unused	NotSupported	Sample count combination not supported at vktPipelineMultisampleTests.cpp:5711
dEQP-VK.pipeline.monolithic.multisample.variable_rate.4_32_fb_4	NotSupported	Sample count combination not supported at vktPipelineMultisampleTests.cpp:5711
dEQP-VK.pipeline.monolithic.multisample.variable_rate.4_32_fb_4_unused	NotSupported	Sample count combination not supported at vktPipelineMultisampleTests.cpp:5711
dEQP-VK.pipeline.monolithic.multisample.variable_rate.4_32_fb_64	NotSupported	Sample count combination not supported at vktPipelineMultisampleTests.cpp:5711
dEQP-VK.pipeline.monolithic.multisample.variable_rate.4_32_fb_64_unused	NotSupported	Sample count combination not supported at vktPipelineMultisampleTests.cpp:5711
dEQP-VK.pipeline.monolithic.multisample.variable_rate.4_32_fb_8	NotSupported	Sample count combination not supported at vktPipelineMultisampleTests.cpp:5711
dEQP-VK.pipeline.monolithic.multisample.variable_rate.4_32_fb_8_unused	NotSupported	Sample count combination not supported at vktPipelineMultisampleTests.cpp:5711
dEQP-VK.pipeline.monolithic.multisample.variable_rate.4_4_1	Pass	Pass
dEQP-VK.pipeline.monolithic.multisample.variable_rate.4_4_16	NotSupported	Sample count combination not supported at vktPipelineMultisampleTests.cpp:5711
dEQP-VK.pipeline.monolithic.multisample.variable_rate.4_4_2	NotSupported	Sample count combination not supported at vktPipelineMultisampleTests.cpp:5711
dEQP-VK.pipeline.monolithic.multisample.variable_rate.4_4_32	NotSupported	Sample count combination not supported at vktPipelineMultisampleTests.cpp:5711
dEQP-VK.pipeline.monolithic.multisample.variable_rate.4_4_64	NotSupported	Sample count combination not supported at vktPipelineMultisampleTests.cpp:5711
dEQP-VK.pipeline.monolithic.multisample.variable_rate.4_4_8	Pass	Pass
dEQP-VK.pipeline.monolithic.multisample.variable_rate.4_64	NotSupported	Sample count combination not supported at vktPipelineMultisampleTests.cpp:5711
dEQP-VK.pipeline.monolithic.multisample.variable_rate.4_64_1	NotSupported	Sample count combination not supported at vktPipelineMultisampleTests.cpp:5711
dEQP-VK.pipeline.monolithic.multisample.variable_rate.4_64_16	NotSupported	Sample count combination not supported at vktPipelineMultisampleTests.cpp:5711
dEQP-VK.pipeline.monolithic.multisample.variable_rate.4_64_2	NotSupported	Sample count combination not supported at vktPipelineMultisampleTests.cpp:5711
dEQP-VK.pipeline.monolithic.multisample.variable_rate.4_64_32	NotSupported	Sample count combination not supported at vktPipelineMultisampleTests.cpp:5711
dEQP-VK.pipeline.monolithic.multisample.variable_rate.4_64_4	NotSupported	Sample count combination not supported at vktPipelineMultisampleTests.cpp:5711
dEQP-VK.pipeline.monolithic.multisample.variable_rate.4_64_64	NotSupported	Sample count combination not supported at vktPipelineMultisampleTests.cpp:5711
dEQP-VK.pipeline.monolithic.multisample.variable_rate.4_64_8	NotSupported	Sample count combination not supported at vktPipelineMultisampleTests.cpp:5711
dEQP-VK.pipeline.monolithic.multisample.variable_rate.4_64_fb_1	NotSupported	Sample count combination not supported at vktPipelineMultisampleTests.cpp:5711
dEQP-VK.pipeline.monolithic.multisample.variable_rate.4_64_fb_16	NotSupported	Sample count combination not supported at vktPipelineMultisampleTests.cpp:5711
dEQP-VK.pipeline.monolithic.multisample.variable_rate.4_64_fb_16_unused	NotSupported	Sample count combination not supported at vktPipelineMultisampleTests.cpp:5711
dEQP-VK.pipeline.monolithic.multisample.variable_rate.4_64_fb_1_unused	NotSupported	Sample count combination not supported at vktPipelineMultisampleTests.cpp:5711
dEQP-VK.pipeline.monolithic.multisample.variable_rate.4_64_fb_2	NotSupported	Sample count combination not supported at vktPipelineMultisampleTests.cpp:5711
dEQP-VK.pipeline.monolithic.multisample.variable_rate.4_64_fb_2_unused	NotSupported	Sample count combination not supported at vktPipelineMultisampleTests.cpp:5711
dEQP-VK.pipeline.monolithic.multisample.variable_rate.4_64_fb_32	NotSupported	Sample count combination not supported at vktPipelineMultisampleTests.cpp:5711
dEQP-VK.pipeline.monolithic.multisample.variable_rate.4_64_fb_32_unused	NotSupported	Sample count combination not supported at vktPipelineMultisampleTests.cpp:5711
dEQP-VK.pipeline.monolithic.multisample.variable_rate.4_64_fb_4	NotSupported	Sample count combination not supported at vktPipelineMultisampleTests.cpp:5711
dEQP-VK.pipeline.monolithic.multisample.variable_rate.4_64_fb_4_unused	NotSupported	Sample count combination not supported at vktPipelineMultisampleTests.cpp:5711
dEQP-VK.pipeline.monolithic.multisample.variable_rate.4_64_fb_64	NotSupported	Sample count combination not supported at vktPipelineMultisampleTests.cpp:5711
dEQP-VK.pipeline.monolithic.multisample.variable_rate.4_64_fb_64_unused	NotSupported	Sample count combination not supported at vktPipelineMultisampleTests.cpp:5711
dEQP-VK.pipeline.monolithic.multisample.variable_rate.4_64_fb_8	NotSupported	Sample count combination not supported at vktPipelineMultisampleTests.cpp:5711
dEQP-VK.pipeline.monolithic.multisample.variable_rate.4_64_fb_8_unused	NotSupported	Sample count combination not supported at vktPipelineMultisampleTests.cpp:5711
dEQP-VK.pipeline.monolithic.multisample.variable_rate.4_8	Pass	Pass
dEQP-VK.pipeline.monolithic.multisample.variable_rate.4_8_1	Pass	Pass
dEQP-VK.pipeline.monolithic.multisample.variable_rate.4_8_16	NotSupported	Sample count combination not supported at vktPipelineMultisampleTests.cpp:5711
dEQP-VK.pipeline.monolithic.multisample.variable_rate.4_8_2	NotSupported	Sample count combination not supported at vktPipelineMultisampleTests.cpp:5711
dEQP-VK.pipeline.monolithic.multisample.variable_rate.4_8_32	NotSupported	Sample count combination not supported at vktPipelineMultisampleTests.cpp:5711
dEQP-VK.pipeline.monolithic.multisample.variable_rate.4_8_4	Pass	Pass
dEQP-VK.pipeline.monolithic.multisample.variable_rate.4_8_64	NotSupported	Sample count combination not supported at vktPipelineMultisampleTests.cpp:5711
dEQP-VK.pipeline.monolithic.multisample.variable_rate.4_8_8	Pass	Pass
dEQP-VK.pipeline.monolithic.multisample.variable_rate.4_8_fb_1	Pass	Pass
dEQP-VK.pipeline.monolithic.multisample.variable_rate.4_8_fb_16	Pass	Pass
dEQP-VK.pipeline.monolithic.multisample.variable_rate.4_8_fb_16_unused	Pass	Pass
dEQP-VK.pipeline.monolithic.multisample.variable_rate.4_8_fb_1_unused	Pass	Pass
dEQP-VK.pipeline.monolithic.multisample.variable_rate.4_8_fb_2	NotSupported	Sample count of 2 not supported for color attachment at vktPipelineMultisampleTests.cpp:5722
dEQP-VK.pipeline.monolithic.multisample.variable_rate.4_8_fb_2_unused	NotSupported	Sample count of 2 not supported for color attachment at vktPipelineMultisampleTests.cpp:5722
dEQP-VK.pipeline.monolithic.multisample.variable_rate.4_8_fb_32	NotSupported	Sample count of 32 not supported for color attachment at vktPipelineMultisampleTests.cpp:5722
dEQP-VK.pipeline.monolithic.multisample.variable_rate.4_8_fb_32_unused	NotSupported	Sample count of 32 not supported for color attachment at vktPipelineMultisampleTests.cpp:5722
dEQP-VK.pipeline.monolithic.multisample.variable_rate.4_8_fb_4	Pass	Pass
dEQP-VK.pipeline.monolithic.multisample.variable_rate.4_8_fb_4_unused	Pass	Pass
dEQP-VK.pipeline.monolithic.multisample.variable_rate.4_8_fb_64	NotSupported	Sample count of 64 not supported for color attachment at vktPipelineMultisampleTests.cpp:5722
dEQP-VK.pipeline.monolithic.multisample.variable_rate.4_8_fb_64_unused	NotSupported	Sample count of 64 not supported for color attachment at vktPipelineMultisampleTests.cpp:5722
dEQP-VK.pipeline.monolithic.multisample.variable_rate.4_8_fb_8	Pass	Pass
dEQP-VK.pipeline.monolithic.multisample.variable_rate.4_8_fb_8_unused	Pass	Pass
dEQP-VK.pipeline.monolithic.multisample.variable_rate.64_1	NotSupported	Sample count combination not supported at vktPipelineMultisampleTests.cpp:5711
dEQP-VK.pipeline.monolithic.multisample.variable_rate.64_16	NotSupported	Sample count combination not supported at vktPipelineMultisampleTests.cpp:5711
dEQP-VK.pipeline.monolithic.multisample.variable_rate.64_16_1	NotSupported	Sample count combination not supported at vktPipelineMultisampleTests.cpp:5711
dEQP-VK.pipeline.monolithic.multisample.variable_rate.64_16_16	NotSupported	Sample count combination not supported at vktPipelineMultisampleTests.cpp:5711
dEQP-VK.pipeline.monolithic.multisample.variable_rate.64_16_2	NotSupported	Sample count combination not supported at vktPipelineMultisampleTests.cpp:5711
dEQP-VK.pipeline.monolithic.multisample.variable_rate.64_16_32	NotSupported	Sample count combination not supported at vktPipelineMultisampleTests.cpp:5711
dEQP-VK.pipeline.monolithic.multisample.variable_rate.64_16_4	NotSupported	Sample count combination not supported at vktPipelineMultisampleTests.cpp:5711
dEQP-VK.pipeline.monolithic.multisample.variable_rate.64_16_64	NotSupported	Sample count combination not supported at vktPipelineMultisampleTests.cpp:5711
dEQP-VK.pipeline.monolithic.multisample.variable_rate.64_16_8	NotSupported	Sample count combination not supported at vktPipelineMultisampleTests.cpp:5711
dEQP-VK.pipeline.monolithic.multisample.variable_rate.64_16_fb_1	NotSupported	Sample count combination not supported at vktPipelineMultisampleTests.cpp:5711
dEQP-VK.pipeline.monolithic.multisample.variable_rate.64_16_fb_16	NotSupported	Sample count combination not supported at vktPipelineMultisampleTests.cpp:5711
dEQP-VK.pipeline.monolithic.multisample.variable_rate.64_16_fb_16_unused	NotSupported	Sample count combination not supported at vktPipelineMultisampleTests.cpp:5711
dEQP-VK.pipeline.monolithic.multisample.variable_rate.64_16_fb_1_unused	NotSupported	Sample count combination not supported at vktPipelineMultisampleTests.cpp:5711
dEQP-VK.pipeline.monolithic.multisample.variable_rate.64_16_fb_2	NotSupported	Sample count combination not supported at vktPipelineMultisampleTests.cpp:5711
dEQP-VK.pipeline.monolithic.multisample.variable_rate.64_16_fb_2_unused	NotSupported	Sample count combination not supported at vktPipelineMultisampleTests.cpp:5711
dEQP-VK.pipeline.monolithic.multisample.variable_rate.64_16_fb_32	NotSupported	Sample count combination not supported at vktPipelineMultisampleTests.cpp:5711
dEQP-VK.pipeline.monolithic.multisample.variable_rate.64_16_fb_32_unused	NotSupported	Sample count combination not supported at vktPipelineMultisampleTests.cpp:5711
dEQP-VK.pipeline.monolithic.multisample.variable_rate.64_16_fb_4	NotSupported	Sample count combination not supported at vktPipelineMultisampleTests.cpp:5711
dEQP-VK.pipeline.monolithic.multisample.variable_rate.64_16_fb_4_unused	NotSupported	Sample count combination not supported at vktPipelineMultisampleTests.cpp:5711
dEQP-VK.pipeline.monolithic.multisample.variable_rate.64_16_fb_64	NotSupported	Sample count combination not supported at vktPipelineMultisampleTests.cpp:5711
dEQP-VK.pipeline.monolithic.multisample.variable_rate.64_16_fb_64_unused	NotSupported	Sample count combination not supported at vktPipelineMultisampleTests.cpp:5711
dEQP-VK.pipeline.monolithic.multisample.variable_rate.64_16_fb_8	NotSupported	Sample count combination not supported at vktPipelineMultisampleTests.cpp:5711
dEQP-VK.pipeline.monolithic.multisample.variable_rate.64_16_fb_8_unused	NotSupported	Sample count combination not supported at vktPipelineMultisampleTests.cpp:5711
dEQP-VK.pipeline.monolithic.multisample.variable_rate.64_1_1	NotSupported	Sample count combination not supported at vktPipelineMultisampleTests.cpp:5711
dEQP-VK.pipeline.monolithic.multisample.variable_rate.64_1_16	NotSupported	Sample count combination not supported at vktPipelineMultisampleTests.cpp:5711
dEQP-VK.pipeline.monolithic.multisample.variable_rate.64_1_2	NotSupported	Sample count combination not supported at vktPipelineMultisampleTests.cpp:5711
dEQP-VK.pipeline.monolithic.multisample.variable_rate.64_1_32	NotSupported	Sample count combination not supported at vktPipelineMultisampleTests.cpp:5711
dEQP-VK.pipeline.monolithic.multisample.variable_rate.64_1_4	NotSupported	Sample count combination not supported at vktPipelineMultisampleTests.cpp:5711
dEQP-VK.pipeline.monolithic.multisample.variable_rate.64_1_64	NotSupported	Sample count combination not supported at vktPipelineMultisampleTests.cpp:5711
dEQP-VK.pipeline.monolithic.multisample.variable_rate.64_1_8	NotSupported	Sample count combination not supported at vktPipelineMultisampleTests.cpp:5711
dEQP-VK.pipeline.monolithic.multisample.variable_rate.64_1_fb_1	NotSupported	Sample count combination not supported at vktPipelineMultisampleTests.cpp:5711
dEQP-VK.pipeline.monolithic.multisample.variable_rate.64_1_fb_16	NotSupported	Sample count combination not supported at vktPipelineMultisampleTests.cpp:5711
dEQP-VK.pipeline.monolithic.multisample.variable_rate.64_1_fb_16_unused	NotSupported	Sample count combination not supported at vktPipelineMultisampleTests.cpp:5711
dEQP-VK.pipeline.monolithic.multisample.variable_rate.64_1_fb_1_unused	NotSupported	Sample count combination not supported at vktPipelineMultisampleTests.cpp:5711
dEQP-VK.pipeline.monolithic.multisample.variable_rate.64_1_fb_2	NotSupported	Sample count combination not supported at vktPipelineMultisampleTests.cpp:5711
dEQP-VK.pipeline.monolithic.multisample.variable_rate.64_1_fb_2_unused	NotSupported	Sample count combination not supported at vktPipelineMultisampleTests.cpp:5711
dEQP-VK.pipeline.monolithic.multisample.variable_rate.64_1_fb_32	NotSupported	Sample count combination not supported at vktPipelineMultisampleTests.cpp:5711
dEQP-VK.pipeline.monolithic.multisample.variable_rate.64_1_fb_32_unused	NotSupported	Sample count combination not supported at vktPipelineMultisampleTests.cpp:5711
dEQP-VK.pipeline.monolithic.multisample.variable_rate.64_1_fb_4	NotSupported	Sample count combination not supported at vktPipelineMultisampleTests.cpp:5711
dEQP-VK.pipeline.monolithic.multisample.variable_rate.64_1_fb_4_unused	NotSupported	Sample count combination not supported at vktPipelineMultisampleTests.cpp:5711
dEQP-VK.pipeline.monolithic.multisample.variable_rate.64_1_fb_64	NotSupported	Sample count combination not supported at vktPipelineMultisampleTests.cpp:5711
dEQP-VK.pipeline.monolithic.multisample.variable_rate.64_1_fb_64_unused	NotSupported	Sample count combination not supported at vktPipelineMultisampleTests.cpp:5711
dEQP-VK.pipeline.monolithic.multisample.variable_rate.64_1_fb_8	NotSupported	Sample count combination not supported at vktPipelineMultisampleTests.cpp:5711
dEQP-VK.pipeline.monolithic.multisample.variable_rate.64_1_fb_8_unused	NotSupported	Sample count combination not supported at vktPipelineMultisampleTests.cpp:5711
dEQP-VK.pipeline.monolithic.multisample.variable_rate.64_2	NotSupported	Sample count combination not supported at vktPipelineMultisampleTests.cpp:5711
dEQP-VK.pipeline.monolithic.multisample.variable_rate.64_2_1	NotSupported	Sample count combination not supported at vktPipelineMultisampleTests.cpp:5711
dEQP-VK.pipeline.monolithic.multisample.variable_rate.64_2_16	NotSupported	Sample count combination not supported at vktPipelineMultisampleTests.cpp:5711
dEQP-VK.pipeline.monolithic.multisample.variable_rate.64_2_2	NotSupported	Sample count combination not supported at vktPipelineMultisampleTests.cpp:5711
dEQP-VK.pipeline.monolithic.multisample.variable_rate.64_2_32	NotSupported	Sample count combination not supported at vktPipelineMultisampleTests.cpp:5711
dEQP-VK.pipeline.monolithic.multisample.variable_rate.64_2_4	NotSupported	Sample count combination not supported at vktPipelineMultisampleTests.cpp:5711
dEQP-VK.pipeline.monolithic.multisample.variable_rate.64_2_64	NotSupported	Sample count combination not supported at vktPipelineMultisampleTests.cpp:5711
dEQP-VK.pipeline.monolithic.multisample.variable_rate.64_2_8	NotSupported	Sample count combination not supported at vktPipelineMultisampleTests.cpp:5711
dEQP-VK.pipeline.monolithic.multisample.variable_rate.64_2_fb_1	NotSupported	Sample count combination not supported at vktPipelineMultisampleTests.cpp:5711
dEQP-VK.pipeline.monolithic.multisample.variable_rate.64_2_fb_16	NotSupported	Sample count combination not supported at vktPipelineMultisampleTests.cpp:5711
dEQP-VK.pipeline.monolithic.multisample.variable_rate.64_2_fb_16_unused	NotSupported	Sample count combination not supported at vktPipelineMultisampleTests.cpp:5711
dEQP-VK.pipeline.monolithic.multisample.variable_rate.64_2_fb_1_unused	NotSupported	Sample count combination not supported at vktPipelineMultisampleTests.cpp:5711
dEQP-VK.pipeline.monolithic.multisample.variable_rate.64_2_fb_2	NotSupported	Sample count combination not supported at vktPipelineMultisampleTests.cpp:5711
dEQP-VK.pipeline.monolithic.multisample.variable_rate.64_2_fb_2_unused	NotSupported	Sample count combination not supported at vktPipelineMultisampleTests.cpp:5711
dEQP-VK.pipeline.monolithic.multisample.variable_rate.64_2_fb_32	NotSupported	Sample count combination not supported at vktPipelineMultisampleTests.cpp:5711
dEQP-VK.pipeline.monolithic.multisample.variable_rate.64_2_fb_32_unused	NotSupported	Sample count combination not supported at vktPipelineMultisampleTests.cpp:5711
dEQP-VK.pipeline.monolithic.multisample.variable_rate.64_2_fb_4	NotSupported	Sample count combination not supported at vktPipelineMultisampleTests.cpp:5711
dEQP-VK.pipeline.monolithic.multisample.variable_rate.64_2_fb_4_unused	NotSupported	Sample count combination not supported at vktPipelineMultisampleTests.cpp:5711
dEQP-VK.pipeline.monolithic.multisample.variable_rate.64_2_fb_64	NotSupported	Sample count combination not supported at vktPipelineMultisampleTests.cpp:5711
dEQP-VK.pipeline.monolithic.multisample.variable_rate.64_2_fb_64_unused	NotSupported	Sample count combination not supported at vktPipelineMultisampleTests.cpp:5711
dEQP-VK.pipeline.monolithic.multisample.variable_rate.64_2_fb_8	NotSupported	Sample count combination not supported at vktPipelineMultisampleTests.cpp:5711
dEQP-VK.pipeline.monolithic.multisample.variable_rate.64_2_fb_8_unused	NotSupported	Sample count combination not supported at vktPipelineMultisampleTests.cpp:5711
dEQP-VK.pipeline.monolithic.multisample.variable_rate.64_32	NotSupported	Sample count combination not supported at vktPipelineMultisampleTests.cpp:5711
dEQP-VK.pipeline.monolithic.multisample.variable_rate.64_32_1	NotSupported	Sample count combination not supported at vktPipelineMultisampleTests.cpp:5711
dEQP-VK.pipeline.monolithic.multisample.variable_rate.64_32_16	NotSupported	Sample count combination not supported at vktPipelineMultisampleTests.cpp:5711
dEQP-VK.pipeline.monolithic.multisample.variable_rate.64_32_2	NotSupported	Sample count combination not supported at vktPipelineMultisampleTests.cpp:5711
dEQP-VK.pipeline.monolithic.multisample.variable_rate.64_32_32	NotSupported	Sample count combination not supported at vktPipelineMultisampleTests.cpp:5711
dEQP-VK.pipeline.monolithic.multisample.variable_rate.64_32_4	NotSupported	Sample count combination not supported at vktPipelineMultisampleTests.cpp:5711
dEQP-VK.pipeline.monolithic.multisample.variable_rate.64_32_64	NotSupported	Sample count combination not supported at vktPipelineMultisampleTests.cpp:5711
dEQP-VK.pipeline.monolithic.multisample.variable_rate.64_32_8	NotSupported	Sample count combination not supported at vktPipelineMultisampleTests.cpp:5711
dEQP-VK.pipeline.monolithic.multisample.variable_rate.64_32_fb_1	NotSupported	Sample count combination not supported at vktPipelineMultisampleTests.cpp:5711
dEQP-VK.pipeline.monolithic.multisample.variable_rate.64_32_fb_16	NotSupported	Sample count combination not supported at vktPipelineMultisampleTests.cpp:5711
dEQP-VK.pipeline.monolithic.multisample.variable_rate.64_32_fb_16_unused	NotSupported	Sample count combination not supported at vktPipelineMultisampleTests.cpp:5711
dEQP-VK.pipeline.monolithic.multisample.variable_rate.64_32_fb_1_unused	NotSupported	Sample count combination not supported at vktPipelineMultisampleTests.cpp:5711
dEQP-VK.pipeline.monolithic.multisample.variable_rate.64_32_fb_2	NotSupported	Sample count combination not supported at vktPipelineMultisampleTests.cpp:5711
dEQP-VK.pipeline.monolithic.multisample.variable_rate.64_32_fb_2_unused	NotSupported	Sample count combination not supported at vktPipelineMultisampleTests.cpp:5711
dEQP-VK.pipeline.monolithic.multisample.variable_rate.64_32_fb_32	NotSupported	Sample count combination not supported at vktPipelineMultisampleTests.cpp:5711
dEQP-VK.pipeline.monolithic.multisample.variable_rate.64_32_fb_32_unused	NotSupported	Sample count combination not supported at vktPipelineMultisampleTests.cpp:5711
dEQP-VK.pipeline.monolithic.multisample.variable_rate.64_32_fb_4	NotSupported	Sample count combination not supported at vktPipelineMultisampleTests.cpp:5711
dEQP-VK.pipeline.monolithic.multisample.variable_rate.64_32_fb_4_unused	NotSupported	Sample count combination not supported at vktPipelineMultisampleTests.cpp:5711
dEQP-VK.pipeline.monolithic.multisample.variable_rate.64_32_fb_64	NotSupported	Sample count combination not supported at vktPipelineMultisampleTests.cpp:5711
dEQP-VK.pipeline.monolithic.multisample.variable_rate.64_32_fb_64_unused	NotSupported	Sample count combination not supported at vktPipelineMultisampleTests.cpp:5711
dEQP-VK.pipeline.monolithic.multisample.variable_rate.64_32_fb_8	NotSupported	Sample count combination not supported at vktPipelineMultisampleTests.cpp:5711
dEQP-VK.pipeline.monolithic.multisample.variable_rate.64_32_fb_8_unused	NotSupported	Sample count combination not supported at vktPipelineMultisampleTests.cpp:5711
dEQP-VK.pipeline.monolithic.multisample.variable_rate.64_4	NotSupported	Sample count combination not supported at vktPipelineMultisampleTests.cpp:5711
dEQP-VK.pipeline.monolithic.multisample.variable_rate.64_4_1	NotSupported	Sample count combination not supported at vktPipelineMultisampleTests.cpp:5711
dEQP-VK.pipeline.monolithic.multisample.variable_rate.64_4_16	NotSupported	Sample count combination not supported at vktPipelineMultisampleTests.cpp:5711
dEQP-VK.pipeline.monolithic.multisample.variable_rate.64_4_2	NotSupported	Sample count combination not supported at vktPipelineMultisampleTests.cpp:5711
dEQP-VK.pipeline.monolithic.multisample.variable_rate.64_4_32	NotSupported	Sample count combination not supported at vktPipelineMultisampleTests.cpp:5711
dEQP-VK.pipeline.monolithic.multisample.variable_rate.64_4_4	NotSupported	Sample count combination not supported at vktPipelineMultisampleTests.cpp:5711
dEQP-VK.pipeline.monolithic.multisample.variable_rate.64_4_64	NotSupported	Sample count combination not supported at vktPipelineMultisampleTests.cpp:5711
dEQP-VK.pipeline.monolithic.multisample.variable_rate.64_4_8	NotSupported	Sample count combination not supported at vktPipelineMultisampleTests.cpp:5711
dEQP-VK.pipeline.monolithic.multisample.variable_rate.64_4_fb_1	NotSupported	Sample count combination not supported at vktPipelineMultisampleTests.cpp:5711
dEQP-VK.pipeline.monolithic.multisample.variable_rate.64_4_fb_16	NotSupported	Sample count combination not supported at vktPipelineMultisampleTests.cpp:5711
dEQP-VK.pipeline.monolithic.multisample.variable_rate.64_4_fb_16_unused	NotSupported	Sample count combination not supported at vktPipelineMultisampleTests.cpp:5711
dEQP-VK.pipeline.monolithic.multisample.variable_rate.64_4_fb_1_unused	NotSupported	Sample count combination not supported at vktPipelineMultisampleTests.cpp:5711
dEQP-VK.pipeline.monolithic.multisample.variable_rate.64_4_fb_2	NotSupported	Sample count combination not supported at vktPipelineMultisampleTests.cpp:5711
dEQP-VK.pipeline.monolithic.multisample.variable_rate.64_4_fb_2_unused	NotSupported	Sample count combination not supported at vktPipelineMultisampleTests.cpp:5711
dEQP-VK.pipeline.monolithic.multisample.variable_rate.64_4_fb_32	NotSupported	Sample count combination not supported at vktPipelineMultisampleTests.cpp:5711
dEQP-VK.pipeline.monolithic.multisample.variable_rate.64_4_fb_32_unused	NotSupported	Sample count combination not supported at vktPipelineMultisampleTests.cpp:5711
dEQP-VK.pipeline.monolithic.multisample.variable_rate.64_4_fb_4	NotSupported	Sample count combination not supported at vktPipelineMultisampleTests.cpp:5711
dEQP-VK.pipeline.monolithic.multisample.variable_rate.64_4_fb_4_unused	NotSupported	Sample count combination not supported at vktPipelineMultisampleTests.cpp:5711
dEQP-VK.pipeline.monolithic.multisample.variable_rate.64_4_fb_64	NotSupported	Sample count combination not supported at vktPipelineMultisampleTests.cpp:5711
dEQP-VK.pipeline.monolithic.multisample.variable_rate.64_4_fb_64_unused	NotSupported	Sample count combination not supported at vktPipelineMultisampleTests.cpp:5711
dEQP-VK.pipeline.monolithic.multisample.variable_rate.64_4_fb_8	NotSupported	Sample count combination not supported at vktPipelineMultisampleTests.cpp:5711
dEQP-VK.pipeline.monolithic.multisample.variable_rate.64_4_fb_8_unused	NotSupported	Sample count combination not supported at vktPipelineMultisampleTests.cpp:5711
dEQP-VK.pipeline.monolithic.multisample.variable_rate.64_64_1	NotSupported	Sample count combination not supported at vktPipelineMultisampleTests.cpp:5711
dEQP-VK.pipeline.monolithic.multisample.variable_rate.64_64_16	NotSupported	Sample count combination not supported at vktPipelineMultisampleTests.cpp:5711
dEQP-VK.pipeline.monolithic.multisample.variable_rate.64_64_2	NotSupported	Sample count combination not supported at vktPipelineMultisampleTests.cpp:5711
dEQP-VK.pipeline.monolithic.multisample.variable_rate.64_64_32	NotSupported	Sample count combination not supported at vktPipelineMultisampleTests.cpp:5711
dEQP-VK.pipeline.monolithic.multisample.variable_rate.64_64_4	NotSupported	Sample count combination not supported at vktPipelineMultisampleTests.cpp:5711
dEQP-VK.pipeline.monolithic.multisample.variable_rate.64_64_8	NotSupported	Sample count combination not supported at vktPipelineMultisampleTests.cpp:5711
dEQP-VK.pipeline.monolithic.multisample.variable_rate.64_8	NotSupported	Sample count combination not supported at vktPipelineMultisampleTests.cpp:5711
dEQP-VK.pipeline.monolithic.multisample.variable_rate.64_8_1	NotSupported	Sample count combination not supported at vktPipelineMultisampleTests.cpp:5711
dEQP-VK.pipeline.monolithic.multisample.variable_rate.64_8_16	NotSupported	Sample count combination not supported at vktPipelineMultisampleTests.cpp:5711
dEQP-VK.pipeline.monolithic.multisample.variable_rate.64_8_2	NotSupported	Sample count combination not supported at vktPipelineMultisampleTests.cpp:5711
dEQP-VK.pipeline.monolithic.multisample.variable_rate.64_8_32	NotSupported	Sample count combination not supported at vktPipelineMultisampleTests.cpp:5711
dEQP-VK.pipeline.monolithic.multisample.variable_rate.64_8_4	NotSupported	Sample count combination not supported at vktPipelineMultisampleTests.cpp:5711
dEQP-VK.pipeline.monolithic.multisample.variable_rate.64_8_64	NotSupported	Sample count combination not supported at vktPipelineMultisampleTests.cpp:5711
dEQP-VK.pipeline.monolithic.multisample.variable_rate.64_8_8	NotSupported	Sample count combination not supported at vktPipelineMultisampleTests.cpp:5711
dEQP-VK.pipeline.monolithic.multisample.variable_rate.64_8_fb_1	NotSupported	Sample count combination not supported at vktPipelineMultisampleTests.cpp:5711
dEQP-VK.pipeline.monolithic.multisample.variable_rate.64_8_fb_16	NotSupported	Sample count combination not supported at vktPipelineMultisampleTests.cpp:5711
dEQP-VK.pipeline.monolithic.multisample.variable_rate.64_8_fb_16_unused	NotSupported	Sample count combination not supported at vktPipelineMultisampleTests.cpp:5711
dEQP-VK.pipeline.monolithic.multisample.variable_rate.64_8_fb_1_unused	NotSupported	Sample count combination not supported at vktPipelineMultisampleTests.cpp:5711
dEQP-VK.pipeline.monolithic.multisample.variable_rate.64_8_fb_2	NotSupported	Sample count combination not supported at vktPipelineMultisampleTests.cpp:5711
dEQP-VK.pipeline.monolithic.multisample.variable_rate.64_8_fb_2_unused	NotSupported	Sample count combination not supported at vktPipelineMultisampleTests.cpp:5711
dEQP-VK.pipeline.monolithic.multisample.variable_rate.64_8_fb_32	NotSupported	Sample count combination not supported at vktPipelineMultisampleTests.cpp:5711
dEQP-VK.pipeline.monolithic.multisample.variable_rate.64_8_fb_32_unused	NotSupported	Sample count combination not supported at vktPipelineMultisampleTests.cpp:5711
dEQP-VK.pipeline.monolithic.multisample.variable_rate.64_8_fb_4	NotSupported	Sample count combination not supported at vktPipelineMultisampleTests.cpp:5711
dEQP-VK.pipeline.monolithic.multisample.variable_rate.64_8_fb_4_unused	NotSupported	Sample count combination not supported at vktPipelineMultisampleTests.cpp:5711
dEQP-VK.pipeline.monolithic.multisample.variable_rate.64_8_fb_64	NotSupported	Sample count combination not supported at vktPipelineMultisampleTests.cpp:5711
dEQP-VK.pipeline.monolithic.multisample.variable_rate.64_8_fb_64_unused	NotSupported	Sample count combination not supported at vktPipelineMultisampleTests.cpp:5711
dEQP-VK.pipeline.monolithic.multisample.variable_rate.64_8_fb_8	NotSupported	Sample count combination not supported at vktPipelineMultisampleTests.cpp:5711
dEQP-VK.pipeline.monolithic.multisample.variable_rate.64_8_fb_8_unused	NotSupported	Sample count combination not supported at vktPipelineMultisampleTests.cpp:5711
dEQP-VK.pipeline.monolithic.multisample.variable_rate.8_1	Pass	Pass
dEQP-VK.pipeline.monolithic.multisample.variable_rate.8_16	NotSupported	Sample count combination not supported at vktPipelineMultisampleTests.cpp:5711
dEQP-VK.pipeline.monolithic.multisample.variable_rate.8_16_1	NotSupported	Sample count combination not supported at vktPipelineMultisampleTests.cpp:5711
dEQP-VK.pipeline.monolithic.multisample.variable_rate.8_16_16	NotSupported	Sample count combination not supported at vktPipelineMultisampleTests.cpp:5711
dEQP-VK.pipeline.monolithic.multisample.variable_rate.8_16_2	NotSupported	Sample count combination not supported at vktPipelineMultisampleTests.cpp:5711
dEQP-VK.pipeline.monolithic.multisample.variable_rate.8_16_32	NotSupported	Sample count combination not supported at vktPipelineMultisampleTests.cpp:5711
dEQP-VK.pipeline.monolithic.multisample.variable_rate.8_16_4	NotSupported	Sample count combination not supported at vktPipelineMultisampleTests.cpp:5711
dEQP-VK.pipeline.monolithic.multisample.variable_rate.8_16_64	NotSupported	Sample count combination not supported at vktPipelineMultisampleTests.cpp:5711
dEQP-VK.pipeline.monolithic.multisample.variable_rate.8_16_8	NotSupported	Sample count combination not supported at vktPipelineMultisampleTests.cpp:5711
dEQP-VK.pipeline.monolithic.multisample.variable_rate.8_16_fb_1	NotSupported	Sample count combination not supported at vktPipelineMultisampleTests.cpp:5711
dEQP-VK.pipeline.monolithic.multisample.variable_rate.8_16_fb_16	NotSupported	Sample count combination not supported at vktPipelineMultisampleTests.cpp:5711
dEQP-VK.pipeline.monolithic.multisample.variable_rate.8_16_fb_16_unused	NotSupported	Sample count combination not supported at vktPipelineMultisampleTests.cpp:5711
dEQP-VK.pipeline.monolithic.multisample.variable_rate.8_16_fb_1_unused	NotSupported	Sample count combination not supported at vktPipelineMultisampleTests.cpp:5711
dEQP-VK.pipeline.monolithic.multisample.variable_rate.8_16_fb_2	NotSupported	Sample count combination not supported at vktPipelineMultisampleTests.cpp:5711
dEQP-VK.pipeline.monolithic.multisample.variable_rate.8_16_fb_2_unused	NotSupported	Sample count combination not supported at vktPipelineMultisampleTests.cpp:5711
dEQP-VK.pipeline.monolithic.multisample.variable_rate.8_16_fb_32	NotSupported	Sample count combination not supported at vktPipelineMultisampleTests.cpp:5711
dEQP-VK.pipeline.monolithic.multisample.variable_rate.8_16_fb_32_unused	NotSupported	Sample count combination not supported at vktPipelineMultisampleTests.cpp:5711
dEQP-VK.pipeline.monolithic.multisample.variable_rate.8_16_fb_4	NotSupported	Sample count combination not supported at vktPipelineMultisampleTests.cpp:5711
dEQP-VK.pipeline.monolithic.multisample.variable_rate.8_16_fb_4_unused	NotSupported	Sample count combination not supported at vktPipelineMultisampleTests.cpp:5711
dEQP-VK.pipeline.monolithic.multisample.variable_rate.8_16_fb_64	NotSupported	Sample count combination not supported at vktPipelineMultisampleTests.cpp:5711
dEQP-VK.pipeline.monolithic.multisample.variable_rate.8_16_fb_64_unused	NotSupported	Sample count combination not supported at vktPipelineMultisampleTests.cpp:5711
dEQP-VK.pipeline.monolithic.multisample.variable_rate.8_16_fb_8	NotSupported	Sample count combination not supported at vktPipelineMultisampleTests.cpp:5711
dEQP-VK.pipeline.monolithic.multisample.variable_rate.8_16_fb_8_unused	NotSupported	Sample count combination not supported at vktPipelineMultisampleTests.cpp:5711
dEQP-VK.pipeline.monolithic.multisample.variable_rate.8_1_1	Pass	Pass
dEQP-VK.pipeline.monolithic.multisample.variable_rate.8_1_16	NotSupported	Sample count combination not supported at vktPipelineMultisampleTests.cpp:5711
dEQP-VK.pipeline.monolithic.multisample.variable_rate.8_1_2	NotSupported	Sample count combination not supported at vktPipelineMultisampleTests.cpp:5711
dEQP-VK.pipeline.monolithic.multisample.variable_rate.8_1_32	NotSupported	Sample count combination not supported at vktPipelineMultisampleTests.cpp:5711
dEQP-VK.pipeline.monolithic.multisample.variable_rate.8_1_4	Pass	Pass
dEQP-VK.pipeline.monolithic.multisample.variable_rate.8_1_64	NotSupported	Sample count combination not supported at vktPipelineMultisampleTests.cpp:5711
dEQP-VK.pipeline.monolithic.multisample.variable_rate.8_1_8	Pass	Pass
dEQP-VK.pipeline.monolithic.multisample.variable_rate.8_1_fb_1	Pass	Pass
dEQP-VK.pipeline.monolithic.multisample.variable_rate.8_1_fb_16	Pass	Pass
dEQP-VK.pipeline.monolithic.multisample.variable_rate.8_1_fb_16_unused	Pass	Pass
dEQP-VK.pipeline.monolithic.multisample.variable_rate.8_1_fb_1_unused	Pass	Pass
dEQP-VK.pipeline.monolithic.multisample.variable_rate.8_1_fb_2	NotSupported	Sample count of 2 not supported for color attachment at vktPipelineMultisampleTests.cpp:5722
dEQP-VK.pipeline.monolithic.multisample.variable_rate.8_1_fb_2_unused	NotSupported	Sample count of 2 not supported for color attachment at vktPipelineMultisampleTests.cpp:5722
dEQP-VK.pipeline.monolithic.multisample.variable_rate.8_1_fb_32	NotSupported	Sample count of 32 not supported for color attachment at vktPipelineMultisampleTests.cpp:5722
dEQP-VK.pipeline.monolithic.multisample.variable_rate.8_1_fb_32_unused	NotSupported	Sample count of 32 not supported for color attachment at vktPipelineMultisampleTests.cpp:5722
dEQP-VK.pipeline.monolithic.multisample.variable_rate.8_1_fb_4	Pass	Pass
dEQP-VK.pipeline.monolithic.multisample.variable_rate.8_1_fb_4_unused	Pass	Pass
dEQP-VK.pipeline.monolithic.multisample.variable_rate.8_1_fb_64	NotSupported	Sample count of 64 not supported for color attachment at vktPipelineMultisampleTests.cpp:5722
dEQP-VK.pipeline.monolithic.multisample.variable_rate.8_1_fb_64_unused	NotSupported	Sample count of 64 not supported for color attachment at vktPipelineMultisampleTests.cpp:5722
dEQP-VK.pipeline.monolithic.multisample.variable_rate.8_1_fb_8	Pass	Pass
dEQP-VK.pipeline.monolithic.multisample.variable_rate.8_1_fb_8_unused	Pass	Pass
dEQP-VK.pipeline.monolithic.multisample.variable_rate.8_2	NotSupported	Sample count combination not supported at vktPipelineMultisampleTests.cpp:5711
dEQP-VK.pipeline.monolithic.multisample.variable_rate.8_2_1	NotSupported	Sample count combination not supported at vktPipelineMultisampleTests.cpp:5711
dEQP-VK.pipeline.monolithic.multisample.variable_rate.8_2_16	NotSupported	Sample count combination not supported at vktPipelineMultisampleTests.cpp:5711
dEQP-VK.pipeline.monolithic.multisample.variable_rate.8_2_2	NotSupported	Sample count combination not supported at vktPipelineMultisampleTests.cpp:5711
dEQP-VK.pipeline.monolithic.multisample.variable_rate.8_2_32	NotSupported	Sample count combination not supported at vktPipelineMultisampleTests.cpp:5711
dEQP-VK.pipeline.monolithic.multisample.variable_rate.8_2_4	NotSupported	Sample count combination not supported at vktPipelineMultisampleTests.cpp:5711
dEQP-VK.pipeline.monolithic.multisample.variable_rate.8_2_64	NotSupported	Sample count combination not supported at vktPipelineMultisampleTests.cpp:5711
dEQP-VK.pipeline.monolithic.multisample.variable_rate.8_2_8	NotSupported	Sample count combination not supported at vktPipelineMultisampleTests.cpp:5711
dEQP-VK.pipeline.monolithic.multisample.variable_rate.8_2_fb_1	NotSupported	Sample count combination not supported at vktPipelineMultisampleTests.cpp:5711
dEQP-VK.pipeline.monolithic.multisample.variable_rate.8_2_fb_16	NotSupported	Sample count combination not supported at vktPipelineMultisampleTests.cpp:5711
dEQP-VK.pipeline.monolithic.multisample.variable_rate.8_2_fb_16_unused	NotSupported	Sample count combination not supported at vktPipelineMultisampleTests.cpp:5711
dEQP-VK.pipeline.monolithic.multisample.variable_rate.8_2_fb_1_unused	NotSupported	Sample count combination not supported at vktPipelineMultisampleTests.cpp:5711
dEQP-VK.pipeline.monolithic.multisample.variable_rate.8_2_fb_2	NotSupported	Sample count combination not supported at vktPipelineMultisampleTests.cpp:5711
dEQP-VK.pipeline.monolithic.multisample.variable_rate.8_2_fb_2_unused	NotSupported	Sample count combination not supported at vktPipelineMultisampleTests.cpp:5711
dEQP-VK.pipeline.monolithic.multisample.variable_rate.8_2_fb_32	NotSupported	Sample count combination not supported at vktPipelineMultisampleTests.cpp:5711
dEQP-VK.pipeline.monolithic.multisample.variable_rate.8_2_fb_32_unused	NotSupported	Sample count combination not supported at vktPipelineMultisampleTests.cpp:5711
dEQP-VK.pipeline.monolithic.multisample.variable_rate.8_2_fb_4	NotSupported	Sample count combination not supported at vktPipelineMultisampleTests.cpp:5711
dEQP-VK.pipeline.monolithic.multisample.variable_rate.8_2_fb_4_unused	NotSupported	Sample count combination not supported at vktPipelineMultisampleTests.cpp:5711
dEQP-VK.pipeline.monolithic.multisample.variable_rate.8_2_fb_64	NotSupported	Sample count combination not supported at vktPipelineMultisampleTests.cpp:5711
dEQP-VK.pipeline.monolithic.multisample.variable_rate.8_2_fb_64_unused	NotSupported	Sample count combination not supported at vktPipelineMultisampleTests.cpp:5711
dEQP-VK.pipeline.monolithic.multisample.variable_rate.8_2_fb_8	NotSupported	Sample count combination not supported at vktPipelineMultisampleTests.cpp:5711
dEQP-VK.pipeline.monolithic.multisample.variable_rate.8_2_fb_8_unused	NotSupported	Sample count combination not supported at vktPipelineMultisampleTests.cpp:5711
dEQP-VK.pipeline.monolithic.multisample.variable_rate.8_32	NotSupported	Sample count combination not supported at vktPipelineMultisampleTests.cpp:5711
dEQP-VK.pipeline.monolithic.multisample.variable_rate.8_32_1	NotSupported	Sample count combination not supported at vktPipelineMultisampleTests.cpp:5711
dEQP-VK.pipeline.monolithic.multisample.variable_rate.8_32_16	NotSupported	Sample count combination not supported at vktPipelineMultisampleTests.cpp:5711
dEQP-VK.pipeline.monolithic.multisample.variable_rate.8_32_2	NotSupported	Sample count combination not supported at vktPipelineMultisampleTests.cpp:5711
dEQP-VK.pipeline.monolithic.multisample.variable_rate.8_32_32	NotSupported	Sample count combination not supported at vktPipelineMultisampleTests.cpp:5711
dEQP-VK.pipeline.monolithic.multisample.variable_rate.8_32_4	NotSupported	Sample count combination not supported at vktPipelineMultisampleTests.cpp:5711
dEQP-VK.pipeline.monolithic.multisample.variable_rate.8_32_64	NotSupported	Sample count combination not supported at vktPipelineMultisampleTests.cpp:5711
dEQP-VK.pipeline.monolithic.multisample.variable_rate.8_32_8	NotSupported	Sample count combination not supported at vktPipelineMultisampleTests.cpp:5711
dEQP-VK.pipeline.monolithic.multisample.variable_rate.8_32_fb_1	NotSupported	Sample count combination not supported at vktPipelineMultisampleTests.cpp:5711
dEQP-VK.pipeline.monolithic.multisample.variable_rate.8_32_fb_16	NotSupported	Sample count combination not supported at vktPipelineMultisampleTests.cpp:5711
dEQP-VK.pipeline.monolithic.multisample.variable_rate.8_32_fb_16_unused	NotSupported	Sample count combination not supported at vktPipelineMultisampleTests.cpp:5711
dEQP-VK.pipeline.monolithic.multisample.variable_rate.8_32_fb_1_unused	NotSupported	Sample count combination not supported at vktPipelineMultisampleTests.cpp:5711
dEQP-VK.pipeline.monolithic.multisample.variable_rate.8_32_fb_2	NotSupported	Sample count combination not supported at vktPipelineMultisampleTests.cpp:5711
dEQP-VK.pipeline.monolithic.multisample.variable_rate.8_32_fb_2_unused	NotSupported	Sample count combination not supported at vktPipelineMultisampleTests.cpp:5711
dEQP-VK.pipeline.monolithic.multisample.variable_rate.8_32_fb_32	NotSupported	Sample count combination not supported at vktPipelineMultisampleTests.cpp:5711
dEQP-VK.pipeline.monolithic.multisample.variable_rate.8_32_fb_32_unused	NotSupported	Sample count combination not supported at vktPipelineMultisampleTests.cpp:5711
dEQP-VK.pipeline.monolithic.multisample.variable_rate.8_32_fb_4	NotSupported	Sample count combination not supported at vktPipelineMultisampleTests.cpp:5711
dEQP-VK.pipeline.monolithic.multisample.variable_rate.8_32_fb_4_unused	NotSupported	Sample count combination not supported at vktPipelineMultisampleTests.cpp:5711
dEQP-VK.pipeline.monolithic.multisample.variable_rate.8_32_fb_64	NotSupported	Sample count combination not supported at vktPipelineMultisampleTests.cpp:5711
dEQP-VK.pipeline.monolithic.multisample.variable_rate.8_32_fb_64_unused	NotSupported	Sample count combination not supported at vktPipelineMultisampleTests.cpp:5711
dEQP-VK.pipeline.monolithic.multisample.variable_rate.8_32_fb_8	NotSupported	Sample count combination not supported at vktPipelineMultisampleTests.cpp:5711
dEQP-VK.pipeline.monolithic.multisample.variable_rate.8_32_fb_8_unused	NotSupported	Sample count combination not supported at vktPipelineMultisampleTests.cpp:5711
dEQP-VK.pipeline.monolithic.multisample.variable_rate.8_4	Pass	Pass
dEQP-VK.pipeline.monolithic.multisample.variable_rate.8_4_1	Pass	Pass
dEQP-VK.pipeline.monolithic.multisample.variable_rate.8_4_16	NotSupported	Sample count combination not supported at vktPipelineMultisampleTests.cpp:5711
dEQP-VK.pipeline.monolithic.multisample.variable_rate.8_4_2	NotSupported	Sample count combination not supported at vktPipelineMultisampleTests.cpp:5711
dEQP-VK.pipeline.monolithic.multisample.variable_rate.8_4_32	NotSupported	Sample count combination not supported at vktPipelineMultisampleTests.cpp:5711
dEQP-VK.pipeline.monolithic.multisample.variable_rate.8_4_4	Pass	Pass
dEQP-VK.pipeline.monolithic.multisample.variable_rate.8_4_64	NotSupported	Sample count combination not supported at vktPipelineMultisampleTests.cpp:5711
dEQP-VK.pipeline.monolithic.multisample.variable_rate.8_4_8	Pass	Pass
dEQP-VK.pipeline.monolithic.multisample.variable_rate.8_4_fb_1	Pass	Pass
dEQP-VK.pipeline.monolithic.multisample.variable_rate.8_4_fb_16	Pass	Pass
dEQP-VK.pipeline.monolithic.multisample.variable_rate.8_4_fb_16_unused	Pass	Pass
dEQP-VK.pipeline.monolithic.multisample.variable_rate.8_4_fb_1_unused	Pass	Pass
dEQP-VK.pipeline.monolithic.multisample.variable_rate.8_4_fb_2	NotSupported	Sample count of 2 not supported for color attachment at vktPipelineMultisampleTests.cpp:5722
dEQP-VK.pipeline.monolithic.multisample.variable_rate.8_4_fb_2_unused	NotSupported	Sample count of 2 not supported for color attachment at vktPipelineMultisampleTests.cpp:5722
dEQP-VK.pipeline.monolithic.multisample.variable_rate.8_4_fb_32	NotSupported	Sample count of 32 not supported for color attachment at vktPipelineMultisampleTests.cpp:5722
dEQP-VK.pipeline.monolithic.multisample.variable_rate.8_4_fb_32_unused	NotSupported	Sample count of 32 not supported for color attachment at vktPipelineMultisampleTests.cpp:5722
dEQP-VK.pipeline.monolithic.multisample.variable_rate.8_4_fb_4	Pass	Pass
dEQP-VK.pipeline.monolithic.multisample.variable_rate.8_4_fb_4_unused	Pass	Pass
dEQP-VK.pipeline.monolithic.multisample.variable_rate.8_4_fb_64	NotSupported	Sample count of 64 not supported for color attachment at vktPipelineMultisampleTests.cpp:5722
dEQP-VK.pipeline.monolithic.multisample.variable_rate.8_4_fb_64_unused	NotSupported	Sample count of 64 not supported for color attachment at vktPipelineMultisampleTests.cpp:5722
dEQP-VK.pipeline.monolithic.multisample.variable_rate.8_4_fb_8	Pass	Pass
dEQP-VK.pipeline.monolithic.multisample.variable_rate.8_4_fb_8_unused	Pass	Pass
dEQP-VK.pipeline.monolithic.multisample.variable_rate.8_64	NotSupported	Sample count combination not supported at vktPipelineMultisampleTests.cpp:5711
dEQP-VK.pipeline.monolithic.multisample.variable_rate.8_64_1	NotSupported	Sample count combination not supported at vktPipelineMultisampleTests.cpp:5711
dEQP-VK.pipeline.monolithic.multisample.variable_rate.8_64_16	NotSupported	Sample count combination not supported at vktPipelineMultisampleTests.cpp:5711
dEQP-VK.pipeline.monolithic.multisample.variable_rate.8_64_2	NotSupported	Sample count combination not supported at vktPipelineMultisampleTests.cpp:5711
dEQP-VK.pipeline.monolithic.multisample.variable_rate.8_64_32	NotSupported	Sample count combination not supported at vktPipelineMultisampleTests.cpp:5711
dEQP-VK.pipeline.monolithic.multisample.variable_rate.8_64_4	NotSupported	Sample count combination not supported at vktPipelineMultisampleTests.cpp:5711
dEQP-VK.pipeline.monolithic.multisample.variable_rate.8_64_64	NotSupported	Sample count combination not supported at vktPipelineMultisampleTests.cpp:5711
dEQP-VK.pipeline.monolithic.multisample.variable_rate.8_64_8	NotSupported	Sample count combination not supported at vktPipelineMultisampleTests.cpp:5711
dEQP-VK.pipeline.monolithic.multisample.variable_rate.8_64_fb_1	NotSupported	Sample count combination not supported at vktPipelineMultisampleTests.cpp:5711
dEQP-VK.pipeline.monolithic.multisample.variable_rate.8_64_fb_16	NotSupported	Sample count combination not supported at vktPipelineMultisampleTests.cpp:5711
dEQP-VK.pipeline.monolithic.multisample.variable_rate.8_64_fb_16_unused	NotSupported	Sample count combination not supported at vktPipelineMultisampleTests.cpp:5711
dEQP-VK.pipeline.monolithic.multisample.variable_rate.8_64_fb_1_unused	NotSupported	Sample count combination not supported at vktPipelineMultisampleTests.cpp:5711
dEQP-VK.pipeline.monolithic.multisample.variable_rate.8_64_fb_2	NotSupported	Sample count combination not supported at vktPipelineMultisampleTests.cpp:5711
dEQP-VK.pipeline.monolithic.multisample.variable_rate.8_64_fb_2_unused	NotSupported	Sample count combination not supported at vktPipelineMultisampleTests.cpp:5711
dEQP-VK.pipeline.monolithic.multisample.variable_rate.8_64_fb_32	NotSupported	Sample count combination not supported at vktPipelineMultisampleTests.cpp:5711
dEQP-VK.pipeline.monolithic.multisample.variable_rate.8_64_fb_32_unused	NotSupported	Sample count combination not supported at vktPipelineMultisampleTests.cpp:5711
dEQP-VK.pipeline.monolithic.multisample.variable_rate.8_64_fb_4	NotSupported	Sample count combination not supported at vktPipelineMultisampleTests.cpp:5711
dEQP-VK.pipeline.monolithic.multisample.variable_rate.8_64_fb_4_unused	NotSupported	Sample count combination not supported at vktPipelineMultisampleTests.cpp:5711
dEQP-VK.pipeline.monolithic.multisample.variable_rate.8_64_fb_64	NotSupported	Sample count combination not supported at vktPipelineMultisampleTests.cpp:5711
dEQP-VK.pipeline.monolithic.multisample.variable_rate.8_64_fb_64_unused	NotSupported	Sample count combination not supported at vktPipelineMultisampleTests.cpp:5711
dEQP-VK.pipeline.monolithic.multisample.variable_rate.8_64_fb_8	NotSupported	Sample count combination not supported at vktPipelineMultisampleTests.cpp:5711
dEQP-VK.pipeline.monolithic.multisample.variable_rate.8_64_fb_8_unused	NotSupported	Sample count combination not supported at vktPipelineMultisampleTests.cpp:5711
dEQP-VK.pipeline.monolithic.multisample.variable_rate.8_8_1	Pass	Pass
dEQP-VK.pipeline.monolithic.multisample.variable_rate.8_8_16	NotSupported	Sample count combination not supported at vktPipelineMultisampleTests.cpp:5711
dEQP-VK.pipeline.monolithic.multisample.variable_rate.8_8_2	NotSupported	Sample count combination not supported at vktPipelineMultisampleTests.cpp:5711
dEQP-VK.pipeline.monolithic.multisample.variable_rate.8_8_32	NotSupported	Sample count combination not supported at vktPipelineMultisampleTests.cpp:5711
dEQP-VK.pipeline.monolithic.multisample.variable_rate.8_8_4	Pass	Pass
dEQP-VK.pipeline.monolithic.multisample.variable_rate.8_8_64	NotSupported	Sample count combination not supported at vktPipelineMultisampleTests.cpp:5711
