dEQP-VK.robustness.robustness2.bind.notemplate.r32f.unroll.nonvolatile.sampled_image.no_fmt_qual.img.samples_1.1d.rgen	NotSupported	VK_KHR_ray_tracing_pipeline is not supported at vktTestCase.cpp:1394
dEQP-VK.robustness.robustness2.bind.notemplate.r32f.unroll.nonvolatile.sampled_image.no_fmt_qual.img.samples_1.1d_array.comp_compute	NotSupported	robustImageAccess2 not supported at vktRobustnessExtsTests.cpp:665
dEQP-VK.robustness.robustness2.bind.notemplate.r32f.unroll.nonvolatile.sampled_image.no_fmt_qual.img.samples_1.1d_array.vert	NotSupported	robustImageAccess2 not supported at vktRobustnessExtsTests.cpp:665
dEQP-VK.robustness.robustness2.bind.notemplate.r32f.unroll.nonvolatile.sampled_image.no_fmt_qual.img.samples_1.2d.rgen	NotSupported	VK_KHR_ray_tracing_pipeline is not supported at vktTestCase.cpp:1394
dEQP-VK.robustness.robustness2.bind.notemplate.r32f.unroll.nonvolatile.sampled_image.no_fmt_qual.img.samples_1.2d_array.comp_compute	NotSupported	robustImageAccess2 not supported at vktRobustnessExtsTests.cpp:665
dEQP-VK.robustness.robustness2.bind.notemplate.r32f.unroll.nonvolatile.sampled_image.no_fmt_qual.img.samples_1.2d_array.vert	NotSupported	robustImageAccess2 not supported at vktRobustnessExtsTests.cpp:665
dEQP-VK.robustness.robustness2.bind.notemplate.r32f.unroll.nonvolatile.sampled_image.no_fmt_qual.img.samples_1.3d.rgen	NotSupported	VK_KHR_ray_tracing_pipeline is not supported at vktTestCase.cpp:1394
dEQP-VK.robustness.robustness2.bind.notemplate.r32f.unroll.nonvolatile.sampled_image.no_fmt_qual.img.samples_1.cube.comp_compute	NotSupported	robustImageAccess2 not supported at vktRobustnessExtsTests.cpp:665
dEQP-VK.robustness.robustness2.bind.notemplate.r32f.unroll.nonvolatile.sampled_image.no_fmt_qual.img.samples_1.cube.vert	NotSupported	robustImageAccess2 not supported at vktRobustnessExtsTests.cpp:665
dEQP-VK.robustness.robustness2.bind.notemplate.r32f.unroll.nonvolatile.sampled_image.no_fmt_qual.img.samples_1.cube_array.rgen	NotSupported	VK_KHR_ray_tracing_pipeline is not supported at vktTestCase.cpp:1394
dEQP-VK.robustness.robustness2.bind.notemplate.r32f.unroll.nonvolatile.sampled_image.no_fmt_qual.img.samples_4.2d.comp_compute	NotSupported	robustImageAccess2 not supported at vktRobustnessExtsTests.cpp:665
dEQP-VK.robustness.robustness2.bind.notemplate.r32f.unroll.nonvolatile.sampled_image.no_fmt_qual.img.samples_4.2d.vert	NotSupported	robustImageAccess2 not supported at vktRobustnessExtsTests.cpp:665
dEQP-VK.robustness.robustness2.bind.notemplate.r32f.unroll.nonvolatile.sampled_image.no_fmt_qual.img.samples_4.2d_array.rgen	NotSupported	VK_KHR_ray_tracing_pipeline is not supported at vktTestCase.cpp:1394
dEQP-VK.robustness.robustness2.bind.notemplate.r32f.unroll.nonvolatile.sampled_image.no_fmt_qual.null_descriptor.samples_1.1d.comp_compute	NotSupported	Exclusive compute queue not supported. at vktRobustnessExtsTests.cpp:737
dEQP-VK.robustness.robustness2.bind.notemplate.r32f.unroll.nonvolatile.sampled_image.no_fmt_qual.null_descriptor.samples_1.1d.vert	Pass	Pass
dEQP-VK.robustness.robustness2.bind.notemplate.r32f.unroll.nonvolatile.sampled_image.no_fmt_qual.null_descriptor.samples_1.1d_array.rgen	NotSupported	VK_KHR_ray_tracing_pipeline is not supported at vktTestCase.cpp:1394
dEQP-VK.robustness.robustness2.bind.notemplate.r32f.unroll.nonvolatile.sampled_image.no_fmt_qual.null_descriptor.samples_1.2d.comp_compute	NotSupported	Exclusive compute queue not supported. at vktRobustnessExtsTests.cpp:737
dEQP-VK.robustness.robustness2.bind.notemplate.r32f.unroll.nonvolatile.sampled_image.no_fmt_qual.null_descriptor.samples_1.2d.vert	Pass	Pass
dEQP-VK.robustness.robustness2.bind.notemplate.r32f.unroll.nonvolatile.sampled_image.no_fmt_qual.null_descriptor.samples_1.2d_array.rgen	NotSupported	VK_KHR_ray_tracing_pipeline is not supported at vktTestCase.cpp:1394
dEQP-VK.robustness.robustness2.bind.notemplate.r32f.unroll.nonvolatile.sampled_image.no_fmt_qual.null_descriptor.samples_1.3d.comp_compute	NotSupported	Exclusive compute queue not supported. at vktRobustnessExtsTests.cpp:737
dEQP-VK.robustness.robustness2.bind.notemplate.r32f.unroll.nonvolatile.sampled_image.no_fmt_qual.null_descriptor.samples_1.3d.vert	Pass	Pass
dEQP-VK.robustness.robustness2.bind.notemplate.r32f.unroll.nonvolatile.sampled_image.no_fmt_qual.null_descriptor.samples_1.cube.rgen	NotSupported	VK_KHR_ray_tracing_pipeline is not supported at vktTestCase.cpp:1394
dEQP-VK.robustness.robustness2.bind.notemplate.r32f.unroll.nonvolatile.sampled_image.no_fmt_qual.null_descriptor.samples_1.cube_array.comp_compute	NotSupported	Exclusive compute queue not supported. at vktRobustnessExtsTests.cpp:737
dEQP-VK.robustness.robustness2.bind.notemplate.r32f.unroll.nonvolatile.sampled_image.no_fmt_qual.null_descriptor.samples_1.cube_array.vert	Pass	Pass
dEQP-VK.robustness.robustness2.bind.notemplate.r32f.unroll.nonvolatile.sampled_image.no_fmt_qual.null_descriptor.samples_4.2d.rgen	NotSupported	VK_KHR_ray_tracing_pipeline is not supported at vktTestCase.cpp:1394
dEQP-VK.robustness.robustness2.bind.notemplate.r32f.unroll.nonvolatile.sampled_image.no_fmt_qual.null_descriptor.samples_4.2d_array.comp_compute	NotSupported	Exclusive compute queue not supported. at vktRobustnessExtsTests.cpp:737
dEQP-VK.robustness.robustness2.bind.notemplate.r32f.unroll.nonvolatile.sampled_image.no_fmt_qual.null_descriptor.samples_4.2d_array.vert	Pass	Pass
dEQP-VK.robustness.robustness2.bind.notemplate.r32f.unroll.nonvolatile.storage_buffer.readonly.no_fmt_qual.len_12.samples_1.1d.rgen	NotSupported	VK_KHR_ray_tracing_pipeline is not supported at vktTestCase.cpp:1394
dEQP-VK.robustness.robustness2.bind.notemplate.r32f.unroll.nonvolatile.storage_buffer.readonly.no_fmt_qual.len_16.samples_1.1d.comp_compute	NotSupported	Exclusive compute queue not supported. at vktRobustnessExtsTests.cpp:737
dEQP-VK.robustness.robustness2.bind.notemplate.r32f.unroll.nonvolatile.storage_buffer.readonly.no_fmt_qual.len_16.samples_1.1d.vert	Pass	Pass
dEQP-VK.robustness.robustness2.bind.notemplate.r32f.unroll.nonvolatile.storage_buffer.readonly.no_fmt_qual.len_20.samples_1.1d.rgen	NotSupported	VK_KHR_ray_tracing_pipeline is not supported at vktTestCase.cpp:1394
dEQP-VK.robustness.robustness2.bind.notemplate.r32f.unroll.nonvolatile.storage_buffer.readonly.no_fmt_qual.len_252.samples_1.1d.comp_compute	NotSupported	Exclusive compute queue not supported. at vktRobustnessExtsTests.cpp:737
dEQP-VK.robustness.robustness2.bind.notemplate.r32f.unroll.nonvolatile.storage_buffer.readonly.no_fmt_qual.len_252.samples_1.1d.vert	Pass	Pass
dEQP-VK.robustness.robustness2.bind.notemplate.r32f.unroll.nonvolatile.storage_buffer.readonly.no_fmt_qual.len_256.samples_1.1d.rgen	NotSupported	VK_KHR_ray_tracing_pipeline is not supported at vktTestCase.cpp:1394
dEQP-VK.robustness.robustness2.bind.notemplate.r32f.unroll.nonvolatile.storage_buffer.readonly.no_fmt_qual.len_260.samples_1.1d.comp_compute	NotSupported	Exclusive compute queue not supported. at vktRobustnessExtsTests.cpp:737
dEQP-VK.robustness.robustness2.bind.notemplate.r32f.unroll.nonvolatile.storage_buffer.readonly.no_fmt_qual.len_260.samples_1.1d.vert	Pass	Pass
dEQP-VK.robustness.robustness2.bind.notemplate.r32f.unroll.nonvolatile.storage_buffer.readonly.no_fmt_qual.len_31.samples_1.1d.rgen	NotSupported	VK_KHR_ray_tracing_pipeline is not supported at vktTestCase.cpp:1394
dEQP-VK.robustness.robustness2.bind.notemplate.r32f.unroll.nonvolatile.storage_buffer.readonly.no_fmt_qual.len_32.samples_1.1d.comp_compute	NotSupported	Exclusive compute queue not supported. at vktRobustnessExtsTests.cpp:737
dEQP-VK.robustness.robustness2.bind.notemplate.r32f.unroll.nonvolatile.storage_buffer.readonly.no_fmt_qual.len_32.samples_1.1d.vert	Pass	Pass
dEQP-VK.robustness.robustness2.bind.notemplate.r32f.unroll.nonvolatile.storage_buffer.readonly.no_fmt_qual.len_33.samples_1.1d.rgen	NotSupported	VK_KHR_ray_tracing_pipeline is not supported at vktTestCase.cpp:1394
dEQP-VK.robustness.robustness2.bind.notemplate.r32f.unroll.nonvolatile.storage_buffer.readonly.no_fmt_qual.len_35.samples_1.1d.comp_compute	NotSupported	Exclusive compute queue not supported. at vktRobustnessExtsTests.cpp:737
dEQP-VK.robustness.robustness2.bind.notemplate.r32f.unroll.nonvolatile.storage_buffer.readonly.no_fmt_qual.len_35.samples_1.1d.vert	Pass	Pass
dEQP-VK.robustness.robustness2.bind.notemplate.r32f.unroll.nonvolatile.storage_buffer.readonly.no_fmt_qual.len_36.samples_1.1d.rgen	NotSupported	VK_KHR_ray_tracing_pipeline is not supported at vktTestCase.cpp:1394
dEQP-VK.robustness.robustness2.bind.notemplate.r32f.unroll.nonvolatile.storage_buffer.readonly.no_fmt_qual.len_39.samples_1.1d.comp_compute	NotSupported	Exclusive compute queue not supported. at vktRobustnessExtsTests.cpp:737
dEQP-VK.robustness.robustness2.bind.notemplate.r32f.unroll.nonvolatile.storage_buffer.readonly.no_fmt_qual.len_39.samples_1.1d.vert	Pass	Pass
dEQP-VK.robustness.robustness2.bind.notemplate.r32f.unroll.nonvolatile.storage_buffer.readonly.no_fmt_qual.len_4.samples_1.1d.rgen	NotSupported	VK_KHR_ray_tracing_pipeline is not supported at vktTestCase.cpp:1394
dEQP-VK.robustness.robustness2.bind.notemplate.r32f.unroll.nonvolatile.storage_buffer.readonly.no_fmt_qual.len_41.samples_1.1d.comp_compute	NotSupported	Exclusive compute queue not supported. at vktRobustnessExtsTests.cpp:737
dEQP-VK.robustness.robustness2.bind.notemplate.r32f.unroll.nonvolatile.storage_buffer.readonly.no_fmt_qual.len_41.samples_1.1d.vert	Pass	Pass
dEQP-VK.robustness.robustness2.bind.notemplate.r32f.unroll.nonvolatile.storage_buffer.readonly.no_fmt_qual.len_8.samples_1.1d.rgen	NotSupported	VK_KHR_ray_tracing_pipeline is not supported at vktTestCase.cpp:1394
dEQP-VK.robustness.robustness2.bind.notemplate.r32f.unroll.nonvolatile.storage_buffer.readonly.no_fmt_qual.null_descriptor.samples_1.1d.comp_compute	NotSupported	Exclusive compute queue not supported. at vktRobustnessExtsTests.cpp:737
dEQP-VK.robustness.robustness2.bind.notemplate.r32f.unroll.nonvolatile.storage_buffer.readonly.no_fmt_qual.null_descriptor.samples_1.1d.vert	Pass	Pass
dEQP-VK.robustness.robustness2.bind.notemplate.r32f.unroll.nonvolatile.storage_buffer.readwrite.no_fmt_qual.len_12.samples_1.1d.rgen	NotSupported	VK_KHR_ray_tracing_pipeline is not supported at vktTestCase.cpp:1394
dEQP-VK.robustness.robustness2.bind.notemplate.r32f.unroll.nonvolatile.storage_buffer.readwrite.no_fmt_qual.len_16.samples_1.1d.comp_compute	NotSupported	Exclusive compute queue not supported. at vktRobustnessExtsTests.cpp:737
dEQP-VK.robustness.robustness2.bind.notemplate.r32f.unroll.nonvolatile.storage_buffer.readwrite.no_fmt_qual.len_16.samples_1.1d.vert	Pass	Pass
dEQP-VK.robustness.robustness2.bind.notemplate.r32f.unroll.nonvolatile.storage_buffer.readwrite.no_fmt_qual.len_20.samples_1.1d.rgen	NotSupported	VK_KHR_ray_tracing_pipeline is not supported at vktTestCase.cpp:1394
dEQP-VK.robustness.robustness2.bind.notemplate.r32f.unroll.nonvolatile.storage_buffer.readwrite.no_fmt_qual.len_252.samples_1.1d.comp_compute	NotSupported	Exclusive compute queue not supported. at vktRobustnessExtsTests.cpp:737
dEQP-VK.robustness.robustness2.bind.notemplate.r32f.unroll.nonvolatile.storage_buffer.readwrite.no_fmt_qual.len_252.samples_1.1d.vert	Pass	Pass
dEQP-VK.robustness.robustness2.bind.notemplate.r32f.unroll.nonvolatile.storage_buffer.readwrite.no_fmt_qual.len_256.samples_1.1d.rgen	NotSupported	VK_KHR_ray_tracing_pipeline is not supported at vktTestCase.cpp:1394
dEQP-VK.robustness.robustness2.bind.notemplate.r32f.unroll.nonvolatile.storage_buffer.readwrite.no_fmt_qual.len_260.samples_1.1d.comp_compute	NotSupported	Exclusive compute queue not supported. at vktRobustnessExtsTests.cpp:737
dEQP-VK.robustness.robustness2.bind.notemplate.r32f.unroll.nonvolatile.storage_buffer.readwrite.no_fmt_qual.len_260.samples_1.1d.vert	Pass	Pass
dEQP-VK.robustness.robustness2.bind.notemplate.r32f.unroll.nonvolatile.storage_buffer.readwrite.no_fmt_qual.len_31.samples_1.1d.rgen	NotSupported	VK_KHR_ray_tracing_pipeline is not supported at vktTestCase.cpp:1394
dEQP-VK.robustness.robustness2.bind.notemplate.r32f.unroll.nonvolatile.storage_buffer.readwrite.no_fmt_qual.len_32.samples_1.1d.comp_compute	NotSupported	Exclusive compute queue not supported. at vktRobustnessExtsTests.cpp:737
dEQP-VK.robustness.robustness2.bind.notemplate.r32f.unroll.nonvolatile.storage_buffer.readwrite.no_fmt_qual.len_32.samples_1.1d.vert	Pass	Pass
dEQP-VK.robustness.robustness2.bind.notemplate.r32f.unroll.nonvolatile.storage_buffer.readwrite.no_fmt_qual.len_33.samples_1.1d.rgen	NotSupported	VK_KHR_ray_tracing_pipeline is not supported at vktTestCase.cpp:1394
dEQP-VK.robustness.robustness2.bind.notemplate.r32f.unroll.nonvolatile.storage_buffer.readwrite.no_fmt_qual.len_35.samples_1.1d.comp_compute	NotSupported	Exclusive compute queue not supported. at vktRobustnessExtsTests.cpp:737
dEQP-VK.robustness.robustness2.bind.notemplate.r32f.unroll.nonvolatile.storage_buffer.readwrite.no_fmt_qual.len_35.samples_1.1d.vert	Pass	Pass
dEQP-VK.robustness.robustness2.bind.notemplate.r32f.unroll.nonvolatile.storage_buffer.readwrite.no_fmt_qual.len_36.samples_1.1d.rgen	NotSupported	VK_KHR_ray_tracing_pipeline is not supported at vktTestCase.cpp:1394
dEQP-VK.robustness.robustness2.bind.notemplate.r32f.unroll.nonvolatile.storage_buffer.readwrite.no_fmt_qual.len_39.samples_1.1d.comp_compute	NotSupported	Exclusive compute queue not supported. at vktRobustnessExtsTests.cpp:737
dEQP-VK.robustness.robustness2.bind.notemplate.r32f.unroll.nonvolatile.storage_buffer.readwrite.no_fmt_qual.len_39.samples_1.1d.vert	Pass	Pass
dEQP-VK.robustness.robustness2.bind.notemplate.r32f.unroll.nonvolatile.storage_buffer.readwrite.no_fmt_qual.len_4.samples_1.1d.rgen	NotSupported	VK_KHR_ray_tracing_pipeline is not supported at vktTestCase.cpp:1394
dEQP-VK.robustness.robustness2.bind.notemplate.r32f.unroll.nonvolatile.storage_buffer.readwrite.no_fmt_qual.len_41.samples_1.1d.comp_compute	NotSupported	Exclusive compute queue not supported. at vktRobustnessExtsTests.cpp:737
dEQP-VK.robustness.robustness2.bind.notemplate.r32f.unroll.nonvolatile.storage_buffer.readwrite.no_fmt_qual.len_41.samples_1.1d.vert	Pass	Pass
dEQP-VK.robustness.robustness2.bind.notemplate.r32f.unroll.nonvolatile.storage_buffer.readwrite.no_fmt_qual.len_8.samples_1.1d.rgen	NotSupported	VK_KHR_ray_tracing_pipeline is not supported at vktTestCase.cpp:1394
dEQP-VK.robustness.robustness2.bind.notemplate.r32f.unroll.nonvolatile.storage_buffer.readwrite.no_fmt_qual.null_descriptor.samples_1.1d.comp_compute	NotSupported	Exclusive compute queue not supported. at vktRobustnessExtsTests.cpp:737
dEQP-VK.robustness.robustness2.bind.notemplate.r32f.unroll.nonvolatile.storage_buffer.readwrite.no_fmt_qual.null_descriptor.samples_1.1d.vert	Pass	Pass
dEQP-VK.robustness.robustness2.bind.notemplate.r32f.unroll.nonvolatile.storage_buffer_dynamic.readonly.no_fmt_qual.len_12.samples_1.1d.rgen	NotSupported	VK_KHR_ray_tracing_pipeline is not supported at vktTestCase.cpp:1394
dEQP-VK.robustness.robustness2.bind.notemplate.r32f.unroll.nonvolatile.storage_buffer_dynamic.readonly.no_fmt_qual.len_16.samples_1.1d.comp_compute	NotSupported	Exclusive compute queue not supported. at vktRobustnessExtsTests.cpp:737
dEQP-VK.robustness.robustness2.bind.notemplate.r32f.unroll.nonvolatile.storage_buffer_dynamic.readonly.no_fmt_qual.len_16.samples_1.1d.vert	Pass	Pass
dEQP-VK.robustness.robustness2.bind.notemplate.r32f.unroll.nonvolatile.storage_buffer_dynamic.readonly.no_fmt_qual.len_20.samples_1.1d.rgen	NotSupported	VK_KHR_ray_tracing_pipeline is not supported at vktTestCase.cpp:1394
dEQP-VK.robustness.robustness2.bind.notemplate.r32f.unroll.nonvolatile.storage_buffer_dynamic.readonly.no_fmt_qual.len_252.samples_1.1d.comp_compute	NotSupported	Exclusive compute queue not supported. at vktRobustnessExtsTests.cpp:737
dEQP-VK.robustness.robustness2.bind.notemplate.r32f.unroll.nonvolatile.storage_buffer_dynamic.readonly.no_fmt_qual.len_252.samples_1.1d.vert	Pass	Pass
dEQP-VK.robustness.robustness2.bind.notemplate.r32f.unroll.nonvolatile.storage_buffer_dynamic.readonly.no_fmt_qual.len_256.samples_1.1d.rgen	NotSupported	VK_KHR_ray_tracing_pipeline is not supported at vktTestCase.cpp:1394
dEQP-VK.robustness.robustness2.bind.notemplate.r32f.unroll.nonvolatile.storage_buffer_dynamic.readonly.no_fmt_qual.len_260.samples_1.1d.comp_compute	NotSupported	Exclusive compute queue not supported. at vktRobustnessExtsTests.cpp:737
dEQP-VK.robustness.robustness2.bind.notemplate.r32f.unroll.nonvolatile.storage_buffer_dynamic.readonly.no_fmt_qual.len_260.samples_1.1d.vert	Pass	Pass
dEQP-VK.robustness.robustness2.bind.notemplate.r32f.unroll.nonvolatile.storage_buffer_dynamic.readonly.no_fmt_qual.len_31.samples_1.1d.rgen	NotSupported	VK_KHR_ray_tracing_pipeline is not supported at vktTestCase.cpp:1394
dEQP-VK.robustness.robustness2.bind.notemplate.r32f.unroll.nonvolatile.storage_buffer_dynamic.readonly.no_fmt_qual.len_32.samples_1.1d.comp_compute	NotSupported	Exclusive compute queue not supported. at vktRobustnessExtsTests.cpp:737
dEQP-VK.robustness.robustness2.bind.notemplate.r32f.unroll.nonvolatile.storage_buffer_dynamic.readonly.no_fmt_qual.len_32.samples_1.1d.vert	Pass	Pass
dEQP-VK.robustness.robustness2.bind.notemplate.r32f.unroll.nonvolatile.storage_buffer_dynamic.readonly.no_fmt_qual.len_33.samples_1.1d.rgen	NotSupported	VK_KHR_ray_tracing_pipeline is not supported at vktTestCase.cpp:1394
dEQP-VK.robustness.robustness2.bind.notemplate.r32f.unroll.nonvolatile.storage_buffer_dynamic.readonly.no_fmt_qual.len_35.samples_1.1d.comp_compute	NotSupported	Exclusive compute queue not supported. at vktRobustnessExtsTests.cpp:737
dEQP-VK.robustness.robustness2.bind.notemplate.r32f.unroll.nonvolatile.storage_buffer_dynamic.readonly.no_fmt_qual.len_35.samples_1.1d.vert	Pass	Pass
dEQP-VK.robustness.robustness2.bind.notemplate.r32f.unroll.nonvolatile.storage_buffer_dynamic.readonly.no_fmt_qual.len_36.samples_1.1d.rgen	NotSupported	VK_KHR_ray_tracing_pipeline is not supported at vktTestCase.cpp:1394
dEQP-VK.robustness.robustness2.bind.notemplate.r32f.unroll.nonvolatile.storage_buffer_dynamic.readonly.no_fmt_qual.len_39.samples_1.1d.comp_compute	NotSupported	Exclusive compute queue not supported. at vktRobustnessExtsTests.cpp:737
dEQP-VK.robustness.robustness2.bind.notemplate.r32f.unroll.nonvolatile.storage_buffer_dynamic.readonly.no_fmt_qual.len_39.samples_1.1d.vert	Pass	Pass
dEQP-VK.robustness.robustness2.bind.notemplate.r32f.unroll.nonvolatile.storage_buffer_dynamic.readonly.no_fmt_qual.len_4.samples_1.1d.rgen	NotSupported	VK_KHR_ray_tracing_pipeline is not supported at vktTestCase.cpp:1394
dEQP-VK.robustness.robustness2.bind.notemplate.r32f.unroll.nonvolatile.storage_buffer_dynamic.readonly.no_fmt_qual.len_41.samples_1.1d.comp_compute	NotSupported	Exclusive compute queue not supported. at vktRobustnessExtsTests.cpp:737
dEQP-VK.robustness.robustness2.bind.notemplate.r32f.unroll.nonvolatile.storage_buffer_dynamic.readonly.no_fmt_qual.len_41.samples_1.1d.vert	Pass	Pass
dEQP-VK.robustness.robustness2.bind.notemplate.r32f.unroll.nonvolatile.storage_buffer_dynamic.readonly.no_fmt_qual.len_8.samples_1.1d.rgen	NotSupported	VK_KHR_ray_tracing_pipeline is not supported at vktTestCase.cpp:1394
dEQP-VK.robustness.robustness2.bind.notemplate.r32f.unroll.nonvolatile.storage_buffer_dynamic.readonly.no_fmt_qual.null_descriptor.samples_1.1d.comp_compute	NotSupported	Exclusive compute queue not supported. at vktRobustnessExtsTests.cpp:737
dEQP-VK.robustness.robustness2.bind.notemplate.r32f.unroll.nonvolatile.storage_buffer_dynamic.readonly.no_fmt_qual.null_descriptor.samples_1.1d.vert	Pass	Pass
dEQP-VK.robustness.robustness2.bind.notemplate.r32f.unroll.nonvolatile.storage_buffer_dynamic.readwrite.no_fmt_qual.len_12.samples_1.1d.rgen	NotSupported	VK_KHR_ray_tracing_pipeline is not supported at vktTestCase.cpp:1394
dEQP-VK.robustness.robustness2.bind.notemplate.r32f.unroll.nonvolatile.storage_buffer_dynamic.readwrite.no_fmt_qual.len_16.samples_1.1d.comp_compute	NotSupported	Exclusive compute queue not supported. at vktRobustnessExtsTests.cpp:737
dEQP-VK.robustness.robustness2.bind.notemplate.r32f.unroll.nonvolatile.storage_buffer_dynamic.readwrite.no_fmt_qual.len_16.samples_1.1d.vert	Pass	Pass
dEQP-VK.robustness.robustness2.bind.notemplate.r32f.unroll.nonvolatile.storage_buffer_dynamic.readwrite.no_fmt_qual.len_20.samples_1.1d.rgen	NotSupported	VK_KHR_ray_tracing_pipeline is not supported at vktTestCase.cpp:1394
dEQP-VK.robustness.robustness2.bind.notemplate.r32f.unroll.nonvolatile.storage_buffer_dynamic.readwrite.no_fmt_qual.len_252.samples_1.1d.comp_compute	NotSupported	Exclusive compute queue not supported. at vktRobustnessExtsTests.cpp:737
dEQP-VK.robustness.robustness2.bind.notemplate.r32f.unroll.nonvolatile.storage_buffer_dynamic.readwrite.no_fmt_qual.len_252.samples_1.1d.vert	Pass	Pass
dEQP-VK.robustness.robustness2.bind.notemplate.r32f.unroll.nonvolatile.storage_buffer_dynamic.readwrite.no_fmt_qual.len_256.samples_1.1d.rgen	NotSupported	VK_KHR_ray_tracing_pipeline is not supported at vktTestCase.cpp:1394
dEQP-VK.robustness.robustness2.bind.notemplate.r32f.unroll.nonvolatile.storage_buffer_dynamic.readwrite.no_fmt_qual.len_260.samples_1.1d.comp_compute	NotSupported	Exclusive compute queue not supported. at vktRobustnessExtsTests.cpp:737
dEQP-VK.robustness.robustness2.bind.notemplate.r32f.unroll.nonvolatile.storage_buffer_dynamic.readwrite.no_fmt_qual.len_260.samples_1.1d.vert	Pass	Pass
dEQP-VK.robustness.robustness2.bind.notemplate.r32f.unroll.nonvolatile.storage_buffer_dynamic.readwrite.no_fmt_qual.len_31.samples_1.1d.rgen	NotSupported	VK_KHR_ray_tracing_pipeline is not supported at vktTestCase.cpp:1394
dEQP-VK.robustness.robustness2.bind.notemplate.r32f.unroll.nonvolatile.storage_buffer_dynamic.readwrite.no_fmt_qual.len_32.samples_1.1d.comp_compute	NotSupported	Exclusive compute queue not supported. at vktRobustnessExtsTests.cpp:737
dEQP-VK.robustness.robustness2.bind.notemplate.r32f.unroll.nonvolatile.storage_buffer_dynamic.readwrite.no_fmt_qual.len_32.samples_1.1d.vert	Pass	Pass
dEQP-VK.robustness.robustness2.bind.notemplate.r32f.unroll.nonvolatile.storage_buffer_dynamic.readwrite.no_fmt_qual.len_33.samples_1.1d.rgen	NotSupported	VK_KHR_ray_tracing_pipeline is not supported at vktTestCase.cpp:1394
dEQP-VK.robustness.robustness2.bind.notemplate.r32f.unroll.nonvolatile.storage_buffer_dynamic.readwrite.no_fmt_qual.len_35.samples_1.1d.comp_compute	NotSupported	Exclusive compute queue not supported. at vktRobustnessExtsTests.cpp:737
dEQP-VK.robustness.robustness2.bind.notemplate.r32f.unroll.nonvolatile.storage_buffer_dynamic.readwrite.no_fmt_qual.len_35.samples_1.1d.vert	Pass	Pass
dEQP-VK.robustness.robustness2.bind.notemplate.r32f.unroll.nonvolatile.storage_buffer_dynamic.readwrite.no_fmt_qual.len_36.samples_1.1d.rgen	NotSupported	VK_KHR_ray_tracing_pipeline is not supported at vktTestCase.cpp:1394
dEQP-VK.robustness.robustness2.bind.notemplate.r32f.unroll.nonvolatile.storage_buffer_dynamic.readwrite.no_fmt_qual.len_39.samples_1.1d.comp_compute	NotSupported	Exclusive compute queue not supported. at vktRobustnessExtsTests.cpp:737
dEQP-VK.robustness.robustness2.bind.notemplate.r32f.unroll.nonvolatile.storage_buffer_dynamic.readwrite.no_fmt_qual.len_39.samples_1.1d.vert	Pass	Pass
dEQP-VK.robustness.robustness2.bind.notemplate.r32f.unroll.nonvolatile.storage_buffer_dynamic.readwrite.no_fmt_qual.len_4.samples_1.1d.rgen	NotSupported	VK_KHR_ray_tracing_pipeline is not supported at vktTestCase.cpp:1394
dEQP-VK.robustness.robustness2.bind.notemplate.r32f.unroll.nonvolatile.storage_buffer_dynamic.readwrite.no_fmt_qual.len_41.samples_1.1d.comp_compute	NotSupported	Exclusive compute queue not supported. at vktRobustnessExtsTests.cpp:737
dEQP-VK.robustness.robustness2.bind.notemplate.r32f.unroll.nonvolatile.storage_buffer_dynamic.readwrite.no_fmt_qual.len_41.samples_1.1d.vert	Pass	Pass
dEQP-VK.robustness.robustness2.bind.notemplate.r32f.unroll.nonvolatile.storage_buffer_dynamic.readwrite.no_fmt_qual.len_8.samples_1.1d.rgen	NotSupported	VK_KHR_ray_tracing_pipeline is not supported at vktTestCase.cpp:1394
dEQP-VK.robustness.robustness2.bind.notemplate.r32f.unroll.nonvolatile.storage_buffer_dynamic.readwrite.no_fmt_qual.null_descriptor.samples_1.1d.comp_compute	NotSupported	Exclusive compute queue not supported. at vktRobustnessExtsTests.cpp:737
dEQP-VK.robustness.robustness2.bind.notemplate.r32f.unroll.nonvolatile.storage_buffer_dynamic.readwrite.no_fmt_qual.null_descriptor.samples_1.1d.vert	Pass	Pass
dEQP-VK.robustness.robustness2.bind.notemplate.r32f.unroll.nonvolatile.storage_image.fmt_qual.img.samples_1.1d.rgen	NotSupported	VK_KHR_ray_tracing_pipeline is not supported at vktTestCase.cpp:1394
dEQP-VK.robustness.robustness2.bind.notemplate.r32f.unroll.nonvolatile.storage_image.fmt_qual.img.samples_1.1d_array.comp_compute	NotSupported	robustImageAccess2 not supported at vktRobustnessExtsTests.cpp:665
dEQP-VK.robustness.robustness2.bind.notemplate.r32f.unroll.nonvolatile.storage_image.fmt_qual.img.samples_1.1d_array.vert	NotSupported	robustImageAccess2 not supported at vktRobustnessExtsTests.cpp:665
dEQP-VK.robustness.robustness2.bind.notemplate.r32f.unroll.nonvolatile.storage_image.fmt_qual.img.samples_1.2d.rgen	NotSupported	VK_KHR_ray_tracing_pipeline is not supported at vktTestCase.cpp:1394
dEQP-VK.robustness.robustness2.bind.notemplate.r32f.unroll.nonvolatile.storage_image.fmt_qual.img.samples_1.2d_array.comp_compute	NotSupported	robustImageAccess2 not supported at vktRobustnessExtsTests.cpp:665
dEQP-VK.robustness.robustness2.bind.notemplate.r32f.unroll.nonvolatile.storage_image.fmt_qual.img.samples_1.2d_array.vert	NotSupported	robustImageAccess2 not supported at vktRobustnessExtsTests.cpp:665
dEQP-VK.robustness.robustness2.bind.notemplate.r32f.unroll.nonvolatile.storage_image.fmt_qual.img.samples_1.3d.rgen	NotSupported	VK_KHR_ray_tracing_pipeline is not supported at vktTestCase.cpp:1394
dEQP-VK.robustness.robustness2.bind.notemplate.r32f.unroll.nonvolatile.storage_image.fmt_qual.img.samples_1.cube.comp_compute	NotSupported	robustImageAccess2 not supported at vktRobustnessExtsTests.cpp:665
dEQP-VK.robustness.robustness2.bind.notemplate.r32f.unroll.nonvolatile.storage_image.fmt_qual.img.samples_1.cube.vert	NotSupported	robustImageAccess2 not supported at vktRobustnessExtsTests.cpp:665
dEQP-VK.robustness.robustness2.bind.notemplate.r32f.unroll.nonvolatile.storage_image.fmt_qual.img.samples_1.cube_array.rgen	NotSupported	VK_KHR_ray_tracing_pipeline is not supported at vktTestCase.cpp:1394
dEQP-VK.robustness.robustness2.bind.notemplate.r32f.unroll.nonvolatile.storage_image.fmt_qual.img.samples_4.2d.comp_compute	NotSupported	robustImageAccess2 not supported at vktRobustnessExtsTests.cpp:665
dEQP-VK.robustness.robustness2.bind.notemplate.r32f.unroll.nonvolatile.storage_image.fmt_qual.img.samples_4.2d.vert	NotSupported	robustImageAccess2 not supported at vktRobustnessExtsTests.cpp:665
dEQP-VK.robustness.robustness2.bind.notemplate.r32f.unroll.nonvolatile.storage_image.fmt_qual.img.samples_4.2d_array.rgen	NotSupported	VK_KHR_ray_tracing_pipeline is not supported at vktTestCase.cpp:1394
dEQP-VK.robustness.robustness2.bind.notemplate.r32f.unroll.nonvolatile.storage_image.fmt_qual.null_descriptor.samples_1.1d.comp_compute	NotSupported	Exclusive compute queue not supported. at vktRobustnessExtsTests.cpp:737
dEQP-VK.robustness.robustness2.bind.notemplate.r32f.unroll.nonvolatile.storage_image.fmt_qual.null_descriptor.samples_1.1d.vert	Pass	Pass
dEQP-VK.robustness.robustness2.bind.notemplate.r32f.unroll.nonvolatile.storage_image.fmt_qual.null_descriptor.samples_1.1d_array.rgen	NotSupported	VK_KHR_ray_tracing_pipeline is not supported at vktTestCase.cpp:1394
dEQP-VK.robustness.robustness2.bind.notemplate.r32f.unroll.nonvolatile.storage_image.fmt_qual.null_descriptor.samples_1.2d.comp_compute	NotSupported	Exclusive compute queue not supported. at vktRobustnessExtsTests.cpp:737
dEQP-VK.robustness.robustness2.bind.notemplate.r32f.unroll.nonvolatile.storage_image.fmt_qual.null_descriptor.samples_1.2d.vert	Pass	Pass
dEQP-VK.robustness.robustness2.bind.notemplate.r32f.unroll.nonvolatile.storage_image.fmt_qual.null_descriptor.samples_1.2d_array.rgen	NotSupported	VK_KHR_ray_tracing_pipeline is not supported at vktTestCase.cpp:1394
dEQP-VK.robustness.robustness2.bind.notemplate.r32f.unroll.nonvolatile.storage_image.fmt_qual.null_descriptor.samples_1.3d.comp_compute	NotSupported	Exclusive compute queue not supported. at vktRobustnessExtsTests.cpp:737
dEQP-VK.robustness.robustness2.bind.notemplate.r32f.unroll.nonvolatile.storage_image.fmt_qual.null_descriptor.samples_1.3d.vert	Pass	Pass
dEQP-VK.robustness.robustness2.bind.notemplate.r32f.unroll.nonvolatile.storage_image.fmt_qual.null_descriptor.samples_1.cube.rgen	NotSupported	VK_KHR_ray_tracing_pipeline is not supported at vktTestCase.cpp:1394
dEQP-VK.robustness.robustness2.bind.notemplate.r32f.unroll.nonvolatile.storage_image.fmt_qual.null_descriptor.samples_1.cube_array.comp_compute	NotSupported	Exclusive compute queue not supported. at vktRobustnessExtsTests.cpp:737
dEQP-VK.robustness.robustness2.bind.notemplate.r32f.unroll.nonvolatile.storage_image.fmt_qual.null_descriptor.samples_1.cube_array.vert	Pass	Pass
dEQP-VK.robustness.robustness2.bind.notemplate.r32f.unroll.nonvolatile.storage_image.fmt_qual.null_descriptor.samples_4.2d.rgen	NotSupported	VK_KHR_ray_tracing_pipeline is not supported at vktTestCase.cpp:1394
dEQP-VK.robustness.robustness2.bind.notemplate.r32f.unroll.nonvolatile.storage_image.fmt_qual.null_descriptor.samples_4.2d_array.comp_compute	NotSupported	shaderStorageImageMultisample not supported at vktRobustnessExtsTests.cpp:685
dEQP-VK.robustness.robustness2.bind.notemplate.r32f.unroll.nonvolatile.storage_image.fmt_qual.null_descriptor.samples_4.2d_array.vert	NotSupported	shaderStorageImageMultisample not supported at vktRobustnessExtsTests.cpp:685
dEQP-VK.robustness.robustness2.bind.notemplate.r32f.unroll.nonvolatile.storage_image.no_fmt_qual.img.samples_1.1d.rgen	NotSupported	VK_KHR_ray_tracing_pipeline is not supported at vktTestCase.cpp:1394
dEQP-VK.robustness.robustness2.bind.notemplate.r32f.unroll.nonvolatile.storage_image.no_fmt_qual.img.samples_1.1d_array.comp_compute	NotSupported	robustImageAccess2 not supported at vktRobustnessExtsTests.cpp:665
dEQP-VK.robustness.robustness2.bind.notemplate.r32f.unroll.nonvolatile.storage_image.no_fmt_qual.img.samples_1.1d_array.vert	NotSupported	robustImageAccess2 not supported at vktRobustnessExtsTests.cpp:665
dEQP-VK.robustness.robustness2.bind.notemplate.r32f.unroll.nonvolatile.storage_image.no_fmt_qual.img.samples_1.2d.rgen	NotSupported	VK_KHR_ray_tracing_pipeline is not supported at vktTestCase.cpp:1394
dEQP-VK.robustness.robustness2.bind.notemplate.r32f.unroll.nonvolatile.storage_image.no_fmt_qual.img.samples_1.2d_array.comp_compute	NotSupported	robustImageAccess2 not supported at vktRobustnessExtsTests.cpp:665
dEQP-VK.robustness.robustness2.bind.notemplate.r32f.unroll.nonvolatile.storage_image.no_fmt_qual.img.samples_1.2d_array.vert	NotSupported	robustImageAccess2 not supported at vktRobustnessExtsTests.cpp:665
dEQP-VK.robustness.robustness2.bind.notemplate.r32f.unroll.nonvolatile.storage_image.no_fmt_qual.img.samples_1.3d.rgen	NotSupported	VK_KHR_ray_tracing_pipeline is not supported at vktTestCase.cpp:1394
dEQP-VK.robustness.robustness2.bind.notemplate.r32f.unroll.nonvolatile.storage_image.no_fmt_qual.img.samples_1.cube.comp_compute	NotSupported	robustImageAccess2 not supported at vktRobustnessExtsTests.cpp:665
dEQP-VK.robustness.robustness2.bind.notemplate.r32f.unroll.nonvolatile.storage_image.no_fmt_qual.img.samples_1.cube.vert	NotSupported	robustImageAccess2 not supported at vktRobustnessExtsTests.cpp:665
dEQP-VK.robustness.robustness2.bind.notemplate.r32f.unroll.nonvolatile.storage_image.no_fmt_qual.img.samples_1.cube_array.rgen	NotSupported	VK_KHR_ray_tracing_pipeline is not supported at vktTestCase.cpp:1394
dEQP-VK.robustness.robustness2.bind.notemplate.r32f.unroll.nonvolatile.storage_image.no_fmt_qual.img.samples_4.2d.comp_compute	NotSupported	robustImageAccess2 not supported at vktRobustnessExtsTests.cpp:665
dEQP-VK.robustness.robustness2.bind.notemplate.r32f.unroll.nonvolatile.storage_image.no_fmt_qual.img.samples_4.2d.vert	NotSupported	robustImageAccess2 not supported at vktRobustnessExtsTests.cpp:665
dEQP-VK.robustness.robustness2.bind.notemplate.r32f.unroll.nonvolatile.storage_image.no_fmt_qual.img.samples_4.2d_array.rgen	NotSupported	VK_KHR_ray_tracing_pipeline is not supported at vktTestCase.cpp:1394
dEQP-VK.robustness.robustness2.bind.notemplate.r32f.unroll.nonvolatile.storage_image.no_fmt_qual.null_descriptor.samples_1.1d.comp_compute	NotSupported	Exclusive compute queue not supported. at vktRobustnessExtsTests.cpp:737
dEQP-VK.robustness.robustness2.bind.notemplate.r32f.unroll.nonvolatile.storage_image.no_fmt_qual.null_descriptor.samples_1.1d.vert	Pass	Pass
dEQP-VK.robustness.robustness2.bind.notemplate.r32f.unroll.nonvolatile.storage_image.no_fmt_qual.null_descriptor.samples_1.1d_array.rgen	NotSupported	VK_KHR_ray_tracing_pipeline is not supported at vktTestCase.cpp:1394
dEQP-VK.robustness.robustness2.bind.notemplate.r32f.unroll.nonvolatile.storage_image.no_fmt_qual.null_descriptor.samples_1.2d.comp_compute	NotSupported	Exclusive compute queue not supported. at vktRobustnessExtsTests.cpp:737
dEQP-VK.robustness.robustness2.bind.notemplate.r32f.unroll.nonvolatile.storage_image.no_fmt_qual.null_descriptor.samples_1.2d.vert	Pass	Pass
dEQP-VK.robustness.robustness2.bind.notemplate.r32f.unroll.nonvolatile.storage_image.no_fmt_qual.null_descriptor.samples_1.2d_array.rgen	NotSupported	VK_KHR_ray_tracing_pipeline is not supported at vktTestCase.cpp:1394
dEQP-VK.robustness.robustness2.bind.notemplate.r32f.unroll.nonvolatile.storage_image.no_fmt_qual.null_descriptor.samples_1.3d.comp_compute	NotSupported	Exclusive compute queue not supported. at vktRobustnessExtsTests.cpp:737
dEQP-VK.robustness.robustness2.bind.notemplate.r32f.unroll.nonvolatile.storage_image.no_fmt_qual.null_descriptor.samples_1.3d.vert	Pass	Pass
dEQP-VK.robustness.robustness2.bind.notemplate.r32f.unroll.nonvolatile.storage_image.no_fmt_qual.null_descriptor.samples_1.cube.rgen	NotSupported	VK_KHR_ray_tracing_pipeline is not supported at vktTestCase.cpp:1394
dEQP-VK.robustness.robustness2.bind.notemplate.r32f.unroll.nonvolatile.storage_image.no_fmt_qual.null_descriptor.samples_1.cube_array.comp_compute	NotSupported	Exclusive compute queue not supported. at vktRobustnessExtsTests.cpp:737
dEQP-VK.robustness.robustness2.bind.notemplate.r32f.unroll.nonvolatile.storage_image.no_fmt_qual.null_descriptor.samples_1.cube_array.vert	Pass	Pass
dEQP-VK.robustness.robustness2.bind.notemplate.r32f.unroll.nonvolatile.storage_image.no_fmt_qual.null_descriptor.samples_4.2d.rgen	NotSupported	VK_KHR_ray_tracing_pipeline is not supported at vktTestCase.cpp:1394
dEQP-VK.robustness.robustness2.bind.notemplate.r32f.unroll.nonvolatile.storage_image.no_fmt_qual.null_descriptor.samples_4.2d_array.comp_compute	NotSupported	shaderStorageImageMultisample not supported at vktRobustnessExtsTests.cpp:685
dEQP-VK.robustness.robustness2.bind.notemplate.r32f.unroll.nonvolatile.storage_image.no_fmt_qual.null_descriptor.samples_4.2d_array.vert	NotSupported	shaderStorageImageMultisample not supported at vktRobustnessExtsTests.cpp:685
dEQP-VK.robustness.robustness2.bind.notemplate.r32f.unroll.nonvolatile.storage_texel_buffer.fmt_qual.len_12.samples_1.1d.comp	Fail	Fail
dEQP-VK.robustness.robustness2.bind.notemplate.r32f.unroll.nonvolatile.storage_texel_buffer.fmt_qual.len_12.samples_1.1d.comp_compute	NotSupported	Exclusive compute queue not supported. at vktRobustnessExtsTests.cpp:737
dEQP-VK.robustness.robustness2.bind.notemplate.r32f.unroll.nonvolatile.storage_texel_buffer.fmt_qual.len_12.samples_1.1d.frag	Fail	Fail
dEQP-VK.robustness.robustness2.bind.notemplate.r32f.unroll.nonvolatile.storage_texel_buffer.fmt_qual.len_12.samples_1.1d.rgen	NotSupported	VK_KHR_ray_tracing_pipeline is not supported at vktTestCase.cpp:1394
dEQP-VK.robustness.robustness2.bind.notemplate.r32f.unroll.nonvolatile.storage_texel_buffer.fmt_qual.len_12.samples_1.1d.rgen_compute	NotSupported	VK_KHR_ray_tracing_pipeline is not supported at vktTestCase.cpp:1394
dEQP-VK.robustness.robustness2.bind.notemplate.r32f.unroll.nonvolatile.storage_texel_buffer.fmt_qual.len_12.samples_1.1d.vert	Fail	Fail
dEQP-VK.robustness.robustness2.bind.notemplate.r32f.unroll.nonvolatile.storage_texel_buffer.fmt_qual.len_16.samples_1.1d.comp	Fail	Fail
dEQP-VK.robustness.robustness2.bind.notemplate.r32f.unroll.nonvolatile.storage_texel_buffer.fmt_qual.len_16.samples_1.1d.comp_compute	NotSupported	Exclusive compute queue not supported. at vktRobustnessExtsTests.cpp:737
dEQP-VK.robustness.robustness2.bind.notemplate.r32f.unroll.nonvolatile.storage_texel_buffer.fmt_qual.len_16.samples_1.1d.frag	Fail	Fail
dEQP-VK.robustness.robustness2.bind.notemplate.r32f.unroll.nonvolatile.storage_texel_buffer.fmt_qual.len_16.samples_1.1d.rgen	NotSupported	VK_KHR_ray_tracing_pipeline is not supported at vktTestCase.cpp:1394
dEQP-VK.robustness.robustness2.bind.notemplate.r32f.unroll.nonvolatile.storage_texel_buffer.fmt_qual.len_16.samples_1.1d.rgen_compute	NotSupported	VK_KHR_ray_tracing_pipeline is not supported at vktTestCase.cpp:1394
dEQP-VK.robustness.robustness2.bind.notemplate.r32f.unroll.nonvolatile.storage_texel_buffer.fmt_qual.len_16.samples_1.1d.vert	Fail	Fail
dEQP-VK.robustness.robustness2.bind.notemplate.r32f.unroll.nonvolatile.storage_texel_buffer.fmt_qual.len_20.samples_1.1d.comp	Fail	Fail
dEQP-VK.robustness.robustness2.bind.notemplate.r32f.unroll.nonvolatile.storage_texel_buffer.fmt_qual.len_20.samples_1.1d.comp_compute	NotSupported	Exclusive compute queue not supported. at vktRobustnessExtsTests.cpp:737
dEQP-VK.robustness.robustness2.bind.notemplate.r32f.unroll.nonvolatile.storage_texel_buffer.fmt_qual.len_20.samples_1.1d.frag	Fail	Fail
dEQP-VK.robustness.robustness2.bind.notemplate.r32f.unroll.nonvolatile.storage_texel_buffer.fmt_qual.len_20.samples_1.1d.rgen	NotSupported	VK_KHR_ray_tracing_pipeline is not supported at vktTestCase.cpp:1394
dEQP-VK.robustness.robustness2.bind.notemplate.r32f.unroll.nonvolatile.storage_texel_buffer.fmt_qual.len_20.samples_1.1d.rgen_compute	NotSupported	VK_KHR_ray_tracing_pipeline is not supported at vktTestCase.cpp:1394
dEQP-VK.robustness.robustness2.bind.notemplate.r32f.unroll.nonvolatile.storage_texel_buffer.fmt_qual.len_20.samples_1.1d.vert	Fail	Fail
dEQP-VK.robustness.robustness2.bind.notemplate.r32f.unroll.nonvolatile.storage_texel_buffer.fmt_qual.len_252.samples_1.1d.comp	Fail	Fail
dEQP-VK.robustness.robustness2.bind.notemplate.r32f.unroll.nonvolatile.storage_texel_buffer.fmt_qual.len_252.samples_1.1d.comp_compute	NotSupported	Exclusive compute queue not supported. at vktRobustnessExtsTests.cpp:737
dEQP-VK.robustness.robustness2.bind.notemplate.r32f.unroll.nonvolatile.storage_texel_buffer.fmt_qual.len_252.samples_1.1d.frag	Fail	Fail
dEQP-VK.robustness.robustness2.bind.notemplate.r32f.unroll.nonvolatile.storage_texel_buffer.fmt_qual.len_252.samples_1.1d.rgen	NotSupported	VK_KHR_ray_tracing_pipeline is not supported at vktTestCase.cpp:1394
dEQP-VK.robustness.robustness2.bind.notemplate.r32f.unroll.nonvolatile.storage_texel_buffer.fmt_qual.len_252.samples_1.1d.rgen_compute	NotSupported	VK_KHR_ray_tracing_pipeline is not supported at vktTestCase.cpp:1394
dEQP-VK.robustness.robustness2.bind.notemplate.r32f.unroll.nonvolatile.storage_texel_buffer.fmt_qual.len_252.samples_1.1d.vert	Fail	Fail
dEQP-VK.robustness.robustness2.bind.notemplate.r32f.unroll.nonvolatile.storage_texel_buffer.fmt_qual.len_256.samples_1.1d.comp	Fail	Fail
dEQP-VK.robustness.robustness2.bind.notemplate.r32f.unroll.nonvolatile.storage_texel_buffer.fmt_qual.len_256.samples_1.1d.comp_compute	NotSupported	Exclusive compute queue not supported. at vktRobustnessExtsTests.cpp:737
dEQP-VK.robustness.robustness2.bind.notemplate.r32f.unroll.nonvolatile.storage_texel_buffer.fmt_qual.len_256.samples_1.1d.frag	Fail	Fail
dEQP-VK.robustness.robustness2.bind.notemplate.r32f.unroll.nonvolatile.storage_texel_buffer.fmt_qual.len_256.samples_1.1d.rgen	NotSupported	VK_KHR_ray_tracing_pipeline is not supported at vktTestCase.cpp:1394
dEQP-VK.robustness.robustness2.bind.notemplate.r32f.unroll.nonvolatile.storage_texel_buffer.fmt_qual.len_256.samples_1.1d.rgen_compute	NotSupported	VK_KHR_ray_tracing_pipeline is not supported at vktTestCase.cpp:1394
dEQP-VK.robustness.robustness2.bind.notemplate.r32f.unroll.nonvolatile.storage_texel_buffer.fmt_qual.len_256.samples_1.1d.vert	Fail	Fail
dEQP-VK.robustness.robustness2.bind.notemplate.r32f.unroll.nonvolatile.storage_texel_buffer.fmt_qual.len_260.samples_1.1d.comp	Fail	Fail
dEQP-VK.robustness.robustness2.bind.notemplate.r32f.unroll.nonvolatile.storage_texel_buffer.fmt_qual.len_260.samples_1.1d.comp_compute	NotSupported	Exclusive compute queue not supported. at vktRobustnessExtsTests.cpp:737
dEQP-VK.robustness.robustness2.bind.notemplate.r32f.unroll.nonvolatile.storage_texel_buffer.fmt_qual.len_260.samples_1.1d.frag	Fail	Fail
dEQP-VK.robustness.robustness2.bind.notemplate.r32f.unroll.nonvolatile.storage_texel_buffer.fmt_qual.len_260.samples_1.1d.rgen	NotSupported	VK_KHR_ray_tracing_pipeline is not supported at vktTestCase.cpp:1394
dEQP-VK.robustness.robustness2.bind.notemplate.r32f.unroll.nonvolatile.storage_texel_buffer.fmt_qual.len_260.samples_1.1d.rgen_compute	NotSupported	VK_KHR_ray_tracing_pipeline is not supported at vktTestCase.cpp:1394
dEQP-VK.robustness.robustness2.bind.notemplate.r32f.unroll.nonvolatile.storage_texel_buffer.fmt_qual.len_260.samples_1.1d.vert	Fail	Fail
dEQP-VK.robustness.robustness2.bind.notemplate.r32f.unroll.nonvolatile.storage_texel_buffer.fmt_qual.len_32.samples_1.1d.comp	Fail	Fail
dEQP-VK.robustness.robustness2.bind.notemplate.r32f.unroll.nonvolatile.storage_texel_buffer.fmt_qual.len_32.samples_1.1d.comp_compute	NotSupported	Exclusive compute queue not supported. at vktRobustnessExtsTests.cpp:737
dEQP-VK.robustness.robustness2.bind.notemplate.r32f.unroll.nonvolatile.storage_texel_buffer.fmt_qual.len_32.samples_1.1d.frag	Fail	Fail
dEQP-VK.robustness.robustness2.bind.notemplate.r32f.unroll.nonvolatile.storage_texel_buffer.fmt_qual.len_32.samples_1.1d.rgen	NotSupported	VK_KHR_ray_tracing_pipeline is not supported at vktTestCase.cpp:1394
dEQP-VK.robustness.robustness2.bind.notemplate.r32f.unroll.nonvolatile.storage_texel_buffer.fmt_qual.len_32.samples_1.1d.rgen_compute	NotSupported	VK_KHR_ray_tracing_pipeline is not supported at vktTestCase.cpp:1394
dEQP-VK.robustness.robustness2.bind.notemplate.r32f.unroll.nonvolatile.storage_texel_buffer.fmt_qual.len_32.samples_1.1d.vert	Fail	Fail
dEQP-VK.robustness.robustness2.bind.notemplate.r32f.unroll.nonvolatile.storage_texel_buffer.fmt_qual.len_36.samples_1.1d.comp	Fail	Fail
dEQP-VK.robustness.robustness2.bind.notemplate.r32f.unroll.nonvolatile.storage_texel_buffer.fmt_qual.len_36.samples_1.1d.comp_compute	NotSupported	Exclusive compute queue not supported. at vktRobustnessExtsTests.cpp:737
dEQP-VK.robustness.robustness2.bind.notemplate.r32f.unroll.nonvolatile.storage_texel_buffer.fmt_qual.len_36.samples_1.1d.frag	Fail	Fail
dEQP-VK.robustness.robustness2.bind.notemplate.r32f.unroll.nonvolatile.storage_texel_buffer.fmt_qual.len_36.samples_1.1d.rgen	NotSupported	VK_KHR_ray_tracing_pipeline is not supported at vktTestCase.cpp:1394
dEQP-VK.robustness.robustness2.bind.notemplate.r32f.unroll.nonvolatile.storage_texel_buffer.fmt_qual.len_36.samples_1.1d.rgen_compute	NotSupported	VK_KHR_ray_tracing_pipeline is not supported at vktTestCase.cpp:1394
dEQP-VK.robustness.robustness2.bind.notemplate.r32f.unroll.nonvolatile.storage_texel_buffer.fmt_qual.len_36.samples_1.1d.vert	Fail	Fail
dEQP-VK.robustness.robustness2.bind.notemplate.r32f.unroll.nonvolatile.storage_texel_buffer.fmt_qual.len_4.samples_1.1d.comp	Fail	Fail
dEQP-VK.robustness.robustness2.bind.notemplate.r32f.unroll.nonvolatile.storage_texel_buffer.fmt_qual.len_4.samples_1.1d.comp_compute	NotSupported	Exclusive compute queue not supported. at vktRobustnessExtsTests.cpp:737
dEQP-VK.robustness.robustness2.bind.notemplate.r32f.unroll.nonvolatile.storage_texel_buffer.fmt_qual.len_4.samples_1.1d.frag	Fail	Fail
dEQP-VK.robustness.robustness2.bind.notemplate.r32f.unroll.nonvolatile.storage_texel_buffer.fmt_qual.len_4.samples_1.1d.rgen	NotSupported	VK_KHR_ray_tracing_pipeline is not supported at vktTestCase.cpp:1394
dEQP-VK.robustness.robustness2.bind.notemplate.r32f.unroll.nonvolatile.storage_texel_buffer.fmt_qual.len_4.samples_1.1d.rgen_compute	NotSupported	VK_KHR_ray_tracing_pipeline is not supported at vktTestCase.cpp:1394
dEQP-VK.robustness.robustness2.bind.notemplate.r32f.unroll.nonvolatile.storage_texel_buffer.fmt_qual.len_4.samples_1.1d.vert	Fail	Fail
dEQP-VK.robustness.robustness2.bind.notemplate.r32f.unroll.nonvolatile.storage_texel_buffer.fmt_qual.len_41.samples_1.1d.comp	Fail	Fail
dEQP-VK.robustness.robustness2.bind.notemplate.r32f.unroll.nonvolatile.storage_texel_buffer.fmt_qual.len_41.samples_1.1d.comp_compute	NotSupported	Exclusive compute queue not supported. at vktRobustnessExtsTests.cpp:737
dEQP-VK.robustness.robustness2.bind.notemplate.r32f.unroll.nonvolatile.storage_texel_buffer.fmt_qual.len_41.samples_1.1d.frag	Fail	Fail
dEQP-VK.robustness.robustness2.bind.notemplate.r32f.unroll.nonvolatile.storage_texel_buffer.fmt_qual.len_41.samples_1.1d.rgen	NotSupported	VK_KHR_ray_tracing_pipeline is not supported at vktTestCase.cpp:1394
dEQP-VK.robustness.robustness2.bind.notemplate.r32f.unroll.nonvolatile.storage_texel_buffer.fmt_qual.len_41.samples_1.1d.rgen_compute	NotSupported	VK_KHR_ray_tracing_pipeline is not supported at vktTestCase.cpp:1394
dEQP-VK.robustness.robustness2.bind.notemplate.r32f.unroll.nonvolatile.storage_texel_buffer.fmt_qual.len_41.samples_1.1d.vert	Fail	Fail
dEQP-VK.robustness.robustness2.bind.notemplate.r32f.unroll.nonvolatile.storage_texel_buffer.fmt_qual.len_8.samples_1.1d.comp	Fail	Fail
dEQP-VK.robustness.robustness2.bind.notemplate.r32f.unroll.nonvolatile.storage_texel_buffer.fmt_qual.len_8.samples_1.1d.comp_compute	NotSupported	Exclusive compute queue not supported. at vktRobustnessExtsTests.cpp:737
dEQP-VK.robustness.robustness2.bind.notemplate.r32f.unroll.nonvolatile.storage_texel_buffer.fmt_qual.len_8.samples_1.1d.frag	Fail	Fail
dEQP-VK.robustness.robustness2.bind.notemplate.r32f.unroll.nonvolatile.storage_texel_buffer.fmt_qual.len_8.samples_1.1d.rgen	NotSupported	VK_KHR_ray_tracing_pipeline is not supported at vktTestCase.cpp:1394
dEQP-VK.robustness.robustness2.bind.notemplate.r32f.unroll.nonvolatile.storage_texel_buffer.fmt_qual.len_8.samples_1.1d.rgen_compute	NotSupported	VK_KHR_ray_tracing_pipeline is not supported at vktTestCase.cpp:1394
dEQP-VK.robustness.robustness2.bind.notemplate.r32f.unroll.nonvolatile.storage_texel_buffer.fmt_qual.len_8.samples_1.1d.vert	Fail	Fail
dEQP-VK.robustness.robustness2.bind.notemplate.r32f.unroll.nonvolatile.storage_texel_buffer.fmt_qual.null_descriptor.samples_1.1d.comp	Pass	Pass
dEQP-VK.robustness.robustness2.bind.notemplate.r32f.unroll.nonvolatile.storage_texel_buffer.fmt_qual.null_descriptor.samples_1.1d.comp_compute	NotSupported	Exclusive compute queue not supported. at vktRobustnessExtsTests.cpp:737
dEQP-VK.robustness.robustness2.bind.notemplate.r32f.unroll.nonvolatile.storage_texel_buffer.fmt_qual.null_descriptor.samples_1.1d.frag	Pass	Pass
dEQP-VK.robustness.robustness2.bind.notemplate.r32f.unroll.nonvolatile.storage_texel_buffer.fmt_qual.null_descriptor.samples_1.1d.rgen	NotSupported	VK_KHR_ray_tracing_pipeline is not supported at vktTestCase.cpp:1394
dEQP-VK.robustness.robustness2.bind.notemplate.r32f.unroll.nonvolatile.storage_texel_buffer.fmt_qual.null_descriptor.samples_1.1d.rgen_compute	NotSupported	VK_KHR_ray_tracing_pipeline is not supported at vktTestCase.cpp:1394
dEQP-VK.robustness.robustness2.bind.notemplate.r32f.unroll.nonvolatile.storage_texel_buffer.fmt_qual.null_descriptor.samples_1.1d.vert	Pass	Pass
dEQP-VK.robustness.robustness2.bind.notemplate.r32f.unroll.nonvolatile.storage_texel_buffer.no_fmt_qual.len_12.samples_1.1d.comp	Fail	Fail
dEQP-VK.robustness.robustness2.bind.notemplate.r32f.unroll.nonvolatile.storage_texel_buffer.no_fmt_qual.len_12.samples_1.1d.comp_compute	NotSupported	Exclusive compute queue not supported. at vktRobustnessExtsTests.cpp:737
dEQP-VK.robustness.robustness2.bind.notemplate.r32f.unroll.nonvolatile.storage_texel_buffer.no_fmt_qual.len_12.samples_1.1d.frag	Fail	Fail
dEQP-VK.robustness.robustness2.bind.notemplate.r32f.unroll.nonvolatile.storage_texel_buffer.no_fmt_qual.len_12.samples_1.1d.rgen	NotSupported	VK_KHR_ray_tracing_pipeline is not supported at vktTestCase.cpp:1394
dEQP-VK.robustness.robustness2.bind.notemplate.r32f.unroll.nonvolatile.storage_texel_buffer.no_fmt_qual.len_12.samples_1.1d.rgen_compute	NotSupported	VK_KHR_ray_tracing_pipeline is not supported at vktTestCase.cpp:1394
dEQP-VK.robustness.robustness2.bind.notemplate.r32f.unroll.nonvolatile.storage_texel_buffer.no_fmt_qual.len_12.samples_1.1d.vert	Fail	Fail
dEQP-VK.robustness.robustness2.bind.notemplate.r32f.unroll.nonvolatile.storage_texel_buffer.no_fmt_qual.len_16.samples_1.1d.comp	Fail	Fail
dEQP-VK.robustness.robustness2.bind.notemplate.r32f.unroll.nonvolatile.storage_texel_buffer.no_fmt_qual.len_16.samples_1.1d.comp_compute	NotSupported	Exclusive compute queue not supported. at vktRobustnessExtsTests.cpp:737
dEQP-VK.robustness.robustness2.bind.notemplate.r32f.unroll.nonvolatile.storage_texel_buffer.no_fmt_qual.len_16.samples_1.1d.frag	Fail	Fail
dEQP-VK.robustness.robustness2.bind.notemplate.r32f.unroll.nonvolatile.storage_texel_buffer.no_fmt_qual.len_16.samples_1.1d.rgen	NotSupported	VK_KHR_ray_tracing_pipeline is not supported at vktTestCase.cpp:1394
dEQP-VK.robustness.robustness2.bind.notemplate.r32f.unroll.nonvolatile.storage_texel_buffer.no_fmt_qual.len_16.samples_1.1d.rgen_compute	NotSupported	VK_KHR_ray_tracing_pipeline is not supported at vktTestCase.cpp:1394
dEQP-VK.robustness.robustness2.bind.notemplate.r32f.unroll.nonvolatile.storage_texel_buffer.no_fmt_qual.len_16.samples_1.1d.vert	Fail	Fail
dEQP-VK.robustness.robustness2.bind.notemplate.r32f.unroll.nonvolatile.storage_texel_buffer.no_fmt_qual.len_20.samples_1.1d.comp	Fail	Fail
dEQP-VK.robustness.robustness2.bind.notemplate.r32f.unroll.nonvolatile.storage_texel_buffer.no_fmt_qual.len_20.samples_1.1d.comp_compute	NotSupported	Exclusive compute queue not supported. at vktRobustnessExtsTests.cpp:737
dEQP-VK.robustness.robustness2.bind.notemplate.r32f.unroll.nonvolatile.storage_texel_buffer.no_fmt_qual.len_20.samples_1.1d.frag	Fail	Fail
dEQP-VK.robustness.robustness2.bind.notemplate.r32f.unroll.nonvolatile.storage_texel_buffer.no_fmt_qual.len_20.samples_1.1d.rgen	NotSupported	VK_KHR_ray_tracing_pipeline is not supported at vktTestCase.cpp:1394
dEQP-VK.robustness.robustness2.bind.notemplate.r32f.unroll.nonvolatile.storage_texel_buffer.no_fmt_qual.len_20.samples_1.1d.rgen_compute	NotSupported	VK_KHR_ray_tracing_pipeline is not supported at vktTestCase.cpp:1394
dEQP-VK.robustness.robustness2.bind.notemplate.r32f.unroll.nonvolatile.storage_texel_buffer.no_fmt_qual.len_20.samples_1.1d.vert	Fail	Fail
dEQP-VK.robustness.robustness2.bind.notemplate.r32f.unroll.nonvolatile.storage_texel_buffer.no_fmt_qual.len_252.samples_1.1d.comp	Fail	Fail
dEQP-VK.robustness.robustness2.bind.notemplate.r32f.unroll.nonvolatile.storage_texel_buffer.no_fmt_qual.len_252.samples_1.1d.comp_compute	NotSupported	Exclusive compute queue not supported. at vktRobustnessExtsTests.cpp:737
dEQP-VK.robustness.robustness2.bind.notemplate.r32f.unroll.nonvolatile.storage_texel_buffer.no_fmt_qual.len_252.samples_1.1d.frag	Fail	Fail
dEQP-VK.robustness.robustness2.bind.notemplate.r32f.unroll.nonvolatile.storage_texel_buffer.no_fmt_qual.len_252.samples_1.1d.rgen	NotSupported	VK_KHR_ray_tracing_pipeline is not supported at vktTestCase.cpp:1394
dEQP-VK.robustness.robustness2.bind.notemplate.r32f.unroll.nonvolatile.storage_texel_buffer.no_fmt_qual.len_252.samples_1.1d.rgen_compute	NotSupported	VK_KHR_ray_tracing_pipeline is not supported at vktTestCase.cpp:1394
dEQP-VK.robustness.robustness2.bind.notemplate.r32f.unroll.nonvolatile.storage_texel_buffer.no_fmt_qual.len_252.samples_1.1d.vert	Fail	Fail
dEQP-VK.robustness.robustness2.bind.notemplate.r32f.unroll.nonvolatile.storage_texel_buffer.no_fmt_qual.len_256.samples_1.1d.comp	Fail	Fail
dEQP-VK.robustness.robustness2.bind.notemplate.r32f.unroll.nonvolatile.storage_texel_buffer.no_fmt_qual.len_256.samples_1.1d.comp_compute	NotSupported	Exclusive compute queue not supported. at vktRobustnessExtsTests.cpp:737
dEQP-VK.robustness.robustness2.bind.notemplate.r32f.unroll.nonvolatile.storage_texel_buffer.no_fmt_qual.len_256.samples_1.1d.frag	Fail	Fail
dEQP-VK.robustness.robustness2.bind.notemplate.r32f.unroll.nonvolatile.storage_texel_buffer.no_fmt_qual.len_256.samples_1.1d.rgen	NotSupported	VK_KHR_ray_tracing_pipeline is not supported at vktTestCase.cpp:1394
dEQP-VK.robustness.robustness2.bind.notemplate.r32f.unroll.nonvolatile.storage_texel_buffer.no_fmt_qual.len_256.samples_1.1d.rgen_compute	NotSupported	VK_KHR_ray_tracing_pipeline is not supported at vktTestCase.cpp:1394
dEQP-VK.robustness.robustness2.bind.notemplate.r32f.unroll.nonvolatile.storage_texel_buffer.no_fmt_qual.len_256.samples_1.1d.vert	Fail	Fail
dEQP-VK.robustness.robustness2.bind.notemplate.r32f.unroll.nonvolatile.storage_texel_buffer.no_fmt_qual.len_260.samples_1.1d.comp	Fail	Fail
dEQP-VK.robustness.robustness2.bind.notemplate.r32f.unroll.nonvolatile.storage_texel_buffer.no_fmt_qual.len_260.samples_1.1d.comp_compute	NotSupported	Exclusive compute queue not supported. at vktRobustnessExtsTests.cpp:737
dEQP-VK.robustness.robustness2.bind.notemplate.r32f.unroll.nonvolatile.storage_texel_buffer.no_fmt_qual.len_260.samples_1.1d.frag	Fail	Fail
dEQP-VK.robustness.robustness2.bind.notemplate.r32f.unroll.nonvolatile.storage_texel_buffer.no_fmt_qual.len_260.samples_1.1d.rgen	NotSupported	VK_KHR_ray_tracing_pipeline is not supported at vktTestCase.cpp:1394
dEQP-VK.robustness.robustness2.bind.notemplate.r32f.unroll.nonvolatile.storage_texel_buffer.no_fmt_qual.len_260.samples_1.1d.rgen_compute	NotSupported	VK_KHR_ray_tracing_pipeline is not supported at vktTestCase.cpp:1394
dEQP-VK.robustness.robustness2.bind.notemplate.r32f.unroll.nonvolatile.storage_texel_buffer.no_fmt_qual.len_260.samples_1.1d.vert	Fail	Fail
dEQP-VK.robustness.robustness2.bind.notemplate.r32f.unroll.nonvolatile.storage_texel_buffer.no_fmt_qual.len_32.samples_1.1d.comp	Fail	Fail
dEQP-VK.robustness.robustness2.bind.notemplate.r32f.unroll.nonvolatile.storage_texel_buffer.no_fmt_qual.len_32.samples_1.1d.comp_compute	NotSupported	Exclusive compute queue not supported. at vktRobustnessExtsTests.cpp:737
dEQP-VK.robustness.robustness2.bind.notemplate.r32f.unroll.nonvolatile.storage_texel_buffer.no_fmt_qual.len_32.samples_1.1d.frag	Fail	Fail
dEQP-VK.robustness.robustness2.bind.notemplate.r32f.unroll.nonvolatile.storage_texel_buffer.no_fmt_qual.len_32.samples_1.1d.rgen	NotSupported	VK_KHR_ray_tracing_pipeline is not supported at vktTestCase.cpp:1394
dEQP-VK.robustness.robustness2.bind.notemplate.r32f.unroll.nonvolatile.storage_texel_buffer.no_fmt_qual.len_32.samples_1.1d.rgen_compute	NotSupported	VK_KHR_ray_tracing_pipeline is not supported at vktTestCase.cpp:1394
dEQP-VK.robustness.robustness2.bind.notemplate.r32f.unroll.nonvolatile.storage_texel_buffer.no_fmt_qual.len_32.samples_1.1d.vert	Fail	Fail
dEQP-VK.robustness.robustness2.bind.notemplate.r32f.unroll.nonvolatile.storage_texel_buffer.no_fmt_qual.len_36.samples_1.1d.comp	Fail	Fail
dEQP-VK.robustness.robustness2.bind.notemplate.r32f.unroll.nonvolatile.storage_texel_buffer.no_fmt_qual.len_36.samples_1.1d.comp_compute	NotSupported	Exclusive compute queue not supported. at vktRobustnessExtsTests.cpp:737
dEQP-VK.robustness.robustness2.bind.notemplate.r32f.unroll.nonvolatile.storage_texel_buffer.no_fmt_qual.len_36.samples_1.1d.frag	Fail	Fail
dEQP-VK.robustness.robustness2.bind.notemplate.r32f.unroll.nonvolatile.storage_texel_buffer.no_fmt_qual.len_36.samples_1.1d.rgen	NotSupported	VK_KHR_ray_tracing_pipeline is not supported at vktTestCase.cpp:1394
dEQP-VK.robustness.robustness2.bind.notemplate.r32f.unroll.nonvolatile.storage_texel_buffer.no_fmt_qual.len_36.samples_1.1d.rgen_compute	NotSupported	VK_KHR_ray_tracing_pipeline is not supported at vktTestCase.cpp:1394
dEQP-VK.robustness.robustness2.bind.notemplate.r32f.unroll.nonvolatile.storage_texel_buffer.no_fmt_qual.len_36.samples_1.1d.vert	Fail	Fail
dEQP-VK.robustness.robustness2.bind.notemplate.r32f.unroll.nonvolatile.storage_texel_buffer.no_fmt_qual.len_4.samples_1.1d.comp	Fail	Fail
dEQP-VK.robustness.robustness2.bind.notemplate.r32f.unroll.nonvolatile.storage_texel_buffer.no_fmt_qual.len_4.samples_1.1d.comp_compute	NotSupported	Exclusive compute queue not supported. at vktRobustnessExtsTests.cpp:737
dEQP-VK.robustness.robustness2.bind.notemplate.r32f.unroll.nonvolatile.storage_texel_buffer.no_fmt_qual.len_4.samples_1.1d.frag	Fail	Fail
dEQP-VK.robustness.robustness2.bind.notemplate.r32f.unroll.nonvolatile.storage_texel_buffer.no_fmt_qual.len_4.samples_1.1d.rgen	NotSupported	VK_KHR_ray_tracing_pipeline is not supported at vktTestCase.cpp:1394
dEQP-VK.robustness.robustness2.bind.notemplate.r32f.unroll.nonvolatile.storage_texel_buffer.no_fmt_qual.len_4.samples_1.1d.rgen_compute	NotSupported	VK_KHR_ray_tracing_pipeline is not supported at vktTestCase.cpp:1394
dEQP-VK.robustness.robustness2.bind.notemplate.r32f.unroll.nonvolatile.storage_texel_buffer.no_fmt_qual.len_4.samples_1.1d.vert	Fail	Fail
dEQP-VK.robustness.robustness2.bind.notemplate.r32f.unroll.nonvolatile.storage_texel_buffer.no_fmt_qual.len_41.samples_1.1d.comp	Fail	Fail
dEQP-VK.robustness.robustness2.bind.notemplate.r32f.unroll.nonvolatile.storage_texel_buffer.no_fmt_qual.len_41.samples_1.1d.comp_compute	NotSupported	Exclusive compute queue not supported. at vktRobustnessExtsTests.cpp:737
dEQP-VK.robustness.robustness2.bind.notemplate.r32f.unroll.nonvolatile.storage_texel_buffer.no_fmt_qual.len_41.samples_1.1d.frag	Fail	Fail
dEQP-VK.robustness.robustness2.bind.notemplate.r32f.unroll.nonvolatile.storage_texel_buffer.no_fmt_qual.len_41.samples_1.1d.rgen	NotSupported	VK_KHR_ray_tracing_pipeline is not supported at vktTestCase.cpp:1394
dEQP-VK.robustness.robustness2.bind.notemplate.r32f.unroll.nonvolatile.storage_texel_buffer.no_fmt_qual.len_41.samples_1.1d.rgen_compute	NotSupported	VK_KHR_ray_tracing_pipeline is not supported at vktTestCase.cpp:1394
dEQP-VK.robustness.robustness2.bind.notemplate.r32f.unroll.nonvolatile.storage_texel_buffer.no_fmt_qual.len_41.samples_1.1d.vert	Fail	Fail
dEQP-VK.robustness.robustness2.bind.notemplate.r32f.unroll.nonvolatile.storage_texel_buffer.no_fmt_qual.len_8.samples_1.1d.comp	Fail	Fail
dEQP-VK.robustness.robustness2.bind.notemplate.r32f.unroll.nonvolatile.storage_texel_buffer.no_fmt_qual.len_8.samples_1.1d.comp_compute	NotSupported	Exclusive compute queue not supported. at vktRobustnessExtsTests.cpp:737
dEQP-VK.robustness.robustness2.bind.notemplate.r32f.unroll.nonvolatile.storage_texel_buffer.no_fmt_qual.len_8.samples_1.1d.frag	Fail	Fail
dEQP-VK.robustness.robustness2.bind.notemplate.r32f.unroll.nonvolatile.storage_texel_buffer.no_fmt_qual.len_8.samples_1.1d.rgen	NotSupported	VK_KHR_ray_tracing_pipeline is not supported at vktTestCase.cpp:1394
dEQP-VK.robustness.robustness2.bind.notemplate.r32f.unroll.nonvolatile.storage_texel_buffer.no_fmt_qual.len_8.samples_1.1d.rgen_compute	NotSupported	VK_KHR_ray_tracing_pipeline is not supported at vktTestCase.cpp:1394
dEQP-VK.robustness.robustness2.bind.notemplate.r32f.unroll.nonvolatile.storage_texel_buffer.no_fmt_qual.len_8.samples_1.1d.vert	Fail	Fail
dEQP-VK.robustness.robustness2.bind.notemplate.r32f.unroll.nonvolatile.storage_texel_buffer.no_fmt_qual.null_descriptor.samples_1.1d.comp	Pass	Pass
dEQP-VK.robustness.robustness2.bind.notemplate.r32f.unroll.nonvolatile.storage_texel_buffer.no_fmt_qual.null_descriptor.samples_1.1d.comp_compute	NotSupported	Exclusive compute queue not supported. at vktRobustnessExtsTests.cpp:737
dEQP-VK.robustness.robustness2.bind.notemplate.r32f.unroll.nonvolatile.storage_texel_buffer.no_fmt_qual.null_descriptor.samples_1.1d.frag	Pass	Pass
dEQP-VK.robustness.robustness2.bind.notemplate.r32f.unroll.nonvolatile.storage_texel_buffer.no_fmt_qual.null_descriptor.samples_1.1d.rgen	NotSupported	VK_KHR_ray_tracing_pipeline is not supported at vktTestCase.cpp:1394
dEQP-VK.robustness.robustness2.bind.notemplate.r32f.unroll.nonvolatile.storage_texel_buffer.no_fmt_qual.null_descriptor.samples_1.1d.rgen_compute	NotSupported	VK_KHR_ray_tracing_pipeline is not supported at vktTestCase.cpp:1394
dEQP-VK.robustness.robustness2.bind.notemplate.r32f.unroll.nonvolatile.storage_texel_buffer.no_fmt_qual.null_descriptor.samples_1.1d.vert	Pass	Pass
dEQP-VK.robustness.robustness2.bind.notemplate.r32f.unroll.nonvolatile.uniform_buffer.no_fmt_qual.len_12.samples_1.1d.rgen	NotSupported	VK_KHR_ray_tracing_pipeline is not supported at vktTestCase.cpp:1394
dEQP-VK.robustness.robustness2.bind.notemplate.r32f.unroll.nonvolatile.uniform_buffer.no_fmt_qual.len_16.samples_1.1d.comp_compute	NotSupported	Exclusive compute queue not supported. at vktRobustnessExtsTests.cpp:737
dEQP-VK.robustness.robustness2.bind.notemplate.r32f.unroll.nonvolatile.uniform_buffer.no_fmt_qual.len_16.samples_1.1d.vert	Pass	Pass
dEQP-VK.robustness.robustness2.bind.notemplate.r32f.unroll.nonvolatile.uniform_buffer.no_fmt_qual.len_20.samples_1.1d.rgen	NotSupported	VK_KHR_ray_tracing_pipeline is not supported at vktTestCase.cpp:1394
dEQP-VK.robustness.robustness2.bind.notemplate.r32f.unroll.nonvolatile.uniform_buffer.no_fmt_qual.len_252.samples_1.1d.comp_compute	NotSupported	Exclusive compute queue not supported. at vktRobustnessExtsTests.cpp:737
dEQP-VK.robustness.robustness2.bind.notemplate.r32f.unroll.nonvolatile.uniform_buffer.no_fmt_qual.len_252.samples_1.1d.vert	Pass	Pass
dEQP-VK.robustness.robustness2.bind.notemplate.r32f.unroll.nonvolatile.uniform_buffer.no_fmt_qual.len_256.samples_1.1d.rgen	NotSupported	VK_KHR_ray_tracing_pipeline is not supported at vktTestCase.cpp:1394
dEQP-VK.robustness.robustness2.bind.notemplate.r32f.unroll.nonvolatile.uniform_buffer.no_fmt_qual.len_260.samples_1.1d.comp_compute	NotSupported	Exclusive compute queue not supported. at vktRobustnessExtsTests.cpp:737
dEQP-VK.robustness.robustness2.bind.notemplate.r32f.unroll.nonvolatile.uniform_buffer.no_fmt_qual.len_260.samples_1.1d.vert	Pass	Pass
dEQP-VK.robustness.robustness2.bind.notemplate.r32f.unroll.nonvolatile.uniform_buffer.no_fmt_qual.len_31.samples_1.1d.rgen	NotSupported	VK_KHR_ray_tracing_pipeline is not supported at vktTestCase.cpp:1394
dEQP-VK.robustness.robustness2.bind.notemplate.r32f.unroll.nonvolatile.uniform_buffer.no_fmt_qual.len_32.samples_1.1d.comp_compute	NotSupported	Exclusive compute queue not supported. at vktRobustnessExtsTests.cpp:737
dEQP-VK.robustness.robustness2.bind.notemplate.r32f.unroll.nonvolatile.uniform_buffer.no_fmt_qual.len_32.samples_1.1d.vert	Pass	Pass
dEQP-VK.robustness.robustness2.bind.notemplate.r32f.unroll.nonvolatile.uniform_buffer.no_fmt_qual.len_33.samples_1.1d.rgen	NotSupported	VK_KHR_ray_tracing_pipeline is not supported at vktTestCase.cpp:1394
dEQP-VK.robustness.robustness2.bind.notemplate.r32f.unroll.nonvolatile.uniform_buffer.no_fmt_qual.len_35.samples_1.1d.comp_compute	NotSupported	Exclusive compute queue not supported. at vktRobustnessExtsTests.cpp:737
dEQP-VK.robustness.robustness2.bind.notemplate.r32f.unroll.nonvolatile.uniform_buffer.no_fmt_qual.len_35.samples_1.1d.vert	Pass	Pass
dEQP-VK.robustness.robustness2.bind.notemplate.r32f.unroll.nonvolatile.uniform_buffer.no_fmt_qual.len_36.samples_1.1d.rgen	NotSupported	VK_KHR_ray_tracing_pipeline is not supported at vktTestCase.cpp:1394
dEQP-VK.robustness.robustness2.bind.notemplate.r32f.unroll.nonvolatile.uniform_buffer.no_fmt_qual.len_39.samples_1.1d.comp_compute	NotSupported	Exclusive compute queue not supported. at vktRobustnessExtsTests.cpp:737
dEQP-VK.robustness.robustness2.bind.notemplate.r32f.unroll.nonvolatile.uniform_buffer.no_fmt_qual.len_39.samples_1.1d.vert	Pass	Pass
dEQP-VK.robustness.robustness2.bind.notemplate.r32f.unroll.nonvolatile.uniform_buffer.no_fmt_qual.len_4.samples_1.1d.rgen	NotSupported	VK_KHR_ray_tracing_pipeline is not supported at vktTestCase.cpp:1394
dEQP-VK.robustness.robustness2.bind.notemplate.r32f.unroll.nonvolatile.uniform_buffer.no_fmt_qual.len_41.samples_1.1d.comp_compute	NotSupported	Exclusive compute queue not supported. at vktRobustnessExtsTests.cpp:737
dEQP-VK.robustness.robustness2.bind.notemplate.r32f.unroll.nonvolatile.uniform_buffer.no_fmt_qual.len_41.samples_1.1d.vert	Pass	Pass
dEQP-VK.robustness.robustness2.bind.notemplate.r32f.unroll.nonvolatile.uniform_buffer.no_fmt_qual.len_8.samples_1.1d.rgen	NotSupported	VK_KHR_ray_tracing_pipeline is not supported at vktTestCase.cpp:1394
dEQP-VK.robustness.robustness2.bind.notemplate.r32f.unroll.nonvolatile.uniform_buffer.no_fmt_qual.null_descriptor.samples_1.1d.comp_compute	NotSupported	Exclusive compute queue not supported. at vktRobustnessExtsTests.cpp:737
dEQP-VK.robustness.robustness2.bind.notemplate.r32f.unroll.nonvolatile.uniform_buffer.no_fmt_qual.null_descriptor.samples_1.1d.vert	Pass	Pass
dEQP-VK.robustness.robustness2.bind.notemplate.r32f.unroll.nonvolatile.uniform_buffer_dynamic.no_fmt_qual.len_12.samples_1.1d.rgen	NotSupported	VK_KHR_ray_tracing_pipeline is not supported at vktTestCase.cpp:1394
dEQP-VK.robustness.robustness2.bind.notemplate.r32f.unroll.nonvolatile.uniform_buffer_dynamic.no_fmt_qual.len_16.samples_1.1d.comp_compute	NotSupported	Exclusive compute queue not supported. at vktRobustnessExtsTests.cpp:737
dEQP-VK.robustness.robustness2.bind.notemplate.r32f.unroll.nonvolatile.uniform_buffer_dynamic.no_fmt_qual.len_16.samples_1.1d.vert	Pass	Pass
dEQP-VK.robustness.robustness2.bind.notemplate.r32f.unroll.nonvolatile.uniform_buffer_dynamic.no_fmt_qual.len_20.samples_1.1d.rgen	NotSupported	VK_KHR_ray_tracing_pipeline is not supported at vktTestCase.cpp:1394
dEQP-VK.robustness.robustness2.bind.notemplate.r32f.unroll.nonvolatile.uniform_buffer_dynamic.no_fmt_qual.len_252.samples_1.1d.comp_compute	NotSupported	Exclusive compute queue not supported. at vktRobustnessExtsTests.cpp:737
dEQP-VK.robustness.robustness2.bind.notemplate.r32f.unroll.nonvolatile.uniform_buffer_dynamic.no_fmt_qual.len_252.samples_1.1d.vert	Pass	Pass
dEQP-VK.robustness.robustness2.bind.notemplate.r32f.unroll.nonvolatile.uniform_buffer_dynamic.no_fmt_qual.len_256.samples_1.1d.rgen	NotSupported	VK_KHR_ray_tracing_pipeline is not supported at vktTestCase.cpp:1394
dEQP-VK.robustness.robustness2.bind.notemplate.r32f.unroll.nonvolatile.uniform_buffer_dynamic.no_fmt_qual.len_260.samples_1.1d.comp_compute	NotSupported	Exclusive compute queue not supported. at vktRobustnessExtsTests.cpp:737
dEQP-VK.robustness.robustness2.bind.notemplate.r32f.unroll.nonvolatile.uniform_buffer_dynamic.no_fmt_qual.len_260.samples_1.1d.vert	Pass	Pass
dEQP-VK.robustness.robustness2.bind.notemplate.r32f.unroll.nonvolatile.uniform_buffer_dynamic.no_fmt_qual.len_31.samples_1.1d.rgen	NotSupported	VK_KHR_ray_tracing_pipeline is not supported at vktTestCase.cpp:1394
dEQP-VK.robustness.robustness2.bind.notemplate.r32f.unroll.nonvolatile.uniform_buffer_dynamic.no_fmt_qual.len_32.samples_1.1d.comp_compute	NotSupported	Exclusive compute queue not supported. at vktRobustnessExtsTests.cpp:737
dEQP-VK.robustness.robustness2.bind.notemplate.r32f.unroll.nonvolatile.uniform_buffer_dynamic.no_fmt_qual.len_32.samples_1.1d.vert	Pass	Pass
dEQP-VK.robustness.robustness2.bind.notemplate.r32f.unroll.nonvolatile.uniform_buffer_dynamic.no_fmt_qual.len_33.samples_1.1d.rgen	NotSupported	VK_KHR_ray_tracing_pipeline is not supported at vktTestCase.cpp:1394
dEQP-VK.robustness.robustness2.bind.notemplate.r32f.unroll.nonvolatile.uniform_buffer_dynamic.no_fmt_qual.len_35.samples_1.1d.comp_compute	NotSupported	Exclusive compute queue not supported. at vktRobustnessExtsTests.cpp:737
dEQP-VK.robustness.robustness2.bind.notemplate.r32f.unroll.nonvolatile.uniform_buffer_dynamic.no_fmt_qual.len_35.samples_1.1d.vert	Pass	Pass
dEQP-VK.robustness.robustness2.bind.notemplate.r32f.unroll.nonvolatile.uniform_buffer_dynamic.no_fmt_qual.len_36.samples_1.1d.rgen	NotSupported	VK_KHR_ray_tracing_pipeline is not supported at vktTestCase.cpp:1394
dEQP-VK.robustness.robustness2.bind.notemplate.r32f.unroll.nonvolatile.uniform_buffer_dynamic.no_fmt_qual.len_39.samples_1.1d.comp_compute	NotSupported	Exclusive compute queue not supported. at vktRobustnessExtsTests.cpp:737
dEQP-VK.robustness.robustness2.bind.notemplate.r32f.unroll.nonvolatile.uniform_buffer_dynamic.no_fmt_qual.len_39.samples_1.1d.vert	Pass	Pass
dEQP-VK.robustness.robustness2.bind.notemplate.r32f.unroll.nonvolatile.uniform_buffer_dynamic.no_fmt_qual.len_4.samples_1.1d.rgen	NotSupported	VK_KHR_ray_tracing_pipeline is not supported at vktTestCase.cpp:1394
dEQP-VK.robustness.robustness2.bind.notemplate.r32f.unroll.nonvolatile.uniform_buffer_dynamic.no_fmt_qual.len_41.samples_1.1d.comp_compute	NotSupported	Exclusive compute queue not supported. at vktRobustnessExtsTests.cpp:737
dEQP-VK.robustness.robustness2.bind.notemplate.r32f.unroll.nonvolatile.uniform_buffer_dynamic.no_fmt_qual.len_41.samples_1.1d.vert	Pass	Pass
dEQP-VK.robustness.robustness2.bind.notemplate.r32f.unroll.nonvolatile.uniform_buffer_dynamic.no_fmt_qual.len_8.samples_1.1d.rgen	NotSupported	VK_KHR_ray_tracing_pipeline is not supported at vktTestCase.cpp:1394
dEQP-VK.robustness.robustness2.bind.notemplate.r32f.unroll.nonvolatile.uniform_buffer_dynamic.no_fmt_qual.null_descriptor.samples_1.1d.comp_compute	NotSupported	Exclusive compute queue not supported. at vktRobustnessExtsTests.cpp:737
dEQP-VK.robustness.robustness2.bind.notemplate.r32f.unroll.nonvolatile.uniform_buffer_dynamic.no_fmt_qual.null_descriptor.samples_1.1d.vert	Pass	Pass
dEQP-VK.robustness.robustness2.bind.notemplate.r32f.unroll.nonvolatile.uniform_texel_buffer.no_fmt_qual.len_12.samples_1.1d.comp	Fail	Fail
dEQP-VK.robustness.robustness2.bind.notemplate.r32f.unroll.nonvolatile.uniform_texel_buffer.no_fmt_qual.len_12.samples_1.1d.comp_compute	NotSupported	Exclusive compute queue not supported. at vktRobustnessExtsTests.cpp:737
dEQP-VK.robustness.robustness2.bind.notemplate.r32f.unroll.nonvolatile.uniform_texel_buffer.no_fmt_qual.len_12.samples_1.1d.frag	Fail	Fail
dEQP-VK.robustness.robustness2.bind.notemplate.r32f.unroll.nonvolatile.uniform_texel_buffer.no_fmt_qual.len_12.samples_1.1d.rgen	NotSupported	VK_KHR_ray_tracing_pipeline is not supported at vktTestCase.cpp:1394
dEQP-VK.robustness.robustness2.bind.notemplate.r32f.unroll.nonvolatile.uniform_texel_buffer.no_fmt_qual.len_12.samples_1.1d.rgen_compute	NotSupported	VK_KHR_ray_tracing_pipeline is not supported at vktTestCase.cpp:1394
dEQP-VK.robustness.robustness2.bind.notemplate.r32f.unroll.nonvolatile.uniform_texel_buffer.no_fmt_qual.len_12.samples_1.1d.vert	Fail	Fail
dEQP-VK.robustness.robustness2.bind.notemplate.r32f.unroll.nonvolatile.uniform_texel_buffer.no_fmt_qual.len_16.samples_1.1d.comp	Fail	Fail
dEQP-VK.robustness.robustness2.bind.notemplate.r32f.unroll.nonvolatile.uniform_texel_buffer.no_fmt_qual.len_16.samples_1.1d.comp_compute	NotSupported	Exclusive compute queue not supported. at vktRobustnessExtsTests.cpp:737
dEQP-VK.robustness.robustness2.bind.notemplate.r32f.unroll.nonvolatile.uniform_texel_buffer.no_fmt_qual.len_16.samples_1.1d.frag	Fail	Fail
dEQP-VK.robustness.robustness2.bind.notemplate.r32f.unroll.nonvolatile.uniform_texel_buffer.no_fmt_qual.len_16.samples_1.1d.rgen	NotSupported	VK_KHR_ray_tracing_pipeline is not supported at vktTestCase.cpp:1394
dEQP-VK.robustness.robustness2.bind.notemplate.r32f.unroll.nonvolatile.uniform_texel_buffer.no_fmt_qual.len_16.samples_1.1d.rgen_compute	NotSupported	VK_KHR_ray_tracing_pipeline is not supported at vktTestCase.cpp:1394
dEQP-VK.robustness.robustness2.bind.notemplate.r32f.unroll.nonvolatile.uniform_texel_buffer.no_fmt_qual.len_16.samples_1.1d.vert	Fail	Fail
dEQP-VK.robustness.robustness2.bind.notemplate.r32f.unroll.nonvolatile.uniform_texel_buffer.no_fmt_qual.len_20.samples_1.1d.comp	Fail	Fail
dEQP-VK.robustness.robustness2.bind.notemplate.r32f.unroll.nonvolatile.uniform_texel_buffer.no_fmt_qual.len_20.samples_1.1d.comp_compute	NotSupported	Exclusive compute queue not supported. at vktRobustnessExtsTests.cpp:737
dEQP-VK.robustness.robustness2.bind.notemplate.r32f.unroll.nonvolatile.uniform_texel_buffer.no_fmt_qual.len_20.samples_1.1d.frag	Fail	Fail
dEQP-VK.robustness.robustness2.bind.notemplate.r32f.unroll.nonvolatile.uniform_texel_buffer.no_fmt_qual.len_20.samples_1.1d.rgen	NotSupported	VK_KHR_ray_tracing_pipeline is not supported at vktTestCase.cpp:1394
dEQP-VK.robustness.robustness2.bind.notemplate.r32f.unroll.nonvolatile.uniform_texel_buffer.no_fmt_qual.len_20.samples_1.1d.rgen_compute	NotSupported	VK_KHR_ray_tracing_pipeline is not supported at vktTestCase.cpp:1394
dEQP-VK.robustness.robustness2.bind.notemplate.r32f.unroll.nonvolatile.uniform_texel_buffer.no_fmt_qual.len_20.samples_1.1d.vert	Fail	Fail
dEQP-VK.robustness.robustness2.bind.notemplate.r32f.unroll.nonvolatile.uniform_texel_buffer.no_fmt_qual.len_252.samples_1.1d.comp	Fail	Fail
dEQP-VK.robustness.robustness2.bind.notemplate.r32f.unroll.nonvolatile.uniform_texel_buffer.no_fmt_qual.len_252.samples_1.1d.comp_compute	NotSupported	Exclusive compute queue not supported. at vktRobustnessExtsTests.cpp:737
dEQP-VK.robustness.robustness2.bind.notemplate.r32f.unroll.nonvolatile.uniform_texel_buffer.no_fmt_qual.len_252.samples_1.1d.frag	Fail	Fail
dEQP-VK.robustness.robustness2.bind.notemplate.r32f.unroll.nonvolatile.uniform_texel_buffer.no_fmt_qual.len_252.samples_1.1d.rgen	NotSupported	VK_KHR_ray_tracing_pipeline is not supported at vktTestCase.cpp:1394
dEQP-VK.robustness.robustness2.bind.notemplate.r32f.unroll.nonvolatile.uniform_texel_buffer.no_fmt_qual.len_252.samples_1.1d.rgen_compute	NotSupported	VK_KHR_ray_tracing_pipeline is not supported at vktTestCase.cpp:1394
dEQP-VK.robustness.robustness2.bind.notemplate.r32f.unroll.nonvolatile.uniform_texel_buffer.no_fmt_qual.len_252.samples_1.1d.vert	Fail	Fail
dEQP-VK.robustness.robustness2.bind.notemplate.r32f.unroll.nonvolatile.uniform_texel_buffer.no_fmt_qual.len_256.samples_1.1d.comp	Fail	Fail
dEQP-VK.robustness.robustness2.bind.notemplate.r32f.unroll.nonvolatile.uniform_texel_buffer.no_fmt_qual.len_256.samples_1.1d.comp_compute	NotSupported	Exclusive compute queue not supported. at vktRobustnessExtsTests.cpp:737
dEQP-VK.robustness.robustness2.bind.notemplate.r32f.unroll.nonvolatile.uniform_texel_buffer.no_fmt_qual.len_256.samples_1.1d.frag	Fail	Fail
dEQP-VK.robustness.robustness2.bind.notemplate.r32f.unroll.nonvolatile.uniform_texel_buffer.no_fmt_qual.len_256.samples_1.1d.rgen	NotSupported	VK_KHR_ray_tracing_pipeline is not supported at vktTestCase.cpp:1394
dEQP-VK.robustness.robustness2.bind.notemplate.r32f.unroll.nonvolatile.uniform_texel_buffer.no_fmt_qual.len_256.samples_1.1d.rgen_compute	NotSupported	VK_KHR_ray_tracing_pipeline is not supported at vktTestCase.cpp:1394
dEQP-VK.robustness.robustness2.bind.notemplate.r32f.unroll.nonvolatile.uniform_texel_buffer.no_fmt_qual.len_256.samples_1.1d.vert	Fail	Fail
dEQP-VK.robustness.robustness2.bind.notemplate.r32f.unroll.nonvolatile.uniform_texel_buffer.no_fmt_qual.len_260.samples_1.1d.comp	Fail	Fail
dEQP-VK.robustness.robustness2.bind.notemplate.r32f.unroll.nonvolatile.uniform_texel_buffer.no_fmt_qual.len_260.samples_1.1d.comp_compute	NotSupported	Exclusive compute queue not supported. at vktRobustnessExtsTests.cpp:737
dEQP-VK.robustness.robustness2.bind.notemplate.r32f.unroll.nonvolatile.uniform_texel_buffer.no_fmt_qual.len_260.samples_1.1d.frag	Fail	Fail
dEQP-VK.robustness.robustness2.bind.notemplate.r32f.unroll.nonvolatile.uniform_texel_buffer.no_fmt_qual.len_260.samples_1.1d.rgen	NotSupported	VK_KHR_ray_tracing_pipeline is not supported at vktTestCase.cpp:1394
dEQP-VK.robustness.robustness2.bind.notemplate.r32f.unroll.nonvolatile.uniform_texel_buffer.no_fmt_qual.len_260.samples_1.1d.rgen_compute	NotSupported	VK_KHR_ray_tracing_pipeline is not supported at vktTestCase.cpp:1394
dEQP-VK.robustness.robustness2.bind.notemplate.r32f.unroll.nonvolatile.uniform_texel_buffer.no_fmt_qual.len_260.samples_1.1d.vert	Fail	Fail
dEQP-VK.robustness.robustness2.bind.notemplate.r32f.unroll.nonvolatile.uniform_texel_buffer.no_fmt_qual.len_32.samples_1.1d.comp	Fail	Fail
dEQP-VK.robustness.robustness2.bind.notemplate.r32f.unroll.nonvolatile.uniform_texel_buffer.no_fmt_qual.len_32.samples_1.1d.comp_compute	NotSupported	Exclusive compute queue not supported. at vktRobustnessExtsTests.cpp:737
dEQP-VK.robustness.robustness2.bind.notemplate.r32f.unroll.nonvolatile.uniform_texel_buffer.no_fmt_qual.len_32.samples_1.1d.frag	Fail	Fail
dEQP-VK.robustness.robustness2.bind.notemplate.r32f.unroll.nonvolatile.uniform_texel_buffer.no_fmt_qual.len_32.samples_1.1d.rgen	NotSupported	VK_KHR_ray_tracing_pipeline is not supported at vktTestCase.cpp:1394
dEQP-VK.robustness.robustness2.bind.notemplate.r32f.unroll.nonvolatile.uniform_texel_buffer.no_fmt_qual.len_32.samples_1.1d.rgen_compute	NotSupported	VK_KHR_ray_tracing_pipeline is not supported at vktTestCase.cpp:1394
dEQP-VK.robustness.robustness2.bind.notemplate.r32f.unroll.nonvolatile.uniform_texel_buffer.no_fmt_qual.len_32.samples_1.1d.vert	Fail	Fail
dEQP-VK.robustness.robustness2.bind.notemplate.r32f.unroll.nonvolatile.uniform_texel_buffer.no_fmt_qual.len_36.samples_1.1d.comp	Fail	Fail
dEQP-VK.robustness.robustness2.bind.notemplate.r32f.unroll.nonvolatile.uniform_texel_buffer.no_fmt_qual.len_36.samples_1.1d.comp_compute	NotSupported	Exclusive compute queue not supported. at vktRobustnessExtsTests.cpp:737
dEQP-VK.robustness.robustness2.bind.notemplate.r32f.unroll.nonvolatile.uniform_texel_buffer.no_fmt_qual.len_36.samples_1.1d.frag	Fail	Fail
dEQP-VK.robustness.robustness2.bind.notemplate.r32f.unroll.nonvolatile.uniform_texel_buffer.no_fmt_qual.len_36.samples_1.1d.rgen	NotSupported	VK_KHR_ray_tracing_pipeline is not supported at vktTestCase.cpp:1394
dEQP-VK.robustness.robustness2.bind.notemplate.r32f.unroll.nonvolatile.uniform_texel_buffer.no_fmt_qual.len_36.samples_1.1d.rgen_compute	NotSupported	VK_KHR_ray_tracing_pipeline is not supported at vktTestCase.cpp:1394
dEQP-VK.robustness.robustness2.bind.notemplate.r32f.unroll.nonvolatile.uniform_texel_buffer.no_fmt_qual.len_36.samples_1.1d.vert	Fail	Fail
dEQP-VK.robustness.robustness2.bind.notemplate.r32f.unroll.nonvolatile.uniform_texel_buffer.no_fmt_qual.len_4.samples_1.1d.comp	Fail	Fail
dEQP-VK.robustness.robustness2.bind.notemplate.r32f.unroll.nonvolatile.uniform_texel_buffer.no_fmt_qual.len_4.samples_1.1d.comp_compute	NotSupported	Exclusive compute queue not supported. at vktRobustnessExtsTests.cpp:737
dEQP-VK.robustness.robustness2.bind.notemplate.r32f.unroll.nonvolatile.uniform_texel_buffer.no_fmt_qual.len_4.samples_1.1d.frag	Fail	Fail
dEQP-VK.robustness.robustness2.bind.notemplate.r32f.unroll.nonvolatile.uniform_texel_buffer.no_fmt_qual.len_4.samples_1.1d.rgen	NotSupported	VK_KHR_ray_tracing_pipeline is not supported at vktTestCase.cpp:1394
dEQP-VK.robustness.robustness2.bind.notemplate.r32f.unroll.nonvolatile.uniform_texel_buffer.no_fmt_qual.len_4.samples_1.1d.rgen_compute	NotSupported	VK_KHR_ray_tracing_pipeline is not supported at vktTestCase.cpp:1394
dEQP-VK.robustness.robustness2.bind.notemplate.r32f.unroll.nonvolatile.uniform_texel_buffer.no_fmt_qual.len_4.samples_1.1d.vert	Fail	Fail
dEQP-VK.robustness.robustness2.bind.notemplate.r32f.unroll.nonvolatile.uniform_texel_buffer.no_fmt_qual.len_41.samples_1.1d.comp	Fail	Fail
dEQP-VK.robustness.robustness2.bind.notemplate.r32f.unroll.nonvolatile.uniform_texel_buffer.no_fmt_qual.len_41.samples_1.1d.comp_compute	NotSupported	Exclusive compute queue not supported. at vktRobustnessExtsTests.cpp:737
dEQP-VK.robustness.robustness2.bind.notemplate.r32f.unroll.nonvolatile.uniform_texel_buffer.no_fmt_qual.len_41.samples_1.1d.frag	Fail	Fail
dEQP-VK.robustness.robustness2.bind.notemplate.r32f.unroll.nonvolatile.uniform_texel_buffer.no_fmt_qual.len_41.samples_1.1d.rgen	NotSupported	VK_KHR_ray_tracing_pipeline is not supported at vktTestCase.cpp:1394
dEQP-VK.robustness.robustness2.bind.notemplate.r32f.unroll.nonvolatile.uniform_texel_buffer.no_fmt_qual.len_41.samples_1.1d.rgen_compute	NotSupported	VK_KHR_ray_tracing_pipeline is not supported at vktTestCase.cpp:1394
dEQP-VK.robustness.robustness2.bind.notemplate.r32f.unroll.nonvolatile.uniform_texel_buffer.no_fmt_qual.len_41.samples_1.1d.vert	Fail	Fail
dEQP-VK.robustness.robustness2.bind.notemplate.r32f.unroll.nonvolatile.uniform_texel_buffer.no_fmt_qual.len_8.samples_1.1d.comp	Fail	Fail
dEQP-VK.robustness.robustness2.bind.notemplate.r32f.unroll.nonvolatile.uniform_texel_buffer.no_fmt_qual.len_8.samples_1.1d.comp_compute	NotSupported	Exclusive compute queue not supported. at vktRobustnessExtsTests.cpp:737
dEQP-VK.robustness.robustness2.bind.notemplate.r32f.unroll.nonvolatile.uniform_texel_buffer.no_fmt_qual.len_8.samples_1.1d.frag	Fail	Fail
dEQP-VK.robustness.robustness2.bind.notemplate.r32f.unroll.nonvolatile.uniform_texel_buffer.no_fmt_qual.len_8.samples_1.1d.rgen	NotSupported	VK_KHR_ray_tracing_pipeline is not supported at vktTestCase.cpp:1394
dEQP-VK.robustness.robustness2.bind.notemplate.r32f.unroll.nonvolatile.uniform_texel_buffer.no_fmt_qual.len_8.samples_1.1d.rgen_compute	NotSupported	VK_KHR_ray_tracing_pipeline is not supported at vktTestCase.cpp:1394
dEQP-VK.robustness.robustness2.bind.notemplate.r32f.unroll.nonvolatile.uniform_texel_buffer.no_fmt_qual.len_8.samples_1.1d.vert	Fail	Fail
dEQP-VK.robustness.robustness2.bind.notemplate.r32f.unroll.nonvolatile.uniform_texel_buffer.no_fmt_qual.null_descriptor.samples_1.1d.comp	Pass	Pass
dEQP-VK.robustness.robustness2.bind.notemplate.r32f.unroll.nonvolatile.uniform_texel_buffer.no_fmt_qual.null_descriptor.samples_1.1d.comp_compute	NotSupported	Exclusive compute queue not supported. at vktRobustnessExtsTests.cpp:737
dEQP-VK.robustness.robustness2.bind.notemplate.r32f.unroll.nonvolatile.uniform_texel_buffer.no_fmt_qual.null_descriptor.samples_1.1d.frag	Pass	Pass
dEQP-VK.robustness.robustness2.bind.notemplate.r32f.unroll.nonvolatile.uniform_texel_buffer.no_fmt_qual.null_descriptor.samples_1.1d.rgen	NotSupported	VK_KHR_ray_tracing_pipeline is not supported at vktTestCase.cpp:1394
dEQP-VK.robustness.robustness2.bind.notemplate.r32f.unroll.nonvolatile.uniform_texel_buffer.no_fmt_qual.null_descriptor.samples_1.1d.rgen_compute	NotSupported	VK_KHR_ray_tracing_pipeline is not supported at vktTestCase.cpp:1394
dEQP-VK.robustness.robustness2.bind.notemplate.r32f.unroll.nonvolatile.uniform_texel_buffer.no_fmt_qual.null_descriptor.samples_1.1d.vert	Pass	Pass
dEQP-VK.robustness.robustness2.bind.notemplate.r32f.unroll.nonvolatile.vertex_attribute_fetch.no_fmt_qual.len_252.samples_1.1d.vert	Fail	Fail
dEQP-VK.robustness.robustness2.bind.notemplate.r32f.unroll.nonvolatile.vertex_attribute_fetch.no_fmt_qual.len_32.samples_1.1d.vert	Fail	Fail
dEQP-VK.robustness.robustness2.bind.notemplate.r32f.unroll.nonvolatile.vertex_attribute_fetch.no_fmt_qual.len_39.samples_1.1d.vert	Fail	Fail
dEQP-VK.robustness.robustness2.bind.notemplate.r32f.unroll.nonvolatile.vertex_attribute_fetch.no_fmt_qual.null_descriptor.samples_1.1d.vert	Fail	Fail
dEQP-VK.robustness.robustness2.bind.notemplate.r32i.unroll.nonvolatile.sampled_image.no_fmt_qual.img.samples_1.1d.rgen	NotSupported	VK_KHR_ray_tracing_pipeline is not supported at vktTestCase.cpp:1394
dEQP-VK.robustness.robustness2.bind.notemplate.r32i.unroll.nonvolatile.sampled_image.no_fmt_qual.img.samples_1.1d_array.comp_compute	NotSupported	robustImageAccess2 not supported at vktRobustnessExtsTests.cpp:665
dEQP-VK.robustness.robustness2.bind.notemplate.r32i.unroll.nonvolatile.sampled_image.no_fmt_qual.img.samples_1.1d_array.vert	NotSupported	robustImageAccess2 not supported at vktRobustnessExtsTests.cpp:665
dEQP-VK.robustness.robustness2.bind.notemplate.r32i.unroll.nonvolatile.sampled_image.no_fmt_qual.img.samples_1.2d.rgen	NotSupported	VK_KHR_ray_tracing_pipeline is not supported at vktTestCase.cpp:1394
dEQP-VK.robustness.robustness2.bind.notemplate.r32i.unroll.nonvolatile.sampled_image.no_fmt_qual.img.samples_1.2d_array.comp_compute	NotSupported	robustImageAccess2 not supported at vktRobustnessExtsTests.cpp:665
dEQP-VK.robustness.robustness2.bind.notemplate.r32i.unroll.nonvolatile.sampled_image.no_fmt_qual.img.samples_1.2d_array.vert	NotSupported	robustImageAccess2 not supported at vktRobustnessExtsTests.cpp:665
dEQP-VK.robustness.robustness2.bind.notemplate.r32i.unroll.nonvolatile.sampled_image.no_fmt_qual.img.samples_1.3d.rgen	NotSupported	VK_KHR_ray_tracing_pipeline is not supported at vktTestCase.cpp:1394
dEQP-VK.robustness.robustness2.bind.notemplate.r32i.unroll.nonvolatile.sampled_image.no_fmt_qual.img.samples_1.cube.comp_compute	NotSupported	robustImageAccess2 not supported at vktRobustnessExtsTests.cpp:665
dEQP-VK.robustness.robustness2.bind.notemplate.r32i.unroll.nonvolatile.sampled_image.no_fmt_qual.img.samples_1.cube.vert	NotSupported	robustImageAccess2 not supported at vktRobustnessExtsTests.cpp:665
dEQP-VK.robustness.robustness2.bind.notemplate.r32i.unroll.nonvolatile.sampled_image.no_fmt_qual.img.samples_1.cube_array.rgen	NotSupported	VK_KHR_ray_tracing_pipeline is not supported at vktTestCase.cpp:1394
dEQP-VK.robustness.robustness2.bind.notemplate.r32i.unroll.nonvolatile.sampled_image.no_fmt_qual.img.samples_4.2d.comp_compute	NotSupported	robustImageAccess2 not supported at vktRobustnessExtsTests.cpp:665
dEQP-VK.robustness.robustness2.bind.notemplate.r32i.unroll.nonvolatile.sampled_image.no_fmt_qual.img.samples_4.2d.vert	NotSupported	robustImageAccess2 not supported at vktRobustnessExtsTests.cpp:665
dEQP-VK.robustness.robustness2.bind.notemplate.r32i.unroll.nonvolatile.sampled_image.no_fmt_qual.img.samples_4.2d_array.rgen	NotSupported	VK_KHR_ray_tracing_pipeline is not supported at vktTestCase.cpp:1394
dEQP-VK.robustness.robustness2.bind.notemplate.r32i.unroll.nonvolatile.sampled_image.no_fmt_qual.null_descriptor.samples_1.1d.comp_compute	NotSupported	Exclusive compute queue not supported. at vktRobustnessExtsTests.cpp:737
dEQP-VK.robustness.robustness2.bind.notemplate.r32i.unroll.nonvolatile.sampled_image.no_fmt_qual.null_descriptor.samples_1.1d.vert	Fail	Fail
dEQP-VK.robustness.robustness2.bind.notemplate.r32i.unroll.nonvolatile.sampled_image.no_fmt_qual.null_descriptor.samples_1.1d_array.rgen	NotSupported	VK_KHR_ray_tracing_pipeline is not supported at vktTestCase.cpp:1394
dEQP-VK.robustness.robustness2.bind.notemplate.r32i.unroll.nonvolatile.sampled_image.no_fmt_qual.null_descriptor.samples_1.2d.comp_compute	NotSupported	Exclusive compute queue not supported. at vktRobustnessExtsTests.cpp:737
dEQP-VK.robustness.robustness2.bind.notemplate.r32i.unroll.nonvolatile.sampled_image.no_fmt_qual.null_descriptor.samples_1.2d.vert	Fail	Fail
dEQP-VK.robustness.robustness2.bind.notemplate.r32i.unroll.nonvolatile.sampled_image.no_fmt_qual.null_descriptor.samples_1.2d_array.rgen	NotSupported	VK_KHR_ray_tracing_pipeline is not supported at vktTestCase.cpp:1394
dEQP-VK.robustness.robustness2.bind.notemplate.r32i.unroll.nonvolatile.sampled_image.no_fmt_qual.null_descriptor.samples_1.3d.comp_compute	NotSupported	Exclusive compute queue not supported. at vktRobustnessExtsTests.cpp:737
dEQP-VK.robustness.robustness2.bind.notemplate.r32i.unroll.nonvolatile.sampled_image.no_fmt_qual.null_descriptor.samples_1.3d.vert	Fail	Fail
dEQP-VK.robustness.robustness2.bind.notemplate.r32i.unroll.nonvolatile.sampled_image.no_fmt_qual.null_descriptor.samples_1.cube.rgen	NotSupported	VK_KHR_ray_tracing_pipeline is not supported at vktTestCase.cpp:1394
dEQP-VK.robustness.robustness2.bind.notemplate.r32i.unroll.nonvolatile.sampled_image.no_fmt_qual.null_descriptor.samples_1.cube_array.comp_compute	NotSupported	Exclusive compute queue not supported. at vktRobustnessExtsTests.cpp:737
dEQP-VK.robustness.robustness2.bind.notemplate.r32i.unroll.nonvolatile.sampled_image.no_fmt_qual.null_descriptor.samples_1.cube_array.vert	Fail	Fail
dEQP-VK.robustness.robustness2.bind.notemplate.r32i.unroll.nonvolatile.sampled_image.no_fmt_qual.null_descriptor.samples_4.2d.rgen	NotSupported	VK_KHR_ray_tracing_pipeline is not supported at vktTestCase.cpp:1394
dEQP-VK.robustness.robustness2.bind.notemplate.r32i.unroll.nonvolatile.sampled_image.no_fmt_qual.null_descriptor.samples_4.2d_array.comp_compute	NotSupported	Exclusive compute queue not supported. at vktRobustnessExtsTests.cpp:737
dEQP-VK.robustness.robustness2.bind.notemplate.r32i.unroll.nonvolatile.sampled_image.no_fmt_qual.null_descriptor.samples_4.2d_array.vert	Fail	Fail
dEQP-VK.robustness.robustness2.bind.notemplate.r32i.unroll.nonvolatile.storage_buffer.readonly.no_fmt_qual.len_12.samples_1.1d.rgen	NotSupported	VK_KHR_ray_tracing_pipeline is not supported at vktTestCase.cpp:1394
dEQP-VK.robustness.robustness2.bind.notemplate.r32i.unroll.nonvolatile.storage_buffer.readonly.no_fmt_qual.len_16.samples_1.1d.comp_compute	NotSupported	Exclusive compute queue not supported. at vktRobustnessExtsTests.cpp:737
dEQP-VK.robustness.robustness2.bind.notemplate.r32i.unroll.nonvolatile.storage_buffer.readonly.no_fmt_qual.len_16.samples_1.1d.vert	Pass	Pass
dEQP-VK.robustness.robustness2.bind.notemplate.r32i.unroll.nonvolatile.storage_buffer.readonly.no_fmt_qual.len_20.samples_1.1d.rgen	NotSupported	VK_KHR_ray_tracing_pipeline is not supported at vktTestCase.cpp:1394
dEQP-VK.robustness.robustness2.bind.notemplate.r32i.unroll.nonvolatile.storage_buffer.readonly.no_fmt_qual.len_252.samples_1.1d.comp_compute	NotSupported	Exclusive compute queue not supported. at vktRobustnessExtsTests.cpp:737
dEQP-VK.robustness.robustness2.bind.notemplate.r32i.unroll.nonvolatile.storage_buffer.readonly.no_fmt_qual.len_252.samples_1.1d.vert	Pass	Pass
dEQP-VK.robustness.robustness2.bind.notemplate.r32i.unroll.nonvolatile.storage_buffer.readonly.no_fmt_qual.len_256.samples_1.1d.rgen	NotSupported	VK_KHR_ray_tracing_pipeline is not supported at vktTestCase.cpp:1394
dEQP-VK.robustness.robustness2.bind.notemplate.r32i.unroll.nonvolatile.storage_buffer.readonly.no_fmt_qual.len_260.samples_1.1d.comp_compute	NotSupported	Exclusive compute queue not supported. at vktRobustnessExtsTests.cpp:737
dEQP-VK.robustness.robustness2.bind.notemplate.r32i.unroll.nonvolatile.storage_buffer.readonly.no_fmt_qual.len_260.samples_1.1d.vert	Pass	Pass
dEQP-VK.robustness.robustness2.bind.notemplate.r32i.unroll.nonvolatile.storage_buffer.readonly.no_fmt_qual.len_31.samples_1.1d.rgen	NotSupported	VK_KHR_ray_tracing_pipeline is not supported at vktTestCase.cpp:1394
dEQP-VK.robustness.robustness2.bind.notemplate.r32i.unroll.nonvolatile.storage_buffer.readonly.no_fmt_qual.len_32.samples_1.1d.comp_compute	NotSupported	Exclusive compute queue not supported. at vktRobustnessExtsTests.cpp:737
dEQP-VK.robustness.robustness2.bind.notemplate.r32i.unroll.nonvolatile.storage_buffer.readonly.no_fmt_qual.len_32.samples_1.1d.vert	Pass	Pass
dEQP-VK.robustness.robustness2.bind.notemplate.r32i.unroll.nonvolatile.storage_buffer.readonly.no_fmt_qual.len_33.samples_1.1d.rgen	NotSupported	VK_KHR_ray_tracing_pipeline is not supported at vktTestCase.cpp:1394
dEQP-VK.robustness.robustness2.bind.notemplate.r32i.unroll.nonvolatile.storage_buffer.readonly.no_fmt_qual.len_35.samples_1.1d.comp_compute	NotSupported	Exclusive compute queue not supported. at vktRobustnessExtsTests.cpp:737
dEQP-VK.robustness.robustness2.bind.notemplate.r32i.unroll.nonvolatile.storage_buffer.readonly.no_fmt_qual.len_35.samples_1.1d.vert	Pass	Pass
dEQP-VK.robustness.robustness2.bind.notemplate.r32i.unroll.nonvolatile.storage_buffer.readonly.no_fmt_qual.len_36.samples_1.1d.rgen	NotSupported	VK_KHR_ray_tracing_pipeline is not supported at vktTestCase.cpp:1394
dEQP-VK.robustness.robustness2.bind.notemplate.r32i.unroll.nonvolatile.storage_buffer.readonly.no_fmt_qual.len_39.samples_1.1d.comp_compute	NotSupported	Exclusive compute queue not supported. at vktRobustnessExtsTests.cpp:737
dEQP-VK.robustness.robustness2.bind.notemplate.r32i.unroll.nonvolatile.storage_buffer.readonly.no_fmt_qual.len_39.samples_1.1d.vert	Pass	Pass
dEQP-VK.robustness.robustness2.bind.notemplate.r32i.unroll.nonvolatile.storage_buffer.readonly.no_fmt_qual.len_4.samples_1.1d.rgen	NotSupported	VK_KHR_ray_tracing_pipeline is not supported at vktTestCase.cpp:1394
dEQP-VK.robustness.robustness2.bind.notemplate.r32i.unroll.nonvolatile.storage_buffer.readonly.no_fmt_qual.len_41.samples_1.1d.comp_compute	NotSupported	Exclusive compute queue not supported. at vktRobustnessExtsTests.cpp:737
dEQP-VK.robustness.robustness2.bind.notemplate.r32i.unroll.nonvolatile.storage_buffer.readonly.no_fmt_qual.len_41.samples_1.1d.vert	Pass	Pass
dEQP-VK.robustness.robustness2.bind.notemplate.r32i.unroll.nonvolatile.storage_buffer.readonly.no_fmt_qual.len_8.samples_1.1d.rgen	NotSupported	VK_KHR_ray_tracing_pipeline is not supported at vktTestCase.cpp:1394
dEQP-VK.robustness.robustness2.bind.notemplate.r32i.unroll.nonvolatile.storage_buffer.readonly.no_fmt_qual.null_descriptor.samples_1.1d.comp_compute	NotSupported	Exclusive compute queue not supported. at vktRobustnessExtsTests.cpp:737
dEQP-VK.robustness.robustness2.bind.notemplate.r32i.unroll.nonvolatile.storage_buffer.readonly.no_fmt_qual.null_descriptor.samples_1.1d.vert	Pass	Pass
dEQP-VK.robustness.robustness2.bind.notemplate.r32i.unroll.nonvolatile.storage_buffer.readwrite.no_fmt_qual.len_12.samples_1.1d.rgen	NotSupported	VK_KHR_ray_tracing_pipeline is not supported at vktTestCase.cpp:1394
dEQP-VK.robustness.robustness2.bind.notemplate.r32i.unroll.nonvolatile.storage_buffer.readwrite.no_fmt_qual.len_16.samples_1.1d.comp_compute	NotSupported	Exclusive compute queue not supported. at vktRobustnessExtsTests.cpp:737
dEQP-VK.robustness.robustness2.bind.notemplate.r32i.unroll.nonvolatile.storage_buffer.readwrite.no_fmt_qual.len_16.samples_1.1d.vert	Pass	Pass
dEQP-VK.robustness.robustness2.bind.notemplate.r32i.unroll.nonvolatile.storage_buffer.readwrite.no_fmt_qual.len_20.samples_1.1d.rgen	NotSupported	VK_KHR_ray_tracing_pipeline is not supported at vktTestCase.cpp:1394
dEQP-VK.robustness.robustness2.bind.notemplate.r32i.unroll.nonvolatile.storage_buffer.readwrite.no_fmt_qual.len_252.samples_1.1d.comp_compute	NotSupported	Exclusive compute queue not supported. at vktRobustnessExtsTests.cpp:737
dEQP-VK.robustness.robustness2.bind.notemplate.r32i.unroll.nonvolatile.storage_buffer.readwrite.no_fmt_qual.len_252.samples_1.1d.vert	Pass	Pass
dEQP-VK.robustness.robustness2.bind.notemplate.r32i.unroll.nonvolatile.storage_buffer.readwrite.no_fmt_qual.len_256.samples_1.1d.rgen	NotSupported	VK_KHR_ray_tracing_pipeline is not supported at vktTestCase.cpp:1394
dEQP-VK.robustness.robustness2.bind.notemplate.r32i.unroll.nonvolatile.storage_buffer.readwrite.no_fmt_qual.len_260.samples_1.1d.comp_compute	NotSupported	Exclusive compute queue not supported. at vktRobustnessExtsTests.cpp:737
dEQP-VK.robustness.robustness2.bind.notemplate.r32i.unroll.nonvolatile.storage_buffer.readwrite.no_fmt_qual.len_260.samples_1.1d.vert	Pass	Pass
dEQP-VK.robustness.robustness2.bind.notemplate.r32i.unroll.nonvolatile.storage_buffer.readwrite.no_fmt_qual.len_31.samples_1.1d.rgen	NotSupported	VK_KHR_ray_tracing_pipeline is not supported at vktTestCase.cpp:1394
dEQP-VK.robustness.robustness2.bind.notemplate.r32i.unroll.nonvolatile.storage_buffer.readwrite.no_fmt_qual.len_32.samples_1.1d.comp_compute	NotSupported	Exclusive compute queue not supported. at vktRobustnessExtsTests.cpp:737
dEQP-VK.robustness.robustness2.bind.notemplate.r32i.unroll.nonvolatile.storage_buffer.readwrite.no_fmt_qual.len_32.samples_1.1d.vert	Pass	Pass
dEQP-VK.robustness.robustness2.bind.notemplate.r32i.unroll.nonvolatile.storage_buffer.readwrite.no_fmt_qual.len_33.samples_1.1d.rgen	NotSupported	VK_KHR_ray_tracing_pipeline is not supported at vktTestCase.cpp:1394
dEQP-VK.robustness.robustness2.bind.notemplate.r32i.unroll.nonvolatile.storage_buffer.readwrite.no_fmt_qual.len_35.samples_1.1d.comp_compute	NotSupported	Exclusive compute queue not supported. at vktRobustnessExtsTests.cpp:737
dEQP-VK.robustness.robustness2.bind.notemplate.r32i.unroll.nonvolatile.storage_buffer.readwrite.no_fmt_qual.len_35.samples_1.1d.vert	Pass	Pass
dEQP-VK.robustness.robustness2.bind.notemplate.r32i.unroll.nonvolatile.storage_buffer.readwrite.no_fmt_qual.len_36.samples_1.1d.rgen	NotSupported	VK_KHR_ray_tracing_pipeline is not supported at vktTestCase.cpp:1394
dEQP-VK.robustness.robustness2.bind.notemplate.r32i.unroll.nonvolatile.storage_buffer.readwrite.no_fmt_qual.len_39.samples_1.1d.comp_compute	NotSupported	Exclusive compute queue not supported. at vktRobustnessExtsTests.cpp:737
dEQP-VK.robustness.robustness2.bind.notemplate.r32i.unroll.nonvolatile.storage_buffer.readwrite.no_fmt_qual.len_39.samples_1.1d.vert	Pass	Pass
dEQP-VK.robustness.robustness2.bind.notemplate.r32i.unroll.nonvolatile.storage_buffer.readwrite.no_fmt_qual.len_4.samples_1.1d.rgen	NotSupported	VK_KHR_ray_tracing_pipeline is not supported at vktTestCase.cpp:1394
dEQP-VK.robustness.robustness2.bind.notemplate.r32i.unroll.nonvolatile.storage_buffer.readwrite.no_fmt_qual.len_41.samples_1.1d.comp_compute	NotSupported	Exclusive compute queue not supported. at vktRobustnessExtsTests.cpp:737
dEQP-VK.robustness.robustness2.bind.notemplate.r32i.unroll.nonvolatile.storage_buffer.readwrite.no_fmt_qual.len_41.samples_1.1d.vert	Pass	Pass
dEQP-VK.robustness.robustness2.bind.notemplate.r32i.unroll.nonvolatile.storage_buffer.readwrite.no_fmt_qual.len_8.samples_1.1d.rgen	NotSupported	VK_KHR_ray_tracing_pipeline is not supported at vktTestCase.cpp:1394
dEQP-VK.robustness.robustness2.bind.notemplate.r32i.unroll.nonvolatile.storage_buffer.readwrite.no_fmt_qual.null_descriptor.samples_1.1d.comp_compute	NotSupported	Exclusive compute queue not supported. at vktRobustnessExtsTests.cpp:737
dEQP-VK.robustness.robustness2.bind.notemplate.r32i.unroll.nonvolatile.storage_buffer.readwrite.no_fmt_qual.null_descriptor.samples_1.1d.vert	Pass	Pass
dEQP-VK.robustness.robustness2.bind.notemplate.r32i.unroll.nonvolatile.storage_buffer_dynamic.readonly.no_fmt_qual.len_12.samples_1.1d.rgen	NotSupported	VK_KHR_ray_tracing_pipeline is not supported at vktTestCase.cpp:1394
dEQP-VK.robustness.robustness2.bind.notemplate.r32i.unroll.nonvolatile.storage_buffer_dynamic.readonly.no_fmt_qual.len_16.samples_1.1d.comp_compute	NotSupported	Exclusive compute queue not supported. at vktRobustnessExtsTests.cpp:737
dEQP-VK.robustness.robustness2.bind.notemplate.r32i.unroll.nonvolatile.storage_buffer_dynamic.readonly.no_fmt_qual.len_16.samples_1.1d.vert	Pass	Pass
dEQP-VK.robustness.robustness2.bind.notemplate.r32i.unroll.nonvolatile.storage_buffer_dynamic.readonly.no_fmt_qual.len_20.samples_1.1d.rgen	NotSupported	VK_KHR_ray_tracing_pipeline is not supported at vktTestCase.cpp:1394
dEQP-VK.robustness.robustness2.bind.notemplate.r32i.unroll.nonvolatile.storage_buffer_dynamic.readonly.no_fmt_qual.len_252.samples_1.1d.comp_compute	NotSupported	Exclusive compute queue not supported. at vktRobustnessExtsTests.cpp:737
dEQP-VK.robustness.robustness2.bind.notemplate.r32i.unroll.nonvolatile.storage_buffer_dynamic.readonly.no_fmt_qual.len_252.samples_1.1d.vert	Pass	Pass
dEQP-VK.robustness.robustness2.bind.notemplate.r32i.unroll.nonvolatile.storage_buffer_dynamic.readonly.no_fmt_qual.len_256.samples_1.1d.rgen	NotSupported	VK_KHR_ray_tracing_pipeline is not supported at vktTestCase.cpp:1394
dEQP-VK.robustness.robustness2.bind.notemplate.r32i.unroll.nonvolatile.storage_buffer_dynamic.readonly.no_fmt_qual.len_260.samples_1.1d.comp_compute	NotSupported	Exclusive compute queue not supported. at vktRobustnessExtsTests.cpp:737
dEQP-VK.robustness.robustness2.bind.notemplate.r32i.unroll.nonvolatile.storage_buffer_dynamic.readonly.no_fmt_qual.len_260.samples_1.1d.vert	Pass	Pass
dEQP-VK.robustness.robustness2.bind.notemplate.r32i.unroll.nonvolatile.storage_buffer_dynamic.readonly.no_fmt_qual.len_31.samples_1.1d.rgen	NotSupported	VK_KHR_ray_tracing_pipeline is not supported at vktTestCase.cpp:1394
dEQP-VK.robustness.robustness2.bind.notemplate.r32i.unroll.nonvolatile.storage_buffer_dynamic.readonly.no_fmt_qual.len_32.samples_1.1d.comp_compute	NotSupported	Exclusive compute queue not supported. at vktRobustnessExtsTests.cpp:737
dEQP-VK.robustness.robustness2.bind.notemplate.r32i.unroll.nonvolatile.storage_buffer_dynamic.readonly.no_fmt_qual.len_32.samples_1.1d.vert	Pass	Pass
dEQP-VK.robustness.robustness2.bind.notemplate.r32i.unroll.nonvolatile.storage_buffer_dynamic.readonly.no_fmt_qual.len_33.samples_1.1d.rgen	NotSupported	VK_KHR_ray_tracing_pipeline is not supported at vktTestCase.cpp:1394
dEQP-VK.robustness.robustness2.bind.notemplate.r32i.unroll.nonvolatile.storage_buffer_dynamic.readonly.no_fmt_qual.len_35.samples_1.1d.comp_compute	NotSupported	Exclusive compute queue not supported. at vktRobustnessExtsTests.cpp:737
dEQP-VK.robustness.robustness2.bind.notemplate.r32i.unroll.nonvolatile.storage_buffer_dynamic.readonly.no_fmt_qual.len_35.samples_1.1d.vert	Pass	Pass
dEQP-VK.robustness.robustness2.bind.notemplate.r32i.unroll.nonvolatile.storage_buffer_dynamic.readonly.no_fmt_qual.len_36.samples_1.1d.rgen	NotSupported	VK_KHR_ray_tracing_pipeline is not supported at vktTestCase.cpp:1394
dEQP-VK.robustness.robustness2.bind.notemplate.r32i.unroll.nonvolatile.storage_buffer_dynamic.readonly.no_fmt_qual.len_39.samples_1.1d.comp_compute	NotSupported	Exclusive compute queue not supported. at vktRobustnessExtsTests.cpp:737
dEQP-VK.robustness.robustness2.bind.notemplate.r32i.unroll.nonvolatile.storage_buffer_dynamic.readonly.no_fmt_qual.len_39.samples_1.1d.vert	Pass	Pass
dEQP-VK.robustness.robustness2.bind.notemplate.r32i.unroll.nonvolatile.storage_buffer_dynamic.readonly.no_fmt_qual.len_4.samples_1.1d.rgen	NotSupported	VK_KHR_ray_tracing_pipeline is not supported at vktTestCase.cpp:1394
dEQP-VK.robustness.robustness2.bind.notemplate.r32i.unroll.nonvolatile.storage_buffer_dynamic.readonly.no_fmt_qual.len_41.samples_1.1d.comp_compute	NotSupported	Exclusive compute queue not supported. at vktRobustnessExtsTests.cpp:737
dEQP-VK.robustness.robustness2.bind.notemplate.r32i.unroll.nonvolatile.storage_buffer_dynamic.readonly.no_fmt_qual.len_41.samples_1.1d.vert	Pass	Pass
dEQP-VK.robustness.robustness2.bind.notemplate.r32i.unroll.nonvolatile.storage_buffer_dynamic.readonly.no_fmt_qual.len_8.samples_1.1d.rgen	NotSupported	VK_KHR_ray_tracing_pipeline is not supported at vktTestCase.cpp:1394
dEQP-VK.robustness.robustness2.bind.notemplate.r32i.unroll.nonvolatile.storage_buffer_dynamic.readonly.no_fmt_qual.null_descriptor.samples_1.1d.comp_compute	NotSupported	Exclusive compute queue not supported. at vktRobustnessExtsTests.cpp:737
dEQP-VK.robustness.robustness2.bind.notemplate.r32i.unroll.nonvolatile.storage_buffer_dynamic.readonly.no_fmt_qual.null_descriptor.samples_1.1d.vert	Pass	Pass
dEQP-VK.robustness.robustness2.bind.notemplate.r32i.unroll.nonvolatile.storage_buffer_dynamic.readwrite.no_fmt_qual.len_12.samples_1.1d.rgen	NotSupported	VK_KHR_ray_tracing_pipeline is not supported at vktTestCase.cpp:1394
dEQP-VK.robustness.robustness2.bind.notemplate.r32i.unroll.nonvolatile.storage_buffer_dynamic.readwrite.no_fmt_qual.len_16.samples_1.1d.comp_compute	NotSupported	Exclusive compute queue not supported. at vktRobustnessExtsTests.cpp:737
dEQP-VK.robustness.robustness2.bind.notemplate.r32i.unroll.nonvolatile.storage_buffer_dynamic.readwrite.no_fmt_qual.len_16.samples_1.1d.vert	Pass	Pass
dEQP-VK.robustness.robustness2.bind.notemplate.r32i.unroll.nonvolatile.storage_buffer_dynamic.readwrite.no_fmt_qual.len_20.samples_1.1d.rgen	NotSupported	VK_KHR_ray_tracing_pipeline is not supported at vktTestCase.cpp:1394
dEQP-VK.robustness.robustness2.bind.notemplate.r32i.unroll.nonvolatile.storage_buffer_dynamic.readwrite.no_fmt_qual.len_252.samples_1.1d.comp_compute	NotSupported	Exclusive compute queue not supported. at vktRobustnessExtsTests.cpp:737
dEQP-VK.robustness.robustness2.bind.notemplate.r32i.unroll.nonvolatile.storage_buffer_dynamic.readwrite.no_fmt_qual.len_252.samples_1.1d.vert	Pass	Pass
dEQP-VK.robustness.robustness2.bind.notemplate.r32i.unroll.nonvolatile.storage_buffer_dynamic.readwrite.no_fmt_qual.len_256.samples_1.1d.rgen	NotSupported	VK_KHR_ray_tracing_pipeline is not supported at vktTestCase.cpp:1394
dEQP-VK.robustness.robustness2.bind.notemplate.r32i.unroll.nonvolatile.storage_buffer_dynamic.readwrite.no_fmt_qual.len_260.samples_1.1d.comp_compute	NotSupported	Exclusive compute queue not supported. at vktRobustnessExtsTests.cpp:737
dEQP-VK.robustness.robustness2.bind.notemplate.r32i.unroll.nonvolatile.storage_buffer_dynamic.readwrite.no_fmt_qual.len_260.samples_1.1d.vert	Pass	Pass
dEQP-VK.robustness.robustness2.bind.notemplate.r32i.unroll.nonvolatile.storage_buffer_dynamic.readwrite.no_fmt_qual.len_31.samples_1.1d.rgen	NotSupported	VK_KHR_ray_tracing_pipeline is not supported at vktTestCase.cpp:1394
dEQP-VK.robustness.robustness2.bind.notemplate.r32i.unroll.nonvolatile.storage_buffer_dynamic.readwrite.no_fmt_qual.len_32.samples_1.1d.comp_compute	NotSupported	Exclusive compute queue not supported. at vktRobustnessExtsTests.cpp:737
dEQP-VK.robustness.robustness2.bind.notemplate.r32i.unroll.nonvolatile.storage_buffer_dynamic.readwrite.no_fmt_qual.len_32.samples_1.1d.vert	Pass	Pass
dEQP-VK.robustness.robustness2.bind.notemplate.r32i.unroll.nonvolatile.storage_buffer_dynamic.readwrite.no_fmt_qual.len_33.samples_1.1d.rgen	NotSupported	VK_KHR_ray_tracing_pipeline is not supported at vktTestCase.cpp:1394
dEQP-VK.robustness.robustness2.bind.notemplate.r32i.unroll.nonvolatile.storage_buffer_dynamic.readwrite.no_fmt_qual.len_35.samples_1.1d.comp_compute	NotSupported	Exclusive compute queue not supported. at vktRobustnessExtsTests.cpp:737
dEQP-VK.robustness.robustness2.bind.notemplate.r32i.unroll.nonvolatile.storage_buffer_dynamic.readwrite.no_fmt_qual.len_35.samples_1.1d.vert	Pass	Pass
dEQP-VK.robustness.robustness2.bind.notemplate.r32i.unroll.nonvolatile.storage_buffer_dynamic.readwrite.no_fmt_qual.len_36.samples_1.1d.rgen	NotSupported	VK_KHR_ray_tracing_pipeline is not supported at vktTestCase.cpp:1394
dEQP-VK.robustness.robustness2.bind.notemplate.r32i.unroll.nonvolatile.storage_buffer_dynamic.readwrite.no_fmt_qual.len_39.samples_1.1d.comp_compute	NotSupported	Exclusive compute queue not supported. at vktRobustnessExtsTests.cpp:737
dEQP-VK.robustness.robustness2.bind.notemplate.r32i.unroll.nonvolatile.storage_buffer_dynamic.readwrite.no_fmt_qual.len_39.samples_1.1d.vert	Pass	Pass
dEQP-VK.robustness.robustness2.bind.notemplate.r32i.unroll.nonvolatile.storage_buffer_dynamic.readwrite.no_fmt_qual.len_4.samples_1.1d.rgen	NotSupported	VK_KHR_ray_tracing_pipeline is not supported at vktTestCase.cpp:1394
dEQP-VK.robustness.robustness2.bind.notemplate.r32i.unroll.nonvolatile.storage_buffer_dynamic.readwrite.no_fmt_qual.len_41.samples_1.1d.comp_compute	NotSupported	Exclusive compute queue not supported. at vktRobustnessExtsTests.cpp:737
dEQP-VK.robustness.robustness2.bind.notemplate.r32i.unroll.nonvolatile.storage_buffer_dynamic.readwrite.no_fmt_qual.len_41.samples_1.1d.vert	Pass	Pass
dEQP-VK.robustness.robustness2.bind.notemplate.r32i.unroll.nonvolatile.storage_buffer_dynamic.readwrite.no_fmt_qual.len_8.samples_1.1d.rgen	NotSupported	VK_KHR_ray_tracing_pipeline is not supported at vktTestCase.cpp:1394
dEQP-VK.robustness.robustness2.bind.notemplate.r32i.unroll.nonvolatile.storage_buffer_dynamic.readwrite.no_fmt_qual.null_descriptor.samples_1.1d.comp_compute	NotSupported	Exclusive compute queue not supported. at vktRobustnessExtsTests.cpp:737
dEQP-VK.robustness.robustness2.bind.notemplate.r32i.unroll.nonvolatile.storage_buffer_dynamic.readwrite.no_fmt_qual.null_descriptor.samples_1.1d.vert	Pass	Pass
dEQP-VK.robustness.robustness2.bind.notemplate.r32i.unroll.nonvolatile.storage_image.fmt_qual.img.samples_1.1d.rgen	NotSupported	VK_KHR_ray_tracing_pipeline is not supported at vktTestCase.cpp:1394
dEQP-VK.robustness.robustness2.bind.notemplate.r32i.unroll.nonvolatile.storage_image.fmt_qual.img.samples_1.1d_array.comp_compute	NotSupported	robustImageAccess2 not supported at vktRobustnessExtsTests.cpp:665
dEQP-VK.robustness.robustness2.bind.notemplate.r32i.unroll.nonvolatile.storage_image.fmt_qual.img.samples_1.1d_array.vert	NotSupported	robustImageAccess2 not supported at vktRobustnessExtsTests.cpp:665
dEQP-VK.robustness.robustness2.bind.notemplate.r32i.unroll.nonvolatile.storage_image.fmt_qual.img.samples_1.2d.rgen	NotSupported	VK_KHR_ray_tracing_pipeline is not supported at vktTestCase.cpp:1394
dEQP-VK.robustness.robustness2.bind.notemplate.r32i.unroll.nonvolatile.storage_image.fmt_qual.img.samples_1.2d_array.comp_compute	NotSupported	robustImageAccess2 not supported at vktRobustnessExtsTests.cpp:665
dEQP-VK.robustness.robustness2.bind.notemplate.r32i.unroll.nonvolatile.storage_image.fmt_qual.img.samples_1.2d_array.vert	NotSupported	robustImageAccess2 not supported at vktRobustnessExtsTests.cpp:665
dEQP-VK.robustness.robustness2.bind.notemplate.r32i.unroll.nonvolatile.storage_image.fmt_qual.img.samples_1.3d.rgen	NotSupported	VK_KHR_ray_tracing_pipeline is not supported at vktTestCase.cpp:1394
dEQP-VK.robustness.robustness2.bind.notemplate.r32i.unroll.nonvolatile.storage_image.fmt_qual.img.samples_1.cube.comp_compute	NotSupported	robustImageAccess2 not supported at vktRobustnessExtsTests.cpp:665
dEQP-VK.robustness.robustness2.bind.notemplate.r32i.unroll.nonvolatile.storage_image.fmt_qual.img.samples_1.cube.vert	NotSupported	robustImageAccess2 not supported at vktRobustnessExtsTests.cpp:665
dEQP-VK.robustness.robustness2.bind.notemplate.r32i.unroll.nonvolatile.storage_image.fmt_qual.img.samples_1.cube_array.rgen	NotSupported	VK_KHR_ray_tracing_pipeline is not supported at vktTestCase.cpp:1394
dEQP-VK.robustness.robustness2.bind.notemplate.r32i.unroll.nonvolatile.storage_image.fmt_qual.img.samples_4.2d.comp_compute	NotSupported	robustImageAccess2 not supported at vktRobustnessExtsTests.cpp:665
dEQP-VK.robustness.robustness2.bind.notemplate.r32i.unroll.nonvolatile.storage_image.fmt_qual.img.samples_4.2d.vert	NotSupported	robustImageAccess2 not supported at vktRobustnessExtsTests.cpp:665
dEQP-VK.robustness.robustness2.bind.notemplate.r32i.unroll.nonvolatile.storage_image.fmt_qual.img.samples_4.2d_array.rgen	NotSupported	VK_KHR_ray_tracing_pipeline is not supported at vktTestCase.cpp:1394
dEQP-VK.robustness.robustness2.bind.notemplate.r32i.unroll.nonvolatile.storage_image.fmt_qual.null_descriptor.samples_1.1d.comp_compute	NotSupported	Exclusive compute queue not supported. at vktRobustnessExtsTests.cpp:737
dEQP-VK.robustness.robustness2.bind.notemplate.r32i.unroll.nonvolatile.storage_image.fmt_qual.null_descriptor.samples_1.1d.vert	Pass	Pass
dEQP-VK.robustness.robustness2.bind.notemplate.r32i.unroll.nonvolatile.storage_image.fmt_qual.null_descriptor.samples_1.1d_array.rgen	NotSupported	VK_KHR_ray_tracing_pipeline is not supported at vktTestCase.cpp:1394
dEQP-VK.robustness.robustness2.bind.notemplate.r32i.unroll.nonvolatile.storage_image.fmt_qual.null_descriptor.samples_1.2d.comp_compute	NotSupported	Exclusive compute queue not supported. at vktRobustnessExtsTests.cpp:737
dEQP-VK.robustness.robustness2.bind.notemplate.r32i.unroll.nonvolatile.storage_image.fmt_qual.null_descriptor.samples_1.2d.vert	Pass	Pass
dEQP-VK.robustness.robustness2.bind.notemplate.r32i.unroll.nonvolatile.storage_image.fmt_qual.null_descriptor.samples_1.2d_array.rgen	NotSupported	VK_KHR_ray_tracing_pipeline is not supported at vktTestCase.cpp:1394
dEQP-VK.robustness.robustness2.bind.notemplate.r32i.unroll.nonvolatile.storage_image.fmt_qual.null_descriptor.samples_1.3d.comp_compute	NotSupported	Exclusive compute queue not supported. at vktRobustnessExtsTests.cpp:737
dEQP-VK.robustness.robustness2.bind.notemplate.r32i.unroll.nonvolatile.storage_image.fmt_qual.null_descriptor.samples_1.3d.vert	Pass	Pass
dEQP-VK.robustness.robustness2.bind.notemplate.r32i.unroll.nonvolatile.storage_image.fmt_qual.null_descriptor.samples_1.cube.rgen	NotSupported	VK_KHR_ray_tracing_pipeline is not supported at vktTestCase.cpp:1394
dEQP-VK.robustness.robustness2.bind.notemplate.r32i.unroll.nonvolatile.storage_image.fmt_qual.null_descriptor.samples_1.cube_array.comp_compute	NotSupported	Exclusive compute queue not supported. at vktRobustnessExtsTests.cpp:737
dEQP-VK.robustness.robustness2.bind.notemplate.r32i.unroll.nonvolatile.storage_image.fmt_qual.null_descriptor.samples_1.cube_array.vert	Pass	Pass
dEQP-VK.robustness.robustness2.bind.notemplate.r32i.unroll.nonvolatile.storage_image.fmt_qual.null_descriptor.samples_4.2d.rgen	NotSupported	VK_KHR_ray_tracing_pipeline is not supported at vktTestCase.cpp:1394
dEQP-VK.robustness.robustness2.bind.notemplate.r32i.unroll.nonvolatile.storage_image.fmt_qual.null_descriptor.samples_4.2d_array.comp_compute	NotSupported	shaderStorageImageMultisample not supported at vktRobustnessExtsTests.cpp:685
dEQP-VK.robustness.robustness2.bind.notemplate.r32i.unroll.nonvolatile.storage_image.fmt_qual.null_descriptor.samples_4.2d_array.vert	NotSupported	shaderStorageImageMultisample not supported at vktRobustnessExtsTests.cpp:685
dEQP-VK.robustness.robustness2.bind.notemplate.r32i.unroll.nonvolatile.storage_image.no_fmt_qual.img.samples_1.1d.rgen	NotSupported	VK_KHR_ray_tracing_pipeline is not supported at vktTestCase.cpp:1394
dEQP-VK.robustness.robustness2.bind.notemplate.r32i.unroll.nonvolatile.storage_image.no_fmt_qual.img.samples_1.1d_array.comp_compute	NotSupported	robustImageAccess2 not supported at vktRobustnessExtsTests.cpp:665
dEQP-VK.robustness.robustness2.bind.notemplate.r32i.unroll.nonvolatile.storage_image.no_fmt_qual.img.samples_1.1d_array.vert	NotSupported	robustImageAccess2 not supported at vktRobustnessExtsTests.cpp:665
dEQP-VK.robustness.robustness2.bind.notemplate.r32i.unroll.nonvolatile.storage_image.no_fmt_qual.img.samples_1.2d.rgen	NotSupported	VK_KHR_ray_tracing_pipeline is not supported at vktTestCase.cpp:1394
dEQP-VK.robustness.robustness2.bind.notemplate.r32i.unroll.nonvolatile.storage_image.no_fmt_qual.img.samples_1.2d_array.comp_compute	NotSupported	robustImageAccess2 not supported at vktRobustnessExtsTests.cpp:665
dEQP-VK.robustness.robustness2.bind.notemplate.r32i.unroll.nonvolatile.storage_image.no_fmt_qual.img.samples_1.2d_array.vert	NotSupported	robustImageAccess2 not supported at vktRobustnessExtsTests.cpp:665
dEQP-VK.robustness.robustness2.bind.notemplate.r32i.unroll.nonvolatile.storage_image.no_fmt_qual.img.samples_1.3d.rgen	NotSupported	VK_KHR_ray_tracing_pipeline is not supported at vktTestCase.cpp:1394
dEQP-VK.robustness.robustness2.bind.notemplate.r32i.unroll.nonvolatile.storage_image.no_fmt_qual.img.samples_1.cube.comp_compute	NotSupported	robustImageAccess2 not supported at vktRobustnessExtsTests.cpp:665
dEQP-VK.robustness.robustness2.bind.notemplate.r32i.unroll.nonvolatile.storage_image.no_fmt_qual.img.samples_1.cube.vert	NotSupported	robustImageAccess2 not supported at vktRobustnessExtsTests.cpp:665
dEQP-VK.robustness.robustness2.bind.notemplate.r32i.unroll.nonvolatile.storage_image.no_fmt_qual.img.samples_1.cube_array.rgen	NotSupported	VK_KHR_ray_tracing_pipeline is not supported at vktTestCase.cpp:1394
dEQP-VK.robustness.robustness2.bind.notemplate.r32i.unroll.nonvolatile.storage_image.no_fmt_qual.img.samples_4.2d.comp_compute	NotSupported	robustImageAccess2 not supported at vktRobustnessExtsTests.cpp:665
dEQP-VK.robustness.robustness2.bind.notemplate.r32i.unroll.nonvolatile.storage_image.no_fmt_qual.img.samples_4.2d.vert	NotSupported	robustImageAccess2 not supported at vktRobustnessExtsTests.cpp:665
dEQP-VK.robustness.robustness2.bind.notemplate.r32i.unroll.nonvolatile.storage_image.no_fmt_qual.img.samples_4.2d_array.rgen	NotSupported	VK_KHR_ray_tracing_pipeline is not supported at vktTestCase.cpp:1394
dEQP-VK.robustness.robustness2.bind.notemplate.r32i.unroll.nonvolatile.storage_image.no_fmt_qual.null_descriptor.samples_1.1d.comp_compute	NotSupported	Exclusive compute queue not supported. at vktRobustnessExtsTests.cpp:737
dEQP-VK.robustness.robustness2.bind.notemplate.r32i.unroll.nonvolatile.storage_image.no_fmt_qual.null_descriptor.samples_1.1d.vert	Pass	Pass
dEQP-VK.robustness.robustness2.bind.notemplate.r32i.unroll.nonvolatile.storage_image.no_fmt_qual.null_descriptor.samples_1.1d_array.rgen	NotSupported	VK_KHR_ray_tracing_pipeline is not supported at vktTestCase.cpp:1394
dEQP-VK.robustness.robustness2.bind.notemplate.r32i.unroll.nonvolatile.storage_image.no_fmt_qual.null_descriptor.samples_1.2d.comp_compute	NotSupported	Exclusive compute queue not supported. at vktRobustnessExtsTests.cpp:737
dEQP-VK.robustness.robustness2.bind.notemplate.r32i.unroll.nonvolatile.storage_image.no_fmt_qual.null_descriptor.samples_1.2d.vert	Pass	Pass
dEQP-VK.robustness.robustness2.bind.notemplate.r32i.unroll.nonvolatile.storage_image.no_fmt_qual.null_descriptor.samples_1.2d_array.rgen	NotSupported	VK_KHR_ray_tracing_pipeline is not supported at vktTestCase.cpp:1394
dEQP-VK.robustness.robustness2.bind.notemplate.r32i.unroll.nonvolatile.storage_image.no_fmt_qual.null_descriptor.samples_1.3d.comp_compute	NotSupported	Exclusive compute queue not supported. at vktRobustnessExtsTests.cpp:737
dEQP-VK.robustness.robustness2.bind.notemplate.r32i.unroll.nonvolatile.storage_image.no_fmt_qual.null_descriptor.samples_1.3d.vert	Pass	Pass
dEQP-VK.robustness.robustness2.bind.notemplate.r32i.unroll.nonvolatile.storage_image.no_fmt_qual.null_descriptor.samples_1.cube.rgen	NotSupported	VK_KHR_ray_tracing_pipeline is not supported at vktTestCase.cpp:1394
dEQP-VK.robustness.robustness2.bind.notemplate.r32i.unroll.nonvolatile.storage_image.no_fmt_qual.null_descriptor.samples_1.cube_array.comp_compute	NotSupported	Exclusive compute queue not supported. at vktRobustnessExtsTests.cpp:737
dEQP-VK.robustness.robustness2.bind.notemplate.r32i.unroll.nonvolatile.storage_image.no_fmt_qual.null_descriptor.samples_1.cube_array.vert	Pass	Pass
dEQP-VK.robustness.robustness2.bind.notemplate.r32i.unroll.nonvolatile.storage_image.no_fmt_qual.null_descriptor.samples_4.2d.rgen	NotSupported	VK_KHR_ray_tracing_pipeline is not supported at vktTestCase.cpp:1394
dEQP-VK.robustness.robustness2.bind.notemplate.r32i.unroll.nonvolatile.storage_image.no_fmt_qual.null_descriptor.samples_4.2d_array.comp_compute	NotSupported	shaderStorageImageMultisample not supported at vktRobustnessExtsTests.cpp:685
dEQP-VK.robustness.robustness2.bind.notemplate.r32i.unroll.nonvolatile.storage_image.no_fmt_qual.null_descriptor.samples_4.2d_array.vert	NotSupported	shaderStorageImageMultisample not supported at vktRobustnessExtsTests.cpp:685
dEQP-VK.robustness.robustness2.bind.notemplate.r32i.unroll.nonvolatile.storage_texel_buffer.fmt_qual.len_12.samples_1.1d.comp	Fail	Fail
dEQP-VK.robustness.robustness2.bind.notemplate.r32i.unroll.nonvolatile.storage_texel_buffer.fmt_qual.len_12.samples_1.1d.comp_compute	NotSupported	Exclusive compute queue not supported. at vktRobustnessExtsTests.cpp:737
dEQP-VK.robustness.robustness2.bind.notemplate.r32i.unroll.nonvolatile.storage_texel_buffer.fmt_qual.len_12.samples_1.1d.frag	Fail	Fail
dEQP-VK.robustness.robustness2.bind.notemplate.r32i.unroll.nonvolatile.storage_texel_buffer.fmt_qual.len_12.samples_1.1d.rgen	NotSupported	VK_KHR_ray_tracing_pipeline is not supported at vktTestCase.cpp:1394
dEQP-VK.robustness.robustness2.bind.notemplate.r32i.unroll.nonvolatile.storage_texel_buffer.fmt_qual.len_12.samples_1.1d.rgen_compute	NotSupported	VK_KHR_ray_tracing_pipeline is not supported at vktTestCase.cpp:1394
dEQP-VK.robustness.robustness2.bind.notemplate.r32i.unroll.nonvolatile.storage_texel_buffer.fmt_qual.len_12.samples_1.1d.vert	Fail	Fail
dEQP-VK.robustness.robustness2.bind.notemplate.r32i.unroll.nonvolatile.storage_texel_buffer.fmt_qual.len_16.samples_1.1d.comp	Fail	Fail
dEQP-VK.robustness.robustness2.bind.notemplate.r32i.unroll.nonvolatile.storage_texel_buffer.fmt_qual.len_16.samples_1.1d.comp_compute	NotSupported	Exclusive compute queue not supported. at vktRobustnessExtsTests.cpp:737
dEQP-VK.robustness.robustness2.bind.notemplate.r32i.unroll.nonvolatile.storage_texel_buffer.fmt_qual.len_16.samples_1.1d.frag	Fail	Fail
dEQP-VK.robustness.robustness2.bind.notemplate.r32i.unroll.nonvolatile.storage_texel_buffer.fmt_qual.len_16.samples_1.1d.rgen	NotSupported	VK_KHR_ray_tracing_pipeline is not supported at vktTestCase.cpp:1394
dEQP-VK.robustness.robustness2.bind.notemplate.r32i.unroll.nonvolatile.storage_texel_buffer.fmt_qual.len_16.samples_1.1d.rgen_compute	NotSupported	VK_KHR_ray_tracing_pipeline is not supported at vktTestCase.cpp:1394
dEQP-VK.robustness.robustness2.bind.notemplate.r32i.unroll.nonvolatile.storage_texel_buffer.fmt_qual.len_16.samples_1.1d.vert	Fail	Fail
dEQP-VK.robustness.robustness2.bind.notemplate.r32i.unroll.nonvolatile.storage_texel_buffer.fmt_qual.len_20.samples_1.1d.comp	Fail	Fail
dEQP-VK.robustness.robustness2.bind.notemplate.r32i.unroll.nonvolatile.storage_texel_buffer.fmt_qual.len_20.samples_1.1d.comp_compute	NotSupported	Exclusive compute queue not supported. at vktRobustnessExtsTests.cpp:737
dEQP-VK.robustness.robustness2.bind.notemplate.r32i.unroll.nonvolatile.storage_texel_buffer.fmt_qual.len_20.samples_1.1d.frag	Fail	Fail
dEQP-VK.robustness.robustness2.bind.notemplate.r32i.unroll.nonvolatile.storage_texel_buffer.fmt_qual.len_20.samples_1.1d.rgen	NotSupported	VK_KHR_ray_tracing_pipeline is not supported at vktTestCase.cpp:1394
dEQP-VK.robustness.robustness2.bind.notemplate.r32i.unroll.nonvolatile.storage_texel_buffer.fmt_qual.len_20.samples_1.1d.rgen_compute	NotSupported	VK_KHR_ray_tracing_pipeline is not supported at vktTestCase.cpp:1394
dEQP-VK.robustness.robustness2.bind.notemplate.r32i.unroll.nonvolatile.storage_texel_buffer.fmt_qual.len_20.samples_1.1d.vert	Fail	Fail
dEQP-VK.robustness.robustness2.bind.notemplate.r32i.unroll.nonvolatile.storage_texel_buffer.fmt_qual.len_252.samples_1.1d.comp	Fail	Fail
dEQP-VK.robustness.robustness2.bind.notemplate.r32i.unroll.nonvolatile.storage_texel_buffer.fmt_qual.len_252.samples_1.1d.comp_compute	NotSupported	Exclusive compute queue not supported. at vktRobustnessExtsTests.cpp:737
dEQP-VK.robustness.robustness2.bind.notemplate.r32i.unroll.nonvolatile.storage_texel_buffer.fmt_qual.len_252.samples_1.1d.frag	Fail	Fail
dEQP-VK.robustness.robustness2.bind.notemplate.r32i.unroll.nonvolatile.storage_texel_buffer.fmt_qual.len_252.samples_1.1d.rgen	NotSupported	VK_KHR_ray_tracing_pipeline is not supported at vktTestCase.cpp:1394
dEQP-VK.robustness.robustness2.bind.notemplate.r32i.unroll.nonvolatile.storage_texel_buffer.fmt_qual.len_252.samples_1.1d.rgen_compute	NotSupported	VK_KHR_ray_tracing_pipeline is not supported at vktTestCase.cpp:1394
dEQP-VK.robustness.robustness2.bind.notemplate.r32i.unroll.nonvolatile.storage_texel_buffer.fmt_qual.len_252.samples_1.1d.vert	Fail	Fail
dEQP-VK.robustness.robustness2.bind.notemplate.r32i.unroll.nonvolatile.storage_texel_buffer.fmt_qual.len_256.samples_1.1d.comp	Fail	Fail
dEQP-VK.robustness.robustness2.bind.notemplate.r32i.unroll.nonvolatile.storage_texel_buffer.fmt_qual.len_256.samples_1.1d.comp_compute	NotSupported	Exclusive compute queue not supported. at vktRobustnessExtsTests.cpp:737
dEQP-VK.robustness.robustness2.bind.notemplate.r32i.unroll.nonvolatile.storage_texel_buffer.fmt_qual.len_256.samples_1.1d.frag	Fail	Fail
dEQP-VK.robustness.robustness2.bind.notemplate.r32i.unroll.nonvolatile.storage_texel_buffer.fmt_qual.len_256.samples_1.1d.rgen	NotSupported	VK_KHR_ray_tracing_pipeline is not supported at vktTestCase.cpp:1394
dEQP-VK.robustness.robustness2.bind.notemplate.r32i.unroll.nonvolatile.storage_texel_buffer.fmt_qual.len_256.samples_1.1d.rgen_compute	NotSupported	VK_KHR_ray_tracing_pipeline is not supported at vktTestCase.cpp:1394
dEQP-VK.robustness.robustness2.bind.notemplate.r32i.unroll.nonvolatile.storage_texel_buffer.fmt_qual.len_256.samples_1.1d.vert	Fail	Fail
dEQP-VK.robustness.robustness2.bind.notemplate.r32i.unroll.nonvolatile.storage_texel_buffer.fmt_qual.len_260.samples_1.1d.comp	Fail	Fail
dEQP-VK.robustness.robustness2.bind.notemplate.r32i.unroll.nonvolatile.storage_texel_buffer.fmt_qual.len_260.samples_1.1d.comp_compute	NotSupported	Exclusive compute queue not supported. at vktRobustnessExtsTests.cpp:737
dEQP-VK.robustness.robustness2.bind.notemplate.r32i.unroll.nonvolatile.storage_texel_buffer.fmt_qual.len_260.samples_1.1d.frag	Fail	Fail
dEQP-VK.robustness.robustness2.bind.notemplate.r32i.unroll.nonvolatile.storage_texel_buffer.fmt_qual.len_260.samples_1.1d.rgen	NotSupported	VK_KHR_ray_tracing_pipeline is not supported at vktTestCase.cpp:1394
dEQP-VK.robustness.robustness2.bind.notemplate.r32i.unroll.nonvolatile.storage_texel_buffer.fmt_qual.len_260.samples_1.1d.rgen_compute	NotSupported	VK_KHR_ray_tracing_pipeline is not supported at vktTestCase.cpp:1394
dEQP-VK.robustness.robustness2.bind.notemplate.r32i.unroll.nonvolatile.storage_texel_buffer.fmt_qual.len_260.samples_1.1d.vert	Fail	Fail
dEQP-VK.robustness.robustness2.bind.notemplate.r32i.unroll.nonvolatile.storage_texel_buffer.fmt_qual.len_32.samples_1.1d.comp	Fail	Fail
dEQP-VK.robustness.robustness2.bind.notemplate.r32i.unroll.nonvolatile.storage_texel_buffer.fmt_qual.len_32.samples_1.1d.comp_compute	NotSupported	Exclusive compute queue not supported. at vktRobustnessExtsTests.cpp:737
dEQP-VK.robustness.robustness2.bind.notemplate.r32i.unroll.nonvolatile.storage_texel_buffer.fmt_qual.len_32.samples_1.1d.frag	Fail	Fail
dEQP-VK.robustness.robustness2.bind.notemplate.r32i.unroll.nonvolatile.storage_texel_buffer.fmt_qual.len_32.samples_1.1d.rgen	NotSupported	VK_KHR_ray_tracing_pipeline is not supported at vktTestCase.cpp:1394
dEQP-VK.robustness.robustness2.bind.notemplate.r32i.unroll.nonvolatile.storage_texel_buffer.fmt_qual.len_32.samples_1.1d.rgen_compute	NotSupported	VK_KHR_ray_tracing_pipeline is not supported at vktTestCase.cpp:1394
dEQP-VK.robustness.robustness2.bind.notemplate.r32i.unroll.nonvolatile.storage_texel_buffer.fmt_qual.len_32.samples_1.1d.vert	Fail	Fail
dEQP-VK.robustness.robustness2.bind.notemplate.r32i.unroll.nonvolatile.storage_texel_buffer.fmt_qual.len_36.samples_1.1d.comp	Fail	Fail
dEQP-VK.robustness.robustness2.bind.notemplate.r32i.unroll.nonvolatile.storage_texel_buffer.fmt_qual.len_36.samples_1.1d.comp_compute	NotSupported	Exclusive compute queue not supported. at vktRobustnessExtsTests.cpp:737
dEQP-VK.robustness.robustness2.bind.notemplate.r32i.unroll.nonvolatile.storage_texel_buffer.fmt_qual.len_36.samples_1.1d.frag	Fail	Fail
dEQP-VK.robustness.robustness2.bind.notemplate.r32i.unroll.nonvolatile.storage_texel_buffer.fmt_qual.len_36.samples_1.1d.rgen	NotSupported	VK_KHR_ray_tracing_pipeline is not supported at vktTestCase.cpp:1394
dEQP-VK.robustness.robustness2.bind.notemplate.r32i.unroll.nonvolatile.storage_texel_buffer.fmt_qual.len_36.samples_1.1d.rgen_compute	NotSupported	VK_KHR_ray_tracing_pipeline is not supported at vktTestCase.cpp:1394
dEQP-VK.robustness.robustness2.bind.notemplate.r32i.unroll.nonvolatile.storage_texel_buffer.fmt_qual.len_36.samples_1.1d.vert	Fail	Fail
dEQP-VK.robustness.robustness2.bind.notemplate.r32i.unroll.nonvolatile.storage_texel_buffer.fmt_qual.len_4.samples_1.1d.comp	Fail	Fail
dEQP-VK.robustness.robustness2.bind.notemplate.r32i.unroll.nonvolatile.storage_texel_buffer.fmt_qual.len_4.samples_1.1d.comp_compute	NotSupported	Exclusive compute queue not supported. at vktRobustnessExtsTests.cpp:737
dEQP-VK.robustness.robustness2.bind.notemplate.r32i.unroll.nonvolatile.storage_texel_buffer.fmt_qual.len_4.samples_1.1d.frag	Fail	Fail
dEQP-VK.robustness.robustness2.bind.notemplate.r32i.unroll.nonvolatile.storage_texel_buffer.fmt_qual.len_4.samples_1.1d.rgen	NotSupported	VK_KHR_ray_tracing_pipeline is not supported at vktTestCase.cpp:1394
dEQP-VK.robustness.robustness2.bind.notemplate.r32i.unroll.nonvolatile.storage_texel_buffer.fmt_qual.len_4.samples_1.1d.rgen_compute	NotSupported	VK_KHR_ray_tracing_pipeline is not supported at vktTestCase.cpp:1394
dEQP-VK.robustness.robustness2.bind.notemplate.r32i.unroll.nonvolatile.storage_texel_buffer.fmt_qual.len_4.samples_1.1d.vert	Fail	Fail
dEQP-VK.robustness.robustness2.bind.notemplate.r32i.unroll.nonvolatile.storage_texel_buffer.fmt_qual.len_41.samples_1.1d.comp	Fail	Fail
dEQP-VK.robustness.robustness2.bind.notemplate.r32i.unroll.nonvolatile.storage_texel_buffer.fmt_qual.len_41.samples_1.1d.comp_compute	NotSupported	Exclusive compute queue not supported. at vktRobustnessExtsTests.cpp:737
dEQP-VK.robustness.robustness2.bind.notemplate.r32i.unroll.nonvolatile.storage_texel_buffer.fmt_qual.len_41.samples_1.1d.frag	Fail	Fail
dEQP-VK.robustness.robustness2.bind.notemplate.r32i.unroll.nonvolatile.storage_texel_buffer.fmt_qual.len_41.samples_1.1d.rgen	NotSupported	VK_KHR_ray_tracing_pipeline is not supported at vktTestCase.cpp:1394
dEQP-VK.robustness.robustness2.bind.notemplate.r32i.unroll.nonvolatile.storage_texel_buffer.fmt_qual.len_41.samples_1.1d.rgen_compute	NotSupported	VK_KHR_ray_tracing_pipeline is not supported at vktTestCase.cpp:1394
dEQP-VK.robustness.robustness2.bind.notemplate.r32i.unroll.nonvolatile.storage_texel_buffer.fmt_qual.len_41.samples_1.1d.vert	Fail	Fail
dEQP-VK.robustness.robustness2.bind.notemplate.r32i.unroll.nonvolatile.storage_texel_buffer.fmt_qual.len_8.samples_1.1d.comp	Fail	Fail
dEQP-VK.robustness.robustness2.bind.notemplate.r32i.unroll.nonvolatile.storage_texel_buffer.fmt_qual.len_8.samples_1.1d.comp_compute	NotSupported	Exclusive compute queue not supported. at vktRobustnessExtsTests.cpp:737
dEQP-VK.robustness.robustness2.bind.notemplate.r32i.unroll.nonvolatile.storage_texel_buffer.fmt_qual.len_8.samples_1.1d.frag	Fail	Fail
dEQP-VK.robustness.robustness2.bind.notemplate.r32i.unroll.nonvolatile.storage_texel_buffer.fmt_qual.len_8.samples_1.1d.rgen	NotSupported	VK_KHR_ray_tracing_pipeline is not supported at vktTestCase.cpp:1394
dEQP-VK.robustness.robustness2.bind.notemplate.r32i.unroll.nonvolatile.storage_texel_buffer.fmt_qual.len_8.samples_1.1d.rgen_compute	NotSupported	VK_KHR_ray_tracing_pipeline is not supported at vktTestCase.cpp:1394
dEQP-VK.robustness.robustness2.bind.notemplate.r32i.unroll.nonvolatile.storage_texel_buffer.fmt_qual.len_8.samples_1.1d.vert	Fail	Fail
dEQP-VK.robustness.robustness2.bind.notemplate.r32i.unroll.nonvolatile.storage_texel_buffer.fmt_qual.null_descriptor.samples_1.1d.comp	Pass	Pass
dEQP-VK.robustness.robustness2.bind.notemplate.r32i.unroll.nonvolatile.storage_texel_buffer.fmt_qual.null_descriptor.samples_1.1d.comp_compute	NotSupported	Exclusive compute queue not supported. at vktRobustnessExtsTests.cpp:737
dEQP-VK.robustness.robustness2.bind.notemplate.r32i.unroll.nonvolatile.storage_texel_buffer.fmt_qual.null_descriptor.samples_1.1d.frag	Pass	Pass
dEQP-VK.robustness.robustness2.bind.notemplate.r32i.unroll.nonvolatile.storage_texel_buffer.fmt_qual.null_descriptor.samples_1.1d.rgen	NotSupported	VK_KHR_ray_tracing_pipeline is not supported at vktTestCase.cpp:1394
dEQP-VK.robustness.robustness2.bind.notemplate.r32i.unroll.nonvolatile.storage_texel_buffer.fmt_qual.null_descriptor.samples_1.1d.rgen_compute	NotSupported	VK_KHR_ray_tracing_pipeline is not supported at vktTestCase.cpp:1394
dEQP-VK.robustness.robustness2.bind.notemplate.r32i.unroll.nonvolatile.storage_texel_buffer.fmt_qual.null_descriptor.samples_1.1d.vert	Pass	Pass
dEQP-VK.robustness.robustness2.bind.notemplate.r32i.unroll.nonvolatile.storage_texel_buffer.no_fmt_qual.len_12.samples_1.1d.comp	Fail	Fail
dEQP-VK.robustness.robustness2.bind.notemplate.r32i.unroll.nonvolatile.storage_texel_buffer.no_fmt_qual.len_12.samples_1.1d.comp_compute	NotSupported	Exclusive compute queue not supported. at vktRobustnessExtsTests.cpp:737
dEQP-VK.robustness.robustness2.bind.notemplate.r32i.unroll.nonvolatile.storage_texel_buffer.no_fmt_qual.len_12.samples_1.1d.frag	Fail	Fail
dEQP-VK.robustness.robustness2.bind.notemplate.r32i.unroll.nonvolatile.storage_texel_buffer.no_fmt_qual.len_12.samples_1.1d.rgen	NotSupported	VK_KHR_ray_tracing_pipeline is not supported at vktTestCase.cpp:1394
dEQP-VK.robustness.robustness2.bind.notemplate.r32i.unroll.nonvolatile.storage_texel_buffer.no_fmt_qual.len_12.samples_1.1d.rgen_compute	NotSupported	VK_KHR_ray_tracing_pipeline is not supported at vktTestCase.cpp:1394
dEQP-VK.robustness.robustness2.bind.notemplate.r32i.unroll.nonvolatile.storage_texel_buffer.no_fmt_qual.len_12.samples_1.1d.vert	Fail	Fail
dEQP-VK.robustness.robustness2.bind.notemplate.r32i.unroll.nonvolatile.storage_texel_buffer.no_fmt_qual.len_16.samples_1.1d.comp	Fail	Fail
dEQP-VK.robustness.robustness2.bind.notemplate.r32i.unroll.nonvolatile.storage_texel_buffer.no_fmt_qual.len_16.samples_1.1d.comp_compute	NotSupported	Exclusive compute queue not supported. at vktRobustnessExtsTests.cpp:737
dEQP-VK.robustness.robustness2.bind.notemplate.r32i.unroll.nonvolatile.storage_texel_buffer.no_fmt_qual.len_16.samples_1.1d.frag	Fail	Fail
dEQP-VK.robustness.robustness2.bind.notemplate.r32i.unroll.nonvolatile.storage_texel_buffer.no_fmt_qual.len_16.samples_1.1d.rgen	NotSupported	VK_KHR_ray_tracing_pipeline is not supported at vktTestCase.cpp:1394
dEQP-VK.robustness.robustness2.bind.notemplate.r32i.unroll.nonvolatile.storage_texel_buffer.no_fmt_qual.len_16.samples_1.1d.rgen_compute	NotSupported	VK_KHR_ray_tracing_pipeline is not supported at vktTestCase.cpp:1394
dEQP-VK.robustness.robustness2.bind.notemplate.r32i.unroll.nonvolatile.storage_texel_buffer.no_fmt_qual.len_16.samples_1.1d.vert	Fail	Fail
dEQP-VK.robustness.robustness2.bind.notemplate.r32i.unroll.nonvolatile.storage_texel_buffer.no_fmt_qual.len_20.samples_1.1d.comp	Fail	Fail
dEQP-VK.robustness.robustness2.bind.notemplate.r32i.unroll.nonvolatile.storage_texel_buffer.no_fmt_qual.len_20.samples_1.1d.comp_compute	NotSupported	Exclusive compute queue not supported. at vktRobustnessExtsTests.cpp:737
dEQP-VK.robustness.robustness2.bind.notemplate.r32i.unroll.nonvolatile.storage_texel_buffer.no_fmt_qual.len_20.samples_1.1d.frag	Fail	Fail
dEQP-VK.robustness.robustness2.bind.notemplate.r32i.unroll.nonvolatile.storage_texel_buffer.no_fmt_qual.len_20.samples_1.1d.rgen	NotSupported	VK_KHR_ray_tracing_pipeline is not supported at vktTestCase.cpp:1394
dEQP-VK.robustness.robustness2.bind.notemplate.r32i.unroll.nonvolatile.storage_texel_buffer.no_fmt_qual.len_20.samples_1.1d.rgen_compute	NotSupported	VK_KHR_ray_tracing_pipeline is not supported at vktTestCase.cpp:1394
dEQP-VK.robustness.robustness2.bind.notemplate.r32i.unroll.nonvolatile.storage_texel_buffer.no_fmt_qual.len_20.samples_1.1d.vert	Fail	Fail
dEQP-VK.robustness.robustness2.bind.notemplate.r32i.unroll.nonvolatile.storage_texel_buffer.no_fmt_qual.len_252.samples_1.1d.comp	Fail	Fail
dEQP-VK.robustness.robustness2.bind.notemplate.r32i.unroll.nonvolatile.storage_texel_buffer.no_fmt_qual.len_252.samples_1.1d.comp_compute	NotSupported	Exclusive compute queue not supported. at vktRobustnessExtsTests.cpp:737
dEQP-VK.robustness.robustness2.bind.notemplate.r32i.unroll.nonvolatile.storage_texel_buffer.no_fmt_qual.len_252.samples_1.1d.frag	Fail	Fail
dEQP-VK.robustness.robustness2.bind.notemplate.r32i.unroll.nonvolatile.storage_texel_buffer.no_fmt_qual.len_252.samples_1.1d.rgen	NotSupported	VK_KHR_ray_tracing_pipeline is not supported at vktTestCase.cpp:1394
dEQP-VK.robustness.robustness2.bind.notemplate.r32i.unroll.nonvolatile.storage_texel_buffer.no_fmt_qual.len_252.samples_1.1d.rgen_compute	NotSupported	VK_KHR_ray_tracing_pipeline is not supported at vktTestCase.cpp:1394
dEQP-VK.robustness.robustness2.bind.notemplate.r32i.unroll.nonvolatile.storage_texel_buffer.no_fmt_qual.len_252.samples_1.1d.vert	Fail	Fail
dEQP-VK.robustness.robustness2.bind.notemplate.r32i.unroll.nonvolatile.storage_texel_buffer.no_fmt_qual.len_256.samples_1.1d.comp	Fail	Fail
dEQP-VK.robustness.robustness2.bind.notemplate.r32i.unroll.nonvolatile.storage_texel_buffer.no_fmt_qual.len_256.samples_1.1d.comp_compute	NotSupported	Exclusive compute queue not supported. at vktRobustnessExtsTests.cpp:737
dEQP-VK.robustness.robustness2.bind.notemplate.r32i.unroll.nonvolatile.storage_texel_buffer.no_fmt_qual.len_256.samples_1.1d.frag	Fail	Fail
dEQP-VK.robustness.robustness2.bind.notemplate.r32i.unroll.nonvolatile.storage_texel_buffer.no_fmt_qual.len_256.samples_1.1d.rgen	NotSupported	VK_KHR_ray_tracing_pipeline is not supported at vktTestCase.cpp:1394
dEQP-VK.robustness.robustness2.bind.notemplate.r32i.unroll.nonvolatile.storage_texel_buffer.no_fmt_qual.len_256.samples_1.1d.rgen_compute	NotSupported	VK_KHR_ray_tracing_pipeline is not supported at vktTestCase.cpp:1394
dEQP-VK.robustness.robustness2.bind.notemplate.r32i.unroll.nonvolatile.storage_texel_buffer.no_fmt_qual.len_256.samples_1.1d.vert	Fail	Fail
dEQP-VK.robustness.robustness2.bind.notemplate.r32i.unroll.nonvolatile.storage_texel_buffer.no_fmt_qual.len_260.samples_1.1d.comp	Fail	Fail
dEQP-VK.robustness.robustness2.bind.notemplate.r32i.unroll.nonvolatile.storage_texel_buffer.no_fmt_qual.len_260.samples_1.1d.comp_compute	NotSupported	Exclusive compute queue not supported. at vktRobustnessExtsTests.cpp:737
dEQP-VK.robustness.robustness2.bind.notemplate.r32i.unroll.nonvolatile.storage_texel_buffer.no_fmt_qual.len_260.samples_1.1d.frag	Fail	Fail
dEQP-VK.robustness.robustness2.bind.notemplate.r32i.unroll.nonvolatile.storage_texel_buffer.no_fmt_qual.len_260.samples_1.1d.rgen	NotSupported	VK_KHR_ray_tracing_pipeline is not supported at vktTestCase.cpp:1394
dEQP-VK.robustness.robustness2.bind.notemplate.r32i.unroll.nonvolatile.storage_texel_buffer.no_fmt_qual.len_260.samples_1.1d.rgen_compute	NotSupported	VK_KHR_ray_tracing_pipeline is not supported at vktTestCase.cpp:1394
dEQP-VK.robustness.robustness2.bind.notemplate.r32i.unroll.nonvolatile.storage_texel_buffer.no_fmt_qual.len_260.samples_1.1d.vert	Fail	Fail
dEQP-VK.robustness.robustness2.bind.notemplate.r32i.unroll.nonvolatile.storage_texel_buffer.no_fmt_qual.len_32.samples_1.1d.comp	Fail	Fail
dEQP-VK.robustness.robustness2.bind.notemplate.r32i.unroll.nonvolatile.storage_texel_buffer.no_fmt_qual.len_32.samples_1.1d.comp_compute	NotSupported	Exclusive compute queue not supported. at vktRobustnessExtsTests.cpp:737
dEQP-VK.robustness.robustness2.bind.notemplate.r32i.unroll.nonvolatile.storage_texel_buffer.no_fmt_qual.len_32.samples_1.1d.frag	Fail	Fail
dEQP-VK.robustness.robustness2.bind.notemplate.r32i.unroll.nonvolatile.storage_texel_buffer.no_fmt_qual.len_32.samples_1.1d.rgen	NotSupported	VK_KHR_ray_tracing_pipeline is not supported at vktTestCase.cpp:1394
dEQP-VK.robustness.robustness2.bind.notemplate.r32i.unroll.nonvolatile.storage_texel_buffer.no_fmt_qual.len_32.samples_1.1d.rgen_compute	NotSupported	VK_KHR_ray_tracing_pipeline is not supported at vktTestCase.cpp:1394
dEQP-VK.robustness.robustness2.bind.notemplate.r32i.unroll.nonvolatile.storage_texel_buffer.no_fmt_qual.len_32.samples_1.1d.vert	Fail	Fail
dEQP-VK.robustness.robustness2.bind.notemplate.r32i.unroll.nonvolatile.storage_texel_buffer.no_fmt_qual.len_36.samples_1.1d.comp	Fail	Fail
dEQP-VK.robustness.robustness2.bind.notemplate.r32i.unroll.nonvolatile.storage_texel_buffer.no_fmt_qual.len_36.samples_1.1d.comp_compute	NotSupported	Exclusive compute queue not supported. at vktRobustnessExtsTests.cpp:737
dEQP-VK.robustness.robustness2.bind.notemplate.r32i.unroll.nonvolatile.storage_texel_buffer.no_fmt_qual.len_36.samples_1.1d.frag	Fail	Fail
dEQP-VK.robustness.robustness2.bind.notemplate.r32i.unroll.nonvolatile.storage_texel_buffer.no_fmt_qual.len_36.samples_1.1d.rgen	NotSupported	VK_KHR_ray_tracing_pipeline is not supported at vktTestCase.cpp:1394
dEQP-VK.robustness.robustness2.bind.notemplate.r32i.unroll.nonvolatile.storage_texel_buffer.no_fmt_qual.len_36.samples_1.1d.rgen_compute	NotSupported	VK_KHR_ray_tracing_pipeline is not supported at vktTestCase.cpp:1394
dEQP-VK.robustness.robustness2.bind.notemplate.r32i.unroll.nonvolatile.storage_texel_buffer.no_fmt_qual.len_36.samples_1.1d.vert	Fail	Fail
dEQP-VK.robustness.robustness2.bind.notemplate.r32i.unroll.nonvolatile.storage_texel_buffer.no_fmt_qual.len_4.samples_1.1d.comp	Fail	Fail
dEQP-VK.robustness.robustness2.bind.notemplate.r32i.unroll.nonvolatile.storage_texel_buffer.no_fmt_qual.len_4.samples_1.1d.comp_compute	NotSupported	Exclusive compute queue not supported. at vktRobustnessExtsTests.cpp:737
dEQP-VK.robustness.robustness2.bind.notemplate.r32i.unroll.nonvolatile.storage_texel_buffer.no_fmt_qual.len_4.samples_1.1d.frag	Fail	Fail
dEQP-VK.robustness.robustness2.bind.notemplate.r32i.unroll.nonvolatile.storage_texel_buffer.no_fmt_qual.len_4.samples_1.1d.rgen	NotSupported	VK_KHR_ray_tracing_pipeline is not supported at vktTestCase.cpp:1394
dEQP-VK.robustness.robustness2.bind.notemplate.r32i.unroll.nonvolatile.storage_texel_buffer.no_fmt_qual.len_4.samples_1.1d.rgen_compute	NotSupported	VK_KHR_ray_tracing_pipeline is not supported at vktTestCase.cpp:1394
dEQP-VK.robustness.robustness2.bind.notemplate.r32i.unroll.nonvolatile.storage_texel_buffer.no_fmt_qual.len_4.samples_1.1d.vert	Fail	Fail
dEQP-VK.robustness.robustness2.bind.notemplate.r32i.unroll.nonvolatile.storage_texel_buffer.no_fmt_qual.len_41.samples_1.1d.comp	Fail	Fail
dEQP-VK.robustness.robustness2.bind.notemplate.r32i.unroll.nonvolatile.storage_texel_buffer.no_fmt_qual.len_41.samples_1.1d.comp_compute	NotSupported	Exclusive compute queue not supported. at vktRobustnessExtsTests.cpp:737
dEQP-VK.robustness.robustness2.bind.notemplate.r32i.unroll.nonvolatile.storage_texel_buffer.no_fmt_qual.len_41.samples_1.1d.frag	Fail	Fail
dEQP-VK.robustness.robustness2.bind.notemplate.r32i.unroll.nonvolatile.storage_texel_buffer.no_fmt_qual.len_41.samples_1.1d.rgen	NotSupported	VK_KHR_ray_tracing_pipeline is not supported at vktTestCase.cpp:1394
dEQP-VK.robustness.robustness2.bind.notemplate.r32i.unroll.nonvolatile.storage_texel_buffer.no_fmt_qual.len_41.samples_1.1d.rgen_compute	NotSupported	VK_KHR_ray_tracing_pipeline is not supported at vktTestCase.cpp:1394
dEQP-VK.robustness.robustness2.bind.notemplate.r32i.unroll.nonvolatile.storage_texel_buffer.no_fmt_qual.len_41.samples_1.1d.vert	Fail	Fail
dEQP-VK.robustness.robustness2.bind.notemplate.r32i.unroll.nonvolatile.storage_texel_buffer.no_fmt_qual.len_8.samples_1.1d.comp	Fail	Fail
dEQP-VK.robustness.robustness2.bind.notemplate.r32i.unroll.nonvolatile.storage_texel_buffer.no_fmt_qual.len_8.samples_1.1d.comp_compute	NotSupported	Exclusive compute queue not supported. at vktRobustnessExtsTests.cpp:737
dEQP-VK.robustness.robustness2.bind.notemplate.r32i.unroll.nonvolatile.storage_texel_buffer.no_fmt_qual.len_8.samples_1.1d.frag	Fail	Fail
dEQP-VK.robustness.robustness2.bind.notemplate.r32i.unroll.nonvolatile.storage_texel_buffer.no_fmt_qual.len_8.samples_1.1d.rgen	NotSupported	VK_KHR_ray_tracing_pipeline is not supported at vktTestCase.cpp:1394
dEQP-VK.robustness.robustness2.bind.notemplate.r32i.unroll.nonvolatile.storage_texel_buffer.no_fmt_qual.len_8.samples_1.1d.rgen_compute	NotSupported	VK_KHR_ray_tracing_pipeline is not supported at vktTestCase.cpp:1394
dEQP-VK.robustness.robustness2.bind.notemplate.r32i.unroll.nonvolatile.storage_texel_buffer.no_fmt_qual.len_8.samples_1.1d.vert	Fail	Fail
dEQP-VK.robustness.robustness2.bind.notemplate.r32i.unroll.nonvolatile.storage_texel_buffer.no_fmt_qual.null_descriptor.samples_1.1d.comp	Pass	Pass
dEQP-VK.robustness.robustness2.bind.notemplate.r32i.unroll.nonvolatile.storage_texel_buffer.no_fmt_qual.null_descriptor.samples_1.1d.comp_compute	NotSupported	Exclusive compute queue not supported. at vktRobustnessExtsTests.cpp:737
dEQP-VK.robustness.robustness2.bind.notemplate.r32i.unroll.nonvolatile.storage_texel_buffer.no_fmt_qual.null_descriptor.samples_1.1d.frag	Pass	Pass
dEQP-VK.robustness.robustness2.bind.notemplate.r32i.unroll.nonvolatile.storage_texel_buffer.no_fmt_qual.null_descriptor.samples_1.1d.rgen	NotSupported	VK_KHR_ray_tracing_pipeline is not supported at vktTestCase.cpp:1394
dEQP-VK.robustness.robustness2.bind.notemplate.r32i.unroll.nonvolatile.storage_texel_buffer.no_fmt_qual.null_descriptor.samples_1.1d.rgen_compute	NotSupported	VK_KHR_ray_tracing_pipeline is not supported at vktTestCase.cpp:1394
dEQP-VK.robustness.robustness2.bind.notemplate.r32i.unroll.nonvolatile.storage_texel_buffer.no_fmt_qual.null_descriptor.samples_1.1d.vert	Pass	Pass
dEQP-VK.robustness.robustness2.bind.notemplate.r32i.unroll.nonvolatile.uniform_buffer.no_fmt_qual.len_12.samples_1.1d.rgen	NotSupported	VK_KHR_ray_tracing_pipeline is not supported at vktTestCase.cpp:1394
dEQP-VK.robustness.robustness2.bind.notemplate.r32i.unroll.nonvolatile.uniform_buffer.no_fmt_qual.len_16.samples_1.1d.comp_compute	NotSupported	Exclusive compute queue not supported. at vktRobustnessExtsTests.cpp:737
dEQP-VK.robustness.robustness2.bind.notemplate.r32i.unroll.nonvolatile.uniform_buffer.no_fmt_qual.len_16.samples_1.1d.vert	Pass	Pass
dEQP-VK.robustness.robustness2.bind.notemplate.r32i.unroll.nonvolatile.uniform_buffer.no_fmt_qual.len_20.samples_1.1d.rgen	NotSupported	VK_KHR_ray_tracing_pipeline is not supported at vktTestCase.cpp:1394
dEQP-VK.robustness.robustness2.bind.notemplate.r32i.unroll.nonvolatile.uniform_buffer.no_fmt_qual.len_252.samples_1.1d.comp_compute	NotSupported	Exclusive compute queue not supported. at vktRobustnessExtsTests.cpp:737
dEQP-VK.robustness.robustness2.bind.notemplate.r32i.unroll.nonvolatile.uniform_buffer.no_fmt_qual.len_252.samples_1.1d.vert	Pass	Pass
dEQP-VK.robustness.robustness2.bind.notemplate.r32i.unroll.nonvolatile.uniform_buffer.no_fmt_qual.len_256.samples_1.1d.rgen	NotSupported	VK_KHR_ray_tracing_pipeline is not supported at vktTestCase.cpp:1394
dEQP-VK.robustness.robustness2.bind.notemplate.r32i.unroll.nonvolatile.uniform_buffer.no_fmt_qual.len_260.samples_1.1d.comp_compute	NotSupported	Exclusive compute queue not supported. at vktRobustnessExtsTests.cpp:737
dEQP-VK.robustness.robustness2.bind.notemplate.r32i.unroll.nonvolatile.uniform_buffer.no_fmt_qual.len_260.samples_1.1d.vert	Pass	Pass
dEQP-VK.robustness.robustness2.bind.notemplate.r32i.unroll.nonvolatile.uniform_buffer.no_fmt_qual.len_31.samples_1.1d.rgen	NotSupported	VK_KHR_ray_tracing_pipeline is not supported at vktTestCase.cpp:1394
dEQP-VK.robustness.robustness2.bind.notemplate.r32i.unroll.nonvolatile.uniform_buffer.no_fmt_qual.len_32.samples_1.1d.comp_compute	NotSupported	Exclusive compute queue not supported. at vktRobustnessExtsTests.cpp:737
dEQP-VK.robustness.robustness2.bind.notemplate.r32i.unroll.nonvolatile.uniform_buffer.no_fmt_qual.len_32.samples_1.1d.vert	Pass	Pass
dEQP-VK.robustness.robustness2.bind.notemplate.r32i.unroll.nonvolatile.uniform_buffer.no_fmt_qual.len_33.samples_1.1d.rgen	NotSupported	VK_KHR_ray_tracing_pipeline is not supported at vktTestCase.cpp:1394
dEQP-VK.robustness.robustness2.bind.notemplate.r32i.unroll.nonvolatile.uniform_buffer.no_fmt_qual.len_35.samples_1.1d.comp_compute	NotSupported	Exclusive compute queue not supported. at vktRobustnessExtsTests.cpp:737
dEQP-VK.robustness.robustness2.bind.notemplate.r32i.unroll.nonvolatile.uniform_buffer.no_fmt_qual.len_35.samples_1.1d.vert	Pass	Pass
dEQP-VK.robustness.robustness2.bind.notemplate.r32i.unroll.nonvolatile.uniform_buffer.no_fmt_qual.len_36.samples_1.1d.rgen	NotSupported	VK_KHR_ray_tracing_pipeline is not supported at vktTestCase.cpp:1394
dEQP-VK.robustness.robustness2.bind.notemplate.r32i.unroll.nonvolatile.uniform_buffer.no_fmt_qual.len_39.samples_1.1d.comp_compute	NotSupported	Exclusive compute queue not supported. at vktRobustnessExtsTests.cpp:737
dEQP-VK.robustness.robustness2.bind.notemplate.r32i.unroll.nonvolatile.uniform_buffer.no_fmt_qual.len_39.samples_1.1d.vert	Pass	Pass
dEQP-VK.robustness.robustness2.bind.notemplate.r32i.unroll.nonvolatile.uniform_buffer.no_fmt_qual.len_4.samples_1.1d.rgen	NotSupported	VK_KHR_ray_tracing_pipeline is not supported at vktTestCase.cpp:1394
dEQP-VK.robustness.robustness2.bind.notemplate.r32i.unroll.nonvolatile.uniform_buffer.no_fmt_qual.len_41.samples_1.1d.comp_compute	NotSupported	Exclusive compute queue not supported. at vktRobustnessExtsTests.cpp:737
dEQP-VK.robustness.robustness2.bind.notemplate.r32i.unroll.nonvolatile.uniform_buffer.no_fmt_qual.len_41.samples_1.1d.vert	Pass	Pass
dEQP-VK.robustness.robustness2.bind.notemplate.r32i.unroll.nonvolatile.uniform_buffer.no_fmt_qual.len_8.samples_1.1d.rgen	NotSupported	VK_KHR_ray_tracing_pipeline is not supported at vktTestCase.cpp:1394
dEQP-VK.robustness.robustness2.bind.notemplate.r32i.unroll.nonvolatile.uniform_buffer.no_fmt_qual.null_descriptor.samples_1.1d.comp_compute	NotSupported	Exclusive compute queue not supported. at vktRobustnessExtsTests.cpp:737
dEQP-VK.robustness.robustness2.bind.notemplate.r32i.unroll.nonvolatile.uniform_buffer.no_fmt_qual.null_descriptor.samples_1.1d.vert	Pass	Pass
dEQP-VK.robustness.robustness2.bind.notemplate.r32i.unroll.nonvolatile.uniform_buffer_dynamic.no_fmt_qual.len_12.samples_1.1d.rgen	NotSupported	VK_KHR_ray_tracing_pipeline is not supported at vktTestCase.cpp:1394
dEQP-VK.robustness.robustness2.bind.notemplate.r32i.unroll.nonvolatile.uniform_buffer_dynamic.no_fmt_qual.len_16.samples_1.1d.comp_compute	NotSupported	Exclusive compute queue not supported. at vktRobustnessExtsTests.cpp:737
dEQP-VK.robustness.robustness2.bind.notemplate.r32i.unroll.nonvolatile.uniform_buffer_dynamic.no_fmt_qual.len_16.samples_1.1d.vert	Pass	Pass
dEQP-VK.robustness.robustness2.bind.notemplate.r32i.unroll.nonvolatile.uniform_buffer_dynamic.no_fmt_qual.len_20.samples_1.1d.rgen	NotSupported	VK_KHR_ray_tracing_pipeline is not supported at vktTestCase.cpp:1394
dEQP-VK.robustness.robustness2.bind.notemplate.r32i.unroll.nonvolatile.uniform_buffer_dynamic.no_fmt_qual.len_252.samples_1.1d.comp_compute	NotSupported	Exclusive compute queue not supported. at vktRobustnessExtsTests.cpp:737
dEQP-VK.robustness.robustness2.bind.notemplate.r32i.unroll.nonvolatile.uniform_buffer_dynamic.no_fmt_qual.len_252.samples_1.1d.vert	Pass	Pass
dEQP-VK.robustness.robustness2.bind.notemplate.r32i.unroll.nonvolatile.uniform_buffer_dynamic.no_fmt_qual.len_256.samples_1.1d.rgen	NotSupported	VK_KHR_ray_tracing_pipeline is not supported at vktTestCase.cpp:1394
dEQP-VK.robustness.robustness2.bind.notemplate.r32i.unroll.nonvolatile.uniform_buffer_dynamic.no_fmt_qual.len_260.samples_1.1d.comp_compute	NotSupported	Exclusive compute queue not supported. at vktRobustnessExtsTests.cpp:737
dEQP-VK.robustness.robustness2.bind.notemplate.r32i.unroll.nonvolatile.uniform_buffer_dynamic.no_fmt_qual.len_260.samples_1.1d.vert	Pass	Pass
dEQP-VK.robustness.robustness2.bind.notemplate.r32i.unroll.nonvolatile.uniform_buffer_dynamic.no_fmt_qual.len_31.samples_1.1d.rgen	NotSupported	VK_KHR_ray_tracing_pipeline is not supported at vktTestCase.cpp:1394
dEQP-VK.robustness.robustness2.bind.notemplate.r32i.unroll.nonvolatile.uniform_buffer_dynamic.no_fmt_qual.len_32.samples_1.1d.comp_compute	NotSupported	Exclusive compute queue not supported. at vktRobustnessExtsTests.cpp:737
dEQP-VK.robustness.robustness2.bind.notemplate.r32i.unroll.nonvolatile.uniform_buffer_dynamic.no_fmt_qual.len_32.samples_1.1d.vert	Pass	Pass
dEQP-VK.robustness.robustness2.bind.notemplate.r32i.unroll.nonvolatile.uniform_buffer_dynamic.no_fmt_qual.len_33.samples_1.1d.rgen	NotSupported	VK_KHR_ray_tracing_pipeline is not supported at vktTestCase.cpp:1394
dEQP-VK.robustness.robustness2.bind.notemplate.r32i.unroll.nonvolatile.uniform_buffer_dynamic.no_fmt_qual.len_35.samples_1.1d.comp_compute	NotSupported	Exclusive compute queue not supported. at vktRobustnessExtsTests.cpp:737
dEQP-VK.robustness.robustness2.bind.notemplate.r32i.unroll.nonvolatile.uniform_buffer_dynamic.no_fmt_qual.len_35.samples_1.1d.vert	Pass	Pass
dEQP-VK.robustness.robustness2.bind.notemplate.r32i.unroll.nonvolatile.uniform_buffer_dynamic.no_fmt_qual.len_36.samples_1.1d.rgen	NotSupported	VK_KHR_ray_tracing_pipeline is not supported at vktTestCase.cpp:1394
dEQP-VK.robustness.robustness2.bind.notemplate.r32i.unroll.nonvolatile.uniform_buffer_dynamic.no_fmt_qual.len_39.samples_1.1d.comp_compute	NotSupported	Exclusive compute queue not supported. at vktRobustnessExtsTests.cpp:737
dEQP-VK.robustness.robustness2.bind.notemplate.r32i.unroll.nonvolatile.uniform_buffer_dynamic.no_fmt_qual.len_39.samples_1.1d.vert	Pass	Pass
dEQP-VK.robustness.robustness2.bind.notemplate.r32i.unroll.nonvolatile.uniform_buffer_dynamic.no_fmt_qual.len_4.samples_1.1d.rgen	NotSupported	VK_KHR_ray_tracing_pipeline is not supported at vktTestCase.cpp:1394
dEQP-VK.robustness.robustness2.bind.notemplate.r32i.unroll.nonvolatile.uniform_buffer_dynamic.no_fmt_qual.len_41.samples_1.1d.comp_compute	NotSupported	Exclusive compute queue not supported. at vktRobustnessExtsTests.cpp:737
dEQP-VK.robustness.robustness2.bind.notemplate.r32i.unroll.nonvolatile.uniform_buffer_dynamic.no_fmt_qual.len_41.samples_1.1d.vert	Pass	Pass
dEQP-VK.robustness.robustness2.bind.notemplate.r32i.unroll.nonvolatile.uniform_buffer_dynamic.no_fmt_qual.len_8.samples_1.1d.rgen	NotSupported	VK_KHR_ray_tracing_pipeline is not supported at vktTestCase.cpp:1394
dEQP-VK.robustness.robustness2.bind.notemplate.r32i.unroll.nonvolatile.uniform_buffer_dynamic.no_fmt_qual.null_descriptor.samples_1.1d.comp_compute	NotSupported	Exclusive compute queue not supported. at vktRobustnessExtsTests.cpp:737
dEQP-VK.robustness.robustness2.bind.notemplate.r32i.unroll.nonvolatile.uniform_buffer_dynamic.no_fmt_qual.null_descriptor.samples_1.1d.vert	Pass	Pass
dEQP-VK.robustness.robustness2.bind.notemplate.r32i.unroll.nonvolatile.uniform_texel_buffer.no_fmt_qual.len_12.samples_1.1d.comp	Fail	Fail
dEQP-VK.robustness.robustness2.bind.notemplate.r32i.unroll.nonvolatile.uniform_texel_buffer.no_fmt_qual.len_12.samples_1.1d.comp_compute	NotSupported	Exclusive compute queue not supported. at vktRobustnessExtsTests.cpp:737
dEQP-VK.robustness.robustness2.bind.notemplate.r32i.unroll.nonvolatile.uniform_texel_buffer.no_fmt_qual.len_12.samples_1.1d.frag	Fail	Fail
dEQP-VK.robustness.robustness2.bind.notemplate.r32i.unroll.nonvolatile.uniform_texel_buffer.no_fmt_qual.len_12.samples_1.1d.rgen	NotSupported	VK_KHR_ray_tracing_pipeline is not supported at vktTestCase.cpp:1394
dEQP-VK.robustness.robustness2.bind.notemplate.r32i.unroll.nonvolatile.uniform_texel_buffer.no_fmt_qual.len_12.samples_1.1d.rgen_compute	NotSupported	VK_KHR_ray_tracing_pipeline is not supported at vktTestCase.cpp:1394
dEQP-VK.robustness.robustness2.bind.notemplate.r32i.unroll.nonvolatile.uniform_texel_buffer.no_fmt_qual.len_12.samples_1.1d.vert	Fail	Fail
dEQP-VK.robustness.robustness2.bind.notemplate.r32i.unroll.nonvolatile.uniform_texel_buffer.no_fmt_qual.len_16.samples_1.1d.comp	Fail	Fail
dEQP-VK.robustness.robustness2.bind.notemplate.r32i.unroll.nonvolatile.uniform_texel_buffer.no_fmt_qual.len_16.samples_1.1d.comp_compute	NotSupported	Exclusive compute queue not supported. at vktRobustnessExtsTests.cpp:737
dEQP-VK.robustness.robustness2.bind.notemplate.r32i.unroll.nonvolatile.uniform_texel_buffer.no_fmt_qual.len_16.samples_1.1d.frag	Fail	Fail
dEQP-VK.robustness.robustness2.bind.notemplate.r32i.unroll.nonvolatile.uniform_texel_buffer.no_fmt_qual.len_16.samples_1.1d.rgen	NotSupported	VK_KHR_ray_tracing_pipeline is not supported at vktTestCase.cpp:1394
dEQP-VK.robustness.robustness2.bind.notemplate.r32i.unroll.nonvolatile.uniform_texel_buffer.no_fmt_qual.len_16.samples_1.1d.rgen_compute	NotSupported	VK_KHR_ray_tracing_pipeline is not supported at vktTestCase.cpp:1394
dEQP-VK.robustness.robustness2.bind.notemplate.r32i.unroll.nonvolatile.uniform_texel_buffer.no_fmt_qual.len_16.samples_1.1d.vert	Fail	Fail
dEQP-VK.robustness.robustness2.bind.notemplate.r32i.unroll.nonvolatile.uniform_texel_buffer.no_fmt_qual.len_20.samples_1.1d.comp	Fail	Fail
dEQP-VK.robustness.robustness2.bind.notemplate.r32i.unroll.nonvolatile.uniform_texel_buffer.no_fmt_qual.len_20.samples_1.1d.comp_compute	NotSupported	Exclusive compute queue not supported. at vktRobustnessExtsTests.cpp:737
dEQP-VK.robustness.robustness2.bind.notemplate.r32i.unroll.nonvolatile.uniform_texel_buffer.no_fmt_qual.len_20.samples_1.1d.frag	Fail	Fail
dEQP-VK.robustness.robustness2.bind.notemplate.r32i.unroll.nonvolatile.uniform_texel_buffer.no_fmt_qual.len_20.samples_1.1d.rgen	NotSupported	VK_KHR_ray_tracing_pipeline is not supported at vktTestCase.cpp:1394
dEQP-VK.robustness.robustness2.bind.notemplate.r32i.unroll.nonvolatile.uniform_texel_buffer.no_fmt_qual.len_20.samples_1.1d.rgen_compute	NotSupported	VK_KHR_ray_tracing_pipeline is not supported at vktTestCase.cpp:1394
dEQP-VK.robustness.robustness2.bind.notemplate.r32i.unroll.nonvolatile.uniform_texel_buffer.no_fmt_qual.len_20.samples_1.1d.vert	Fail	Fail
dEQP-VK.robustness.robustness2.bind.notemplate.r32i.unroll.nonvolatile.uniform_texel_buffer.no_fmt_qual.len_252.samples_1.1d.comp	Fail	Fail
dEQP-VK.robustness.robustness2.bind.notemplate.r32i.unroll.nonvolatile.uniform_texel_buffer.no_fmt_qual.len_252.samples_1.1d.comp_compute	NotSupported	Exclusive compute queue not supported. at vktRobustnessExtsTests.cpp:737
dEQP-VK.robustness.robustness2.bind.notemplate.r32i.unroll.nonvolatile.uniform_texel_buffer.no_fmt_qual.len_252.samples_1.1d.frag	Fail	Fail
dEQP-VK.robustness.robustness2.bind.notemplate.r32i.unroll.nonvolatile.uniform_texel_buffer.no_fmt_qual.len_252.samples_1.1d.rgen	NotSupported	VK_KHR_ray_tracing_pipeline is not supported at vktTestCase.cpp:1394
dEQP-VK.robustness.robustness2.bind.notemplate.r32i.unroll.nonvolatile.uniform_texel_buffer.no_fmt_qual.len_252.samples_1.1d.rgen_compute	NotSupported	VK_KHR_ray_tracing_pipeline is not supported at vktTestCase.cpp:1394
dEQP-VK.robustness.robustness2.bind.notemplate.r32i.unroll.nonvolatile.uniform_texel_buffer.no_fmt_qual.len_252.samples_1.1d.vert	Fail	Fail
dEQP-VK.robustness.robustness2.bind.notemplate.r32i.unroll.nonvolatile.uniform_texel_buffer.no_fmt_qual.len_256.samples_1.1d.comp	Fail	Fail
dEQP-VK.robustness.robustness2.bind.notemplate.r32i.unroll.nonvolatile.uniform_texel_buffer.no_fmt_qual.len_256.samples_1.1d.comp_compute	NotSupported	Exclusive compute queue not supported. at vktRobustnessExtsTests.cpp:737
dEQP-VK.robustness.robustness2.bind.notemplate.r32i.unroll.nonvolatile.uniform_texel_buffer.no_fmt_qual.len_256.samples_1.1d.frag	Fail	Fail
dEQP-VK.robustness.robustness2.bind.notemplate.r32i.unroll.nonvolatile.uniform_texel_buffer.no_fmt_qual.len_256.samples_1.1d.rgen	NotSupported	VK_KHR_ray_tracing_pipeline is not supported at vktTestCase.cpp:1394
dEQP-VK.robustness.robustness2.bind.notemplate.r32i.unroll.nonvolatile.uniform_texel_buffer.no_fmt_qual.len_256.samples_1.1d.rgen_compute	NotSupported	VK_KHR_ray_tracing_pipeline is not supported at vktTestCase.cpp:1394
dEQP-VK.robustness.robustness2.bind.notemplate.r32i.unroll.nonvolatile.uniform_texel_buffer.no_fmt_qual.len_256.samples_1.1d.vert	Fail	Fail
dEQP-VK.robustness.robustness2.bind.notemplate.r32i.unroll.nonvolatile.uniform_texel_buffer.no_fmt_qual.len_260.samples_1.1d.comp	Fail	Fail
dEQP-VK.robustness.robustness2.bind.notemplate.r32i.unroll.nonvolatile.uniform_texel_buffer.no_fmt_qual.len_260.samples_1.1d.comp_compute	NotSupported	Exclusive compute queue not supported. at vktRobustnessExtsTests.cpp:737
dEQP-VK.robustness.robustness2.bind.notemplate.r32i.unroll.nonvolatile.uniform_texel_buffer.no_fmt_qual.len_260.samples_1.1d.frag	Fail	Fail
dEQP-VK.robustness.robustness2.bind.notemplate.r32i.unroll.nonvolatile.uniform_texel_buffer.no_fmt_qual.len_260.samples_1.1d.rgen	NotSupported	VK_KHR_ray_tracing_pipeline is not supported at vktTestCase.cpp:1394
dEQP-VK.robustness.robustness2.bind.notemplate.r32i.unroll.nonvolatile.uniform_texel_buffer.no_fmt_qual.len_260.samples_1.1d.rgen_compute	NotSupported	VK_KHR_ray_tracing_pipeline is not supported at vktTestCase.cpp:1394
dEQP-VK.robustness.robustness2.bind.notemplate.r32i.unroll.nonvolatile.uniform_texel_buffer.no_fmt_qual.len_260.samples_1.1d.vert	Fail	Fail
dEQP-VK.robustness.robustness2.bind.notemplate.r32i.unroll.nonvolatile.uniform_texel_buffer.no_fmt_qual.len_32.samples_1.1d.comp	Fail	Fail
dEQP-VK.robustness.robustness2.bind.notemplate.r32i.unroll.nonvolatile.uniform_texel_buffer.no_fmt_qual.len_32.samples_1.1d.comp_compute	NotSupported	Exclusive compute queue not supported. at vktRobustnessExtsTests.cpp:737
dEQP-VK.robustness.robustness2.bind.notemplate.r32i.unroll.nonvolatile.uniform_texel_buffer.no_fmt_qual.len_32.samples_1.1d.frag	Fail	Fail
dEQP-VK.robustness.robustness2.bind.notemplate.r32i.unroll.nonvolatile.uniform_texel_buffer.no_fmt_qual.len_32.samples_1.1d.rgen	NotSupported	VK_KHR_ray_tracing_pipeline is not supported at vktTestCase.cpp:1394
dEQP-VK.robustness.robustness2.bind.notemplate.r32i.unroll.nonvolatile.uniform_texel_buffer.no_fmt_qual.len_32.samples_1.1d.rgen_compute	NotSupported	VK_KHR_ray_tracing_pipeline is not supported at vktTestCase.cpp:1394
dEQP-VK.robustness.robustness2.bind.notemplate.r32i.unroll.nonvolatile.uniform_texel_buffer.no_fmt_qual.len_32.samples_1.1d.vert	Fail	Fail
dEQP-VK.robustness.robustness2.bind.notemplate.r32i.unroll.nonvolatile.uniform_texel_buffer.no_fmt_qual.len_36.samples_1.1d.comp	Fail	Fail
dEQP-VK.robustness.robustness2.bind.notemplate.r32i.unroll.nonvolatile.uniform_texel_buffer.no_fmt_qual.len_36.samples_1.1d.comp_compute	NotSupported	Exclusive compute queue not supported. at vktRobustnessExtsTests.cpp:737
dEQP-VK.robustness.robustness2.bind.notemplate.r32i.unroll.nonvolatile.uniform_texel_buffer.no_fmt_qual.len_36.samples_1.1d.frag	Fail	Fail
dEQP-VK.robustness.robustness2.bind.notemplate.r32i.unroll.nonvolatile.uniform_texel_buffer.no_fmt_qual.len_36.samples_1.1d.rgen	NotSupported	VK_KHR_ray_tracing_pipeline is not supported at vktTestCase.cpp:1394
dEQP-VK.robustness.robustness2.bind.notemplate.r32i.unroll.nonvolatile.uniform_texel_buffer.no_fmt_qual.len_36.samples_1.1d.rgen_compute	NotSupported	VK_KHR_ray_tracing_pipeline is not supported at vktTestCase.cpp:1394
dEQP-VK.robustness.robustness2.bind.notemplate.r32i.unroll.nonvolatile.uniform_texel_buffer.no_fmt_qual.len_36.samples_1.1d.vert	Fail	Fail
dEQP-VK.robustness.robustness2.bind.notemplate.r32i.unroll.nonvolatile.uniform_texel_buffer.no_fmt_qual.len_4.samples_1.1d.comp	Fail	Fail
dEQP-VK.robustness.robustness2.bind.notemplate.r32i.unroll.nonvolatile.uniform_texel_buffer.no_fmt_qual.len_4.samples_1.1d.comp_compute	NotSupported	Exclusive compute queue not supported. at vktRobustnessExtsTests.cpp:737
dEQP-VK.robustness.robustness2.bind.notemplate.r32i.unroll.nonvolatile.uniform_texel_buffer.no_fmt_qual.len_4.samples_1.1d.frag	Fail	Fail
dEQP-VK.robustness.robustness2.bind.notemplate.r32i.unroll.nonvolatile.uniform_texel_buffer.no_fmt_qual.len_4.samples_1.1d.rgen	NotSupported	VK_KHR_ray_tracing_pipeline is not supported at vktTestCase.cpp:1394
dEQP-VK.robustness.robustness2.bind.notemplate.r32i.unroll.nonvolatile.uniform_texel_buffer.no_fmt_qual.len_4.samples_1.1d.rgen_compute	NotSupported	VK_KHR_ray_tracing_pipeline is not supported at vktTestCase.cpp:1394
dEQP-VK.robustness.robustness2.bind.notemplate.r32i.unroll.nonvolatile.uniform_texel_buffer.no_fmt_qual.len_4.samples_1.1d.vert	Fail	Fail
dEQP-VK.robustness.robustness2.bind.notemplate.r32i.unroll.nonvolatile.uniform_texel_buffer.no_fmt_qual.len_41.samples_1.1d.comp	Fail	Fail
dEQP-VK.robustness.robustness2.bind.notemplate.r32i.unroll.nonvolatile.uniform_texel_buffer.no_fmt_qual.len_41.samples_1.1d.comp_compute	NotSupported	Exclusive compute queue not supported. at vktRobustnessExtsTests.cpp:737
dEQP-VK.robustness.robustness2.bind.notemplate.r32i.unroll.nonvolatile.uniform_texel_buffer.no_fmt_qual.len_41.samples_1.1d.frag	Fail	Fail
dEQP-VK.robustness.robustness2.bind.notemplate.r32i.unroll.nonvolatile.uniform_texel_buffer.no_fmt_qual.len_41.samples_1.1d.rgen	NotSupported	VK_KHR_ray_tracing_pipeline is not supported at vktTestCase.cpp:1394
dEQP-VK.robustness.robustness2.bind.notemplate.r32i.unroll.nonvolatile.uniform_texel_buffer.no_fmt_qual.len_41.samples_1.1d.rgen_compute	NotSupported	VK_KHR_ray_tracing_pipeline is not supported at vktTestCase.cpp:1394
dEQP-VK.robustness.robustness2.bind.notemplate.r32i.unroll.nonvolatile.uniform_texel_buffer.no_fmt_qual.len_41.samples_1.1d.vert	Fail	Fail
dEQP-VK.robustness.robustness2.bind.notemplate.r32i.unroll.nonvolatile.uniform_texel_buffer.no_fmt_qual.len_8.samples_1.1d.comp	Fail	Fail
dEQP-VK.robustness.robustness2.bind.notemplate.r32i.unroll.nonvolatile.uniform_texel_buffer.no_fmt_qual.len_8.samples_1.1d.comp_compute	NotSupported	Exclusive compute queue not supported. at vktRobustnessExtsTests.cpp:737
dEQP-VK.robustness.robustness2.bind.notemplate.r32i.unroll.nonvolatile.uniform_texel_buffer.no_fmt_qual.len_8.samples_1.1d.frag	Fail	Fail
dEQP-VK.robustness.robustness2.bind.notemplate.r32i.unroll.nonvolatile.uniform_texel_buffer.no_fmt_qual.len_8.samples_1.1d.rgen	NotSupported	VK_KHR_ray_tracing_pipeline is not supported at vktTestCase.cpp:1394
dEQP-VK.robustness.robustness2.bind.notemplate.r32i.unroll.nonvolatile.uniform_texel_buffer.no_fmt_qual.len_8.samples_1.1d.rgen_compute	NotSupported	VK_KHR_ray_tracing_pipeline is not supported at vktTestCase.cpp:1394
dEQP-VK.robustness.robustness2.bind.notemplate.r32i.unroll.nonvolatile.uniform_texel_buffer.no_fmt_qual.len_8.samples_1.1d.vert	Fail	Fail
dEQP-VK.robustness.robustness2.bind.notemplate.r32i.unroll.nonvolatile.uniform_texel_buffer.no_fmt_qual.null_descriptor.samples_1.1d.comp	Pass	Pass
dEQP-VK.robustness.robustness2.bind.notemplate.r32i.unroll.nonvolatile.uniform_texel_buffer.no_fmt_qual.null_descriptor.samples_1.1d.comp_compute	NotSupported	Exclusive compute queue not supported. at vktRobustnessExtsTests.cpp:737
dEQP-VK.robustness.robustness2.bind.notemplate.r32i.unroll.nonvolatile.uniform_texel_buffer.no_fmt_qual.null_descriptor.samples_1.1d.frag	Pass	Pass
dEQP-VK.robustness.robustness2.bind.notemplate.r32i.unroll.nonvolatile.uniform_texel_buffer.no_fmt_qual.null_descriptor.samples_1.1d.rgen	NotSupported	VK_KHR_ray_tracing_pipeline is not supported at vktTestCase.cpp:1394
dEQP-VK.robustness.robustness2.bind.notemplate.r32i.unroll.nonvolatile.uniform_texel_buffer.no_fmt_qual.null_descriptor.samples_1.1d.rgen_compute	NotSupported	VK_KHR_ray_tracing_pipeline is not supported at vktTestCase.cpp:1394
dEQP-VK.robustness.robustness2.bind.notemplate.r32i.unroll.nonvolatile.uniform_texel_buffer.no_fmt_qual.null_descriptor.samples_1.1d.vert	Pass	Pass
dEQP-VK.robustness.robustness2.bind.notemplate.r32i.unroll.nonvolatile.vertex_attribute_fetch.no_fmt_qual.len_252.samples_1.1d.vert	Fail	Fail
dEQP-VK.robustness.robustness2.bind.notemplate.r32i.unroll.nonvolatile.vertex_attribute_fetch.no_fmt_qual.len_32.samples_1.1d.vert	Fail	Fail
dEQP-VK.robustness.robustness2.bind.notemplate.r32i.unroll.nonvolatile.vertex_attribute_fetch.no_fmt_qual.len_39.samples_1.1d.vert	Fail	Fail
dEQP-VK.robustness.robustness2.bind.notemplate.r32i.unroll.nonvolatile.vertex_attribute_fetch.no_fmt_qual.null_descriptor.samples_1.1d.vert	Fail	Fail
dEQP-VK.robustness.robustness2.bind.notemplate.r32ui.unroll.nonvolatile.sampled_image.no_fmt_qual.img.samples_1.1d.rgen	NotSupported	VK_KHR_ray_tracing_pipeline is not supported at vktTestCase.cpp:1394
dEQP-VK.robustness.robustness2.bind.notemplate.r32ui.unroll.nonvolatile.sampled_image.no_fmt_qual.img.samples_1.1d_array.comp_compute	NotSupported	robustImageAccess2 not supported at vktRobustnessExtsTests.cpp:665
dEQP-VK.robustness.robustness2.bind.notemplate.r32ui.unroll.nonvolatile.sampled_image.no_fmt_qual.img.samples_1.1d_array.vert	NotSupported	robustImageAccess2 not supported at vktRobustnessExtsTests.cpp:665
dEQP-VK.robustness.robustness2.bind.notemplate.r32ui.unroll.nonvolatile.sampled_image.no_fmt_qual.img.samples_1.2d.rgen	NotSupported	VK_KHR_ray_tracing_pipeline is not supported at vktTestCase.cpp:1394
dEQP-VK.robustness.robustness2.bind.notemplate.r32ui.unroll.nonvolatile.sampled_image.no_fmt_qual.img.samples_1.2d_array.comp_compute	NotSupported	robustImageAccess2 not supported at vktRobustnessExtsTests.cpp:665
dEQP-VK.robustness.robustness2.bind.notemplate.r32ui.unroll.nonvolatile.sampled_image.no_fmt_qual.img.samples_1.2d_array.vert	NotSupported	robustImageAccess2 not supported at vktRobustnessExtsTests.cpp:665
dEQP-VK.robustness.robustness2.bind.notemplate.r32ui.unroll.nonvolatile.sampled_image.no_fmt_qual.img.samples_1.3d.rgen	NotSupported	VK_KHR_ray_tracing_pipeline is not supported at vktTestCase.cpp:1394
dEQP-VK.robustness.robustness2.bind.notemplate.r32ui.unroll.nonvolatile.sampled_image.no_fmt_qual.img.samples_1.cube.comp_compute	NotSupported	robustImageAccess2 not supported at vktRobustnessExtsTests.cpp:665
dEQP-VK.robustness.robustness2.bind.notemplate.r32ui.unroll.nonvolatile.sampled_image.no_fmt_qual.img.samples_1.cube.vert	NotSupported	robustImageAccess2 not supported at vktRobustnessExtsTests.cpp:665
dEQP-VK.robustness.robustness2.bind.notemplate.r32ui.unroll.nonvolatile.sampled_image.no_fmt_qual.img.samples_1.cube_array.rgen	NotSupported	VK_KHR_ray_tracing_pipeline is not supported at vktTestCase.cpp:1394
dEQP-VK.robustness.robustness2.bind.notemplate.r32ui.unroll.nonvolatile.sampled_image.no_fmt_qual.img.samples_4.2d.comp_compute	NotSupported	robustImageAccess2 not supported at vktRobustnessExtsTests.cpp:665
dEQP-VK.robustness.robustness2.bind.notemplate.r32ui.unroll.nonvolatile.sampled_image.no_fmt_qual.img.samples_4.2d.vert	NotSupported	robustImageAccess2 not supported at vktRobustnessExtsTests.cpp:665
dEQP-VK.robustness.robustness2.bind.notemplate.r32ui.unroll.nonvolatile.sampled_image.no_fmt_qual.img.samples_4.2d_array.rgen	NotSupported	VK_KHR_ray_tracing_pipeline is not supported at vktTestCase.cpp:1394
dEQP-VK.robustness.robustness2.bind.notemplate.r32ui.unroll.nonvolatile.sampled_image.no_fmt_qual.null_descriptor.samples_1.1d.comp_compute	NotSupported	Exclusive compute queue not supported. at vktRobustnessExtsTests.cpp:737
dEQP-VK.robustness.robustness2.bind.notemplate.r32ui.unroll.nonvolatile.sampled_image.no_fmt_qual.null_descriptor.samples_1.1d.vert	Pass	Pass
dEQP-VK.robustness.robustness2.bind.notemplate.r32ui.unroll.nonvolatile.sampled_image.no_fmt_qual.null_descriptor.samples_1.1d_array.rgen	NotSupported	VK_KHR_ray_tracing_pipeline is not supported at vktTestCase.cpp:1394
dEQP-VK.robustness.robustness2.bind.notemplate.r32ui.unroll.nonvolatile.sampled_image.no_fmt_qual.null_descriptor.samples_1.2d.comp_compute	NotSupported	Exclusive compute queue not supported. at vktRobustnessExtsTests.cpp:737
dEQP-VK.robustness.robustness2.bind.notemplate.r32ui.unroll.nonvolatile.sampled_image.no_fmt_qual.null_descriptor.samples_1.2d.vert	Pass	Pass
dEQP-VK.robustness.robustness2.bind.notemplate.r32ui.unroll.nonvolatile.sampled_image.no_fmt_qual.null_descriptor.samples_1.2d_array.rgen	NotSupported	VK_KHR_ray_tracing_pipeline is not supported at vktTestCase.cpp:1394
dEQP-VK.robustness.robustness2.bind.notemplate.r32ui.unroll.nonvolatile.sampled_image.no_fmt_qual.null_descriptor.samples_1.3d.comp_compute	NotSupported	Exclusive compute queue not supported. at vktRobustnessExtsTests.cpp:737
dEQP-VK.robustness.robustness2.bind.notemplate.r32ui.unroll.nonvolatile.sampled_image.no_fmt_qual.null_descriptor.samples_1.3d.vert	Pass	Pass
dEQP-VK.robustness.robustness2.bind.notemplate.r32ui.unroll.nonvolatile.sampled_image.no_fmt_qual.null_descriptor.samples_1.cube.rgen	NotSupported	VK_KHR_ray_tracing_pipeline is not supported at vktTestCase.cpp:1394
dEQP-VK.robustness.robustness2.bind.notemplate.r32ui.unroll.nonvolatile.sampled_image.no_fmt_qual.null_descriptor.samples_1.cube_array.comp_compute	NotSupported	Exclusive compute queue not supported. at vktRobustnessExtsTests.cpp:737
dEQP-VK.robustness.robustness2.bind.notemplate.r32ui.unroll.nonvolatile.sampled_image.no_fmt_qual.null_descriptor.samples_1.cube_array.vert	Pass	Pass
dEQP-VK.robustness.robustness2.bind.notemplate.r32ui.unroll.nonvolatile.sampled_image.no_fmt_qual.null_descriptor.samples_4.2d.rgen	NotSupported	VK_KHR_ray_tracing_pipeline is not supported at vktTestCase.cpp:1394
dEQP-VK.robustness.robustness2.bind.notemplate.r32ui.unroll.nonvolatile.sampled_image.no_fmt_qual.null_descriptor.samples_4.2d_array.comp_compute	NotSupported	Exclusive compute queue not supported. at vktRobustnessExtsTests.cpp:737
dEQP-VK.robustness.robustness2.bind.notemplate.r32ui.unroll.nonvolatile.sampled_image.no_fmt_qual.null_descriptor.samples_4.2d_array.vert	Pass	Pass
dEQP-VK.robustness.robustness2.bind.notemplate.r32ui.unroll.nonvolatile.storage_buffer.readonly.no_fmt_qual.len_12.samples_1.1d.rgen	NotSupported	VK_KHR_ray_tracing_pipeline is not supported at vktTestCase.cpp:1394
dEQP-VK.robustness.robustness2.bind.notemplate.r32ui.unroll.nonvolatile.storage_buffer.readonly.no_fmt_qual.len_16.samples_1.1d.comp_compute	NotSupported	Exclusive compute queue not supported. at vktRobustnessExtsTests.cpp:737
dEQP-VK.robustness.robustness2.bind.notemplate.r32ui.unroll.nonvolatile.storage_buffer.readonly.no_fmt_qual.len_16.samples_1.1d.vert	Pass	Pass
dEQP-VK.robustness.robustness2.bind.notemplate.r32ui.unroll.nonvolatile.storage_buffer.readonly.no_fmt_qual.len_20.samples_1.1d.rgen	NotSupported	VK_KHR_ray_tracing_pipeline is not supported at vktTestCase.cpp:1394
dEQP-VK.robustness.robustness2.bind.notemplate.r32ui.unroll.nonvolatile.storage_buffer.readonly.no_fmt_qual.len_252.samples_1.1d.comp_compute	NotSupported	Exclusive compute queue not supported. at vktRobustnessExtsTests.cpp:737
dEQP-VK.robustness.robustness2.bind.notemplate.r32ui.unroll.nonvolatile.storage_buffer.readonly.no_fmt_qual.len_252.samples_1.1d.vert	Pass	Pass
dEQP-VK.robustness.robustness2.bind.notemplate.r32ui.unroll.nonvolatile.storage_buffer.readonly.no_fmt_qual.len_256.samples_1.1d.rgen	NotSupported	VK_KHR_ray_tracing_pipeline is not supported at vktTestCase.cpp:1394
dEQP-VK.robustness.robustness2.bind.notemplate.r32ui.unroll.nonvolatile.storage_buffer.readonly.no_fmt_qual.len_260.samples_1.1d.comp_compute	NotSupported	Exclusive compute queue not supported. at vktRobustnessExtsTests.cpp:737
dEQP-VK.robustness.robustness2.bind.notemplate.r32ui.unroll.nonvolatile.storage_buffer.readonly.no_fmt_qual.len_260.samples_1.1d.vert	Pass	Pass
dEQP-VK.robustness.robustness2.bind.notemplate.r32ui.unroll.nonvolatile.storage_buffer.readonly.no_fmt_qual.len_31.samples_1.1d.rgen	NotSupported	VK_KHR_ray_tracing_pipeline is not supported at vktTestCase.cpp:1394
dEQP-VK.robustness.robustness2.bind.notemplate.r32ui.unroll.nonvolatile.storage_buffer.readonly.no_fmt_qual.len_32.samples_1.1d.comp_compute	NotSupported	Exclusive compute queue not supported. at vktRobustnessExtsTests.cpp:737
dEQP-VK.robustness.robustness2.bind.notemplate.r32ui.unroll.nonvolatile.storage_buffer.readonly.no_fmt_qual.len_32.samples_1.1d.vert	Pass	Pass
dEQP-VK.robustness.robustness2.bind.notemplate.r32ui.unroll.nonvolatile.storage_buffer.readonly.no_fmt_qual.len_33.samples_1.1d.rgen	NotSupported	VK_KHR_ray_tracing_pipeline is not supported at vktTestCase.cpp:1394
dEQP-VK.robustness.robustness2.bind.notemplate.r32ui.unroll.nonvolatile.storage_buffer.readonly.no_fmt_qual.len_35.samples_1.1d.comp_compute	NotSupported	Exclusive compute queue not supported. at vktRobustnessExtsTests.cpp:737
dEQP-VK.robustness.robustness2.bind.notemplate.r32ui.unroll.nonvolatile.storage_buffer.readonly.no_fmt_qual.len_35.samples_1.1d.vert	Pass	Pass
dEQP-VK.robustness.robustness2.bind.notemplate.r32ui.unroll.nonvolatile.storage_buffer.readonly.no_fmt_qual.len_36.samples_1.1d.rgen	NotSupported	VK_KHR_ray_tracing_pipeline is not supported at vktTestCase.cpp:1394
dEQP-VK.robustness.robustness2.bind.notemplate.r32ui.unroll.nonvolatile.storage_buffer.readonly.no_fmt_qual.len_39.samples_1.1d.comp_compute	NotSupported	Exclusive compute queue not supported. at vktRobustnessExtsTests.cpp:737
dEQP-VK.robustness.robustness2.bind.notemplate.r32ui.unroll.nonvolatile.storage_buffer.readonly.no_fmt_qual.len_39.samples_1.1d.vert	Pass	Pass
dEQP-VK.robustness.robustness2.bind.notemplate.r32ui.unroll.nonvolatile.storage_buffer.readonly.no_fmt_qual.len_4.samples_1.1d.rgen	NotSupported	VK_KHR_ray_tracing_pipeline is not supported at vktTestCase.cpp:1394
dEQP-VK.robustness.robustness2.bind.notemplate.r32ui.unroll.nonvolatile.storage_buffer.readonly.no_fmt_qual.len_41.samples_1.1d.comp_compute	NotSupported	Exclusive compute queue not supported. at vktRobustnessExtsTests.cpp:737
dEQP-VK.robustness.robustness2.bind.notemplate.r32ui.unroll.nonvolatile.storage_buffer.readonly.no_fmt_qual.len_41.samples_1.1d.vert	Pass	Pass
dEQP-VK.robustness.robustness2.bind.notemplate.r32ui.unroll.nonvolatile.storage_buffer.readonly.no_fmt_qual.len_8.samples_1.1d.rgen	NotSupported	VK_KHR_ray_tracing_pipeline is not supported at vktTestCase.cpp:1394
dEQP-VK.robustness.robustness2.bind.notemplate.r32ui.unroll.nonvolatile.storage_buffer.readonly.no_fmt_qual.null_descriptor.samples_1.1d.comp_compute	NotSupported	Exclusive compute queue not supported. at vktRobustnessExtsTests.cpp:737
dEQP-VK.robustness.robustness2.bind.notemplate.r32ui.unroll.nonvolatile.storage_buffer.readonly.no_fmt_qual.null_descriptor.samples_1.1d.vert	Pass	Pass
dEQP-VK.robustness.robustness2.bind.notemplate.r32ui.unroll.nonvolatile.storage_buffer.readwrite.no_fmt_qual.len_12.samples_1.1d.rgen	NotSupported	VK_KHR_ray_tracing_pipeline is not supported at vktTestCase.cpp:1394
dEQP-VK.robustness.robustness2.bind.notemplate.r32ui.unroll.nonvolatile.storage_buffer.readwrite.no_fmt_qual.len_16.samples_1.1d.comp_compute	NotSupported	Exclusive compute queue not supported. at vktRobustnessExtsTests.cpp:737
dEQP-VK.robustness.robustness2.bind.notemplate.r32ui.unroll.nonvolatile.storage_buffer.readwrite.no_fmt_qual.len_16.samples_1.1d.vert	Pass	Pass
dEQP-VK.robustness.robustness2.bind.notemplate.r32ui.unroll.nonvolatile.storage_buffer.readwrite.no_fmt_qual.len_20.samples_1.1d.rgen	NotSupported	VK_KHR_ray_tracing_pipeline is not supported at vktTestCase.cpp:1394
dEQP-VK.robustness.robustness2.bind.notemplate.r32ui.unroll.nonvolatile.storage_buffer.readwrite.no_fmt_qual.len_252.samples_1.1d.comp_compute	NotSupported	Exclusive compute queue not supported. at vktRobustnessExtsTests.cpp:737
dEQP-VK.robustness.robustness2.bind.notemplate.r32ui.unroll.nonvolatile.storage_buffer.readwrite.no_fmt_qual.len_252.samples_1.1d.vert	Pass	Pass
dEQP-VK.robustness.robustness2.bind.notemplate.r32ui.unroll.nonvolatile.storage_buffer.readwrite.no_fmt_qual.len_256.samples_1.1d.rgen	NotSupported	VK_KHR_ray_tracing_pipeline is not supported at vktTestCase.cpp:1394
dEQP-VK.robustness.robustness2.bind.notemplate.r32ui.unroll.nonvolatile.storage_buffer.readwrite.no_fmt_qual.len_260.samples_1.1d.comp_compute	NotSupported	Exclusive compute queue not supported. at vktRobustnessExtsTests.cpp:737
dEQP-VK.robustness.robustness2.bind.notemplate.r32ui.unroll.nonvolatile.storage_buffer.readwrite.no_fmt_qual.len_260.samples_1.1d.vert	Pass	Pass
dEQP-VK.robustness.robustness2.bind.notemplate.r32ui.unroll.nonvolatile.storage_buffer.readwrite.no_fmt_qual.len_31.samples_1.1d.rgen	NotSupported	VK_KHR_ray_tracing_pipeline is not supported at vktTestCase.cpp:1394
dEQP-VK.robustness.robustness2.bind.notemplate.r32ui.unroll.nonvolatile.storage_buffer.readwrite.no_fmt_qual.len_32.samples_1.1d.comp_compute	NotSupported	Exclusive compute queue not supported. at vktRobustnessExtsTests.cpp:737
dEQP-VK.robustness.robustness2.bind.notemplate.r32ui.unroll.nonvolatile.storage_buffer.readwrite.no_fmt_qual.len_32.samples_1.1d.vert	Pass	Pass
dEQP-VK.robustness.robustness2.bind.notemplate.r32ui.unroll.nonvolatile.storage_buffer.readwrite.no_fmt_qual.len_33.samples_1.1d.rgen	NotSupported	VK_KHR_ray_tracing_pipeline is not supported at vktTestCase.cpp:1394
dEQP-VK.robustness.robustness2.bind.notemplate.r32ui.unroll.nonvolatile.storage_buffer.readwrite.no_fmt_qual.len_35.samples_1.1d.comp_compute	NotSupported	Exclusive compute queue not supported. at vktRobustnessExtsTests.cpp:737
dEQP-VK.robustness.robustness2.bind.notemplate.r32ui.unroll.nonvolatile.storage_buffer.readwrite.no_fmt_qual.len_35.samples_1.1d.vert	Pass	Pass
dEQP-VK.robustness.robustness2.bind.notemplate.r32ui.unroll.nonvolatile.storage_buffer.readwrite.no_fmt_qual.len_36.samples_1.1d.rgen	NotSupported	VK_KHR_ray_tracing_pipeline is not supported at vktTestCase.cpp:1394
dEQP-VK.robustness.robustness2.bind.notemplate.r32ui.unroll.nonvolatile.storage_buffer.readwrite.no_fmt_qual.len_39.samples_1.1d.comp_compute	NotSupported	Exclusive compute queue not supported. at vktRobustnessExtsTests.cpp:737
dEQP-VK.robustness.robustness2.bind.notemplate.r32ui.unroll.nonvolatile.storage_buffer.readwrite.no_fmt_qual.len_39.samples_1.1d.vert	Pass	Pass
dEQP-VK.robustness.robustness2.bind.notemplate.r32ui.unroll.nonvolatile.storage_buffer.readwrite.no_fmt_qual.len_4.samples_1.1d.rgen	NotSupported	VK_KHR_ray_tracing_pipeline is not supported at vktTestCase.cpp:1394
dEQP-VK.robustness.robustness2.bind.notemplate.r32ui.unroll.nonvolatile.storage_buffer.readwrite.no_fmt_qual.len_41.samples_1.1d.comp_compute	NotSupported	Exclusive compute queue not supported. at vktRobustnessExtsTests.cpp:737
dEQP-VK.robustness.robustness2.bind.notemplate.r32ui.unroll.nonvolatile.storage_buffer.readwrite.no_fmt_qual.len_41.samples_1.1d.vert	Pass	Pass
dEQP-VK.robustness.robustness2.bind.notemplate.r32ui.unroll.nonvolatile.storage_buffer.readwrite.no_fmt_qual.len_8.samples_1.1d.rgen	NotSupported	VK_KHR_ray_tracing_pipeline is not supported at vktTestCase.cpp:1394
dEQP-VK.robustness.robustness2.bind.notemplate.r32ui.unroll.nonvolatile.storage_buffer.readwrite.no_fmt_qual.null_descriptor.samples_1.1d.comp_compute	NotSupported	Exclusive compute queue not supported. at vktRobustnessExtsTests.cpp:737
dEQP-VK.robustness.robustness2.bind.notemplate.r32ui.unroll.nonvolatile.storage_buffer.readwrite.no_fmt_qual.null_descriptor.samples_1.1d.vert	Pass	Pass
dEQP-VK.robustness.robustness2.bind.notemplate.r32ui.unroll.nonvolatile.storage_buffer_dynamic.readonly.no_fmt_qual.len_12.samples_1.1d.rgen	NotSupported	VK_KHR_ray_tracing_pipeline is not supported at vktTestCase.cpp:1394
dEQP-VK.robustness.robustness2.bind.notemplate.r32ui.unroll.nonvolatile.storage_buffer_dynamic.readonly.no_fmt_qual.len_16.samples_1.1d.comp_compute	NotSupported	Exclusive compute queue not supported. at vktRobustnessExtsTests.cpp:737
dEQP-VK.robustness.robustness2.bind.notemplate.r32ui.unroll.nonvolatile.storage_buffer_dynamic.readonly.no_fmt_qual.len_16.samples_1.1d.vert	Pass	Pass
dEQP-VK.robustness.robustness2.bind.notemplate.r32ui.unroll.nonvolatile.storage_buffer_dynamic.readonly.no_fmt_qual.len_20.samples_1.1d.rgen	NotSupported	VK_KHR_ray_tracing_pipeline is not supported at vktTestCase.cpp:1394
dEQP-VK.robustness.robustness2.bind.notemplate.r32ui.unroll.nonvolatile.storage_buffer_dynamic.readonly.no_fmt_qual.len_252.samples_1.1d.comp_compute	NotSupported	Exclusive compute queue not supported. at vktRobustnessExtsTests.cpp:737
dEQP-VK.robustness.robustness2.bind.notemplate.r32ui.unroll.nonvolatile.storage_buffer_dynamic.readonly.no_fmt_qual.len_252.samples_1.1d.vert	Pass	Pass
dEQP-VK.robustness.robustness2.bind.notemplate.r32ui.unroll.nonvolatile.storage_buffer_dynamic.readonly.no_fmt_qual.len_256.samples_1.1d.rgen	NotSupported	VK_KHR_ray_tracing_pipeline is not supported at vktTestCase.cpp:1394
dEQP-VK.robustness.robustness2.bind.notemplate.r32ui.unroll.nonvolatile.storage_buffer_dynamic.readonly.no_fmt_qual.len_260.samples_1.1d.comp_compute	NotSupported	Exclusive compute queue not supported. at vktRobustnessExtsTests.cpp:737
dEQP-VK.robustness.robustness2.bind.notemplate.r32ui.unroll.nonvolatile.storage_buffer_dynamic.readonly.no_fmt_qual.len_260.samples_1.1d.vert	Pass	Pass
dEQP-VK.robustness.robustness2.bind.notemplate.r32ui.unroll.nonvolatile.storage_buffer_dynamic.readonly.no_fmt_qual.len_31.samples_1.1d.rgen	NotSupported	VK_KHR_ray_tracing_pipeline is not supported at vktTestCase.cpp:1394
dEQP-VK.robustness.robustness2.bind.notemplate.r32ui.unroll.nonvolatile.storage_buffer_dynamic.readonly.no_fmt_qual.len_32.samples_1.1d.comp_compute	NotSupported	Exclusive compute queue not supported. at vktRobustnessExtsTests.cpp:737
dEQP-VK.robustness.robustness2.bind.notemplate.r32ui.unroll.nonvolatile.storage_buffer_dynamic.readonly.no_fmt_qual.len_32.samples_1.1d.vert	Pass	Pass
dEQP-VK.robustness.robustness2.bind.notemplate.r32ui.unroll.nonvolatile.storage_buffer_dynamic.readonly.no_fmt_qual.len_33.samples_1.1d.rgen	NotSupported	VK_KHR_ray_tracing_pipeline is not supported at vktTestCase.cpp:1394
dEQP-VK.robustness.robustness2.bind.notemplate.r32ui.unroll.nonvolatile.storage_buffer_dynamic.readonly.no_fmt_qual.len_35.samples_1.1d.comp_compute	NotSupported	Exclusive compute queue not supported. at vktRobustnessExtsTests.cpp:737
dEQP-VK.robustness.robustness2.bind.notemplate.r32ui.unroll.nonvolatile.storage_buffer_dynamic.readonly.no_fmt_qual.len_35.samples_1.1d.vert	Pass	Pass
dEQP-VK.robustness.robustness2.bind.notemplate.r32ui.unroll.nonvolatile.storage_buffer_dynamic.readonly.no_fmt_qual.len_36.samples_1.1d.rgen	NotSupported	VK_KHR_ray_tracing_pipeline is not supported at vktTestCase.cpp:1394
dEQP-VK.robustness.robustness2.bind.notemplate.r32ui.unroll.nonvolatile.storage_buffer_dynamic.readonly.no_fmt_qual.len_39.samples_1.1d.comp_compute	NotSupported	Exclusive compute queue not supported. at vktRobustnessExtsTests.cpp:737
dEQP-VK.robustness.robustness2.bind.notemplate.r32ui.unroll.nonvolatile.storage_buffer_dynamic.readonly.no_fmt_qual.len_39.samples_1.1d.vert	Pass	Pass
dEQP-VK.robustness.robustness2.bind.notemplate.r32ui.unroll.nonvolatile.storage_buffer_dynamic.readonly.no_fmt_qual.len_4.samples_1.1d.rgen	NotSupported	VK_KHR_ray_tracing_pipeline is not supported at vktTestCase.cpp:1394
dEQP-VK.robustness.robustness2.bind.notemplate.r32ui.unroll.nonvolatile.storage_buffer_dynamic.readonly.no_fmt_qual.len_41.samples_1.1d.comp_compute	NotSupported	Exclusive compute queue not supported. at vktRobustnessExtsTests.cpp:737
dEQP-VK.robustness.robustness2.bind.notemplate.r32ui.unroll.nonvolatile.storage_buffer_dynamic.readonly.no_fmt_qual.len_41.samples_1.1d.vert	Pass	Pass
dEQP-VK.robustness.robustness2.bind.notemplate.r32ui.unroll.nonvolatile.storage_buffer_dynamic.readonly.no_fmt_qual.len_8.samples_1.1d.rgen	NotSupported	VK_KHR_ray_tracing_pipeline is not supported at vktTestCase.cpp:1394
dEQP-VK.robustness.robustness2.bind.notemplate.r32ui.unroll.nonvolatile.storage_buffer_dynamic.readonly.no_fmt_qual.null_descriptor.samples_1.1d.comp_compute	NotSupported	Exclusive compute queue not supported. at vktRobustnessExtsTests.cpp:737
dEQP-VK.robustness.robustness2.bind.notemplate.r32ui.unroll.nonvolatile.storage_buffer_dynamic.readonly.no_fmt_qual.null_descriptor.samples_1.1d.vert	Pass	Pass
dEQP-VK.robustness.robustness2.bind.notemplate.r32ui.unroll.nonvolatile.storage_buffer_dynamic.readwrite.no_fmt_qual.len_12.samples_1.1d.rgen	NotSupported	VK_KHR_ray_tracing_pipeline is not supported at vktTestCase.cpp:1394
dEQP-VK.robustness.robustness2.bind.notemplate.r32ui.unroll.nonvolatile.storage_buffer_dynamic.readwrite.no_fmt_qual.len_16.samples_1.1d.comp_compute	NotSupported	Exclusive compute queue not supported. at vktRobustnessExtsTests.cpp:737
dEQP-VK.robustness.robustness2.bind.notemplate.r32ui.unroll.nonvolatile.storage_buffer_dynamic.readwrite.no_fmt_qual.len_16.samples_1.1d.vert	Pass	Pass
dEQP-VK.robustness.robustness2.bind.notemplate.r32ui.unroll.nonvolatile.storage_buffer_dynamic.readwrite.no_fmt_qual.len_20.samples_1.1d.rgen	NotSupported	VK_KHR_ray_tracing_pipeline is not supported at vktTestCase.cpp:1394
dEQP-VK.robustness.robustness2.bind.notemplate.r32ui.unroll.nonvolatile.storage_buffer_dynamic.readwrite.no_fmt_qual.len_252.samples_1.1d.comp_compute	NotSupported	Exclusive compute queue not supported. at vktRobustnessExtsTests.cpp:737
dEQP-VK.robustness.robustness2.bind.notemplate.r32ui.unroll.nonvolatile.storage_buffer_dynamic.readwrite.no_fmt_qual.len_252.samples_1.1d.vert	Pass	Pass
dEQP-VK.robustness.robustness2.bind.notemplate.r32ui.unroll.nonvolatile.storage_buffer_dynamic.readwrite.no_fmt_qual.len_256.samples_1.1d.rgen	NotSupported	VK_KHR_ray_tracing_pipeline is not supported at vktTestCase.cpp:1394
dEQP-VK.robustness.robustness2.bind.notemplate.r32ui.unroll.nonvolatile.storage_buffer_dynamic.readwrite.no_fmt_qual.len_260.samples_1.1d.comp_compute	NotSupported	Exclusive compute queue not supported. at vktRobustnessExtsTests.cpp:737
dEQP-VK.robustness.robustness2.bind.notemplate.r32ui.unroll.nonvolatile.storage_buffer_dynamic.readwrite.no_fmt_qual.len_260.samples_1.1d.vert	Pass	Pass
dEQP-VK.robustness.robustness2.bind.notemplate.r32ui.unroll.nonvolatile.storage_buffer_dynamic.readwrite.no_fmt_qual.len_31.samples_1.1d.rgen	NotSupported	VK_KHR_ray_tracing_pipeline is not supported at vktTestCase.cpp:1394
dEQP-VK.robustness.robustness2.bind.notemplate.r32ui.unroll.nonvolatile.storage_buffer_dynamic.readwrite.no_fmt_qual.len_32.samples_1.1d.comp_compute	NotSupported	Exclusive compute queue not supported. at vktRobustnessExtsTests.cpp:737
dEQP-VK.robustness.robustness2.bind.notemplate.r32ui.unroll.nonvolatile.storage_buffer_dynamic.readwrite.no_fmt_qual.len_32.samples_1.1d.vert	Pass	Pass
dEQP-VK.robustness.robustness2.bind.notemplate.r32ui.unroll.nonvolatile.storage_buffer_dynamic.readwrite.no_fmt_qual.len_33.samples_1.1d.rgen	NotSupported	VK_KHR_ray_tracing_pipeline is not supported at vktTestCase.cpp:1394
dEQP-VK.robustness.robustness2.bind.notemplate.r32ui.unroll.nonvolatile.storage_buffer_dynamic.readwrite.no_fmt_qual.len_35.samples_1.1d.comp_compute	NotSupported	Exclusive compute queue not supported. at vktRobustnessExtsTests.cpp:737
dEQP-VK.robustness.robustness2.bind.notemplate.r32ui.unroll.nonvolatile.storage_buffer_dynamic.readwrite.no_fmt_qual.len_35.samples_1.1d.vert	Pass	Pass
dEQP-VK.robustness.robustness2.bind.notemplate.r32ui.unroll.nonvolatile.storage_buffer_dynamic.readwrite.no_fmt_qual.len_36.samples_1.1d.rgen	NotSupported	VK_KHR_ray_tracing_pipeline is not supported at vktTestCase.cpp:1394
dEQP-VK.robustness.robustness2.bind.notemplate.r32ui.unroll.nonvolatile.storage_buffer_dynamic.readwrite.no_fmt_qual.len_39.samples_1.1d.comp_compute	NotSupported	Exclusive compute queue not supported. at vktRobustnessExtsTests.cpp:737
dEQP-VK.robustness.robustness2.bind.notemplate.r32ui.unroll.nonvolatile.storage_buffer_dynamic.readwrite.no_fmt_qual.len_39.samples_1.1d.vert	Pass	Pass
dEQP-VK.robustness.robustness2.bind.notemplate.r32ui.unroll.nonvolatile.storage_buffer_dynamic.readwrite.no_fmt_qual.len_4.samples_1.1d.rgen	NotSupported	VK_KHR_ray_tracing_pipeline is not supported at vktTestCase.cpp:1394
dEQP-VK.robustness.robustness2.bind.notemplate.r32ui.unroll.nonvolatile.storage_buffer_dynamic.readwrite.no_fmt_qual.len_41.samples_1.1d.comp_compute	NotSupported	Exclusive compute queue not supported. at vktRobustnessExtsTests.cpp:737
dEQP-VK.robustness.robustness2.bind.notemplate.r32ui.unroll.nonvolatile.storage_buffer_dynamic.readwrite.no_fmt_qual.len_41.samples_1.1d.vert	Pass	Pass
dEQP-VK.robustness.robustness2.bind.notemplate.r32ui.unroll.nonvolatile.storage_buffer_dynamic.readwrite.no_fmt_qual.len_8.samples_1.1d.rgen	NotSupported	VK_KHR_ray_tracing_pipeline is not supported at vktTestCase.cpp:1394
dEQP-VK.robustness.robustness2.bind.notemplate.r32ui.unroll.nonvolatile.storage_buffer_dynamic.readwrite.no_fmt_qual.null_descriptor.samples_1.1d.comp_compute	NotSupported	Exclusive compute queue not supported. at vktRobustnessExtsTests.cpp:737
dEQP-VK.robustness.robustness2.bind.notemplate.r32ui.unroll.nonvolatile.storage_buffer_dynamic.readwrite.no_fmt_qual.null_descriptor.samples_1.1d.vert	Pass	Pass
dEQP-VK.robustness.robustness2.bind.notemplate.r32ui.unroll.nonvolatile.storage_image.fmt_qual.img.samples_1.1d.rgen	NotSupported	VK_KHR_ray_tracing_pipeline is not supported at vktTestCase.cpp:1394
dEQP-VK.robustness.robustness2.bind.notemplate.r32ui.unroll.nonvolatile.storage_image.fmt_qual.img.samples_1.1d_array.comp_compute	NotSupported	robustImageAccess2 not supported at vktRobustnessExtsTests.cpp:665
dEQP-VK.robustness.robustness2.bind.notemplate.r32ui.unroll.nonvolatile.storage_image.fmt_qual.img.samples_1.1d_array.vert	NotSupported	robustImageAccess2 not supported at vktRobustnessExtsTests.cpp:665
dEQP-VK.robustness.robustness2.bind.notemplate.r32ui.unroll.nonvolatile.storage_image.fmt_qual.img.samples_1.2d.rgen	NotSupported	VK_KHR_ray_tracing_pipeline is not supported at vktTestCase.cpp:1394
dEQP-VK.robustness.robustness2.bind.notemplate.r32ui.unroll.nonvolatile.storage_image.fmt_qual.img.samples_1.2d_array.comp_compute	NotSupported	robustImageAccess2 not supported at vktRobustnessExtsTests.cpp:665
dEQP-VK.robustness.robustness2.bind.notemplate.r32ui.unroll.nonvolatile.storage_image.fmt_qual.img.samples_1.2d_array.vert	NotSupported	robustImageAccess2 not supported at vktRobustnessExtsTests.cpp:665
dEQP-VK.robustness.robustness2.bind.notemplate.r32ui.unroll.nonvolatile.storage_image.fmt_qual.img.samples_1.3d.rgen	NotSupported	VK_KHR_ray_tracing_pipeline is not supported at vktTestCase.cpp:1394
dEQP-VK.robustness.robustness2.bind.notemplate.r32ui.unroll.nonvolatile.storage_image.fmt_qual.img.samples_1.cube.comp_compute	NotSupported	robustImageAccess2 not supported at vktRobustnessExtsTests.cpp:665
dEQP-VK.robustness.robustness2.bind.notemplate.r32ui.unroll.nonvolatile.storage_image.fmt_qual.img.samples_1.cube.vert	NotSupported	robustImageAccess2 not supported at vktRobustnessExtsTests.cpp:665
dEQP-VK.robustness.robustness2.bind.notemplate.r32ui.unroll.nonvolatile.storage_image.fmt_qual.img.samples_1.cube_array.rgen	NotSupported	VK_KHR_ray_tracing_pipeline is not supported at vktTestCase.cpp:1394
dEQP-VK.robustness.robustness2.bind.notemplate.r32ui.unroll.nonvolatile.storage_image.fmt_qual.img.samples_4.2d.comp_compute	NotSupported	robustImageAccess2 not supported at vktRobustnessExtsTests.cpp:665
dEQP-VK.robustness.robustness2.bind.notemplate.r32ui.unroll.nonvolatile.storage_image.fmt_qual.img.samples_4.2d.vert	NotSupported	robustImageAccess2 not supported at vktRobustnessExtsTests.cpp:665
dEQP-VK.robustness.robustness2.bind.notemplate.r32ui.unroll.nonvolatile.storage_image.fmt_qual.img.samples_4.2d_array.rgen	NotSupported	VK_KHR_ray_tracing_pipeline is not supported at vktTestCase.cpp:1394
dEQP-VK.robustness.robustness2.bind.notemplate.r32ui.unroll.nonvolatile.storage_image.fmt_qual.null_descriptor.samples_1.1d.comp_compute	NotSupported	Exclusive compute queue not supported. at vktRobustnessExtsTests.cpp:737
dEQP-VK.robustness.robustness2.bind.notemplate.r32ui.unroll.nonvolatile.storage_image.fmt_qual.null_descriptor.samples_1.1d.vert	Pass	Pass
dEQP-VK.robustness.robustness2.bind.notemplate.r32ui.unroll.nonvolatile.storage_image.fmt_qual.null_descriptor.samples_1.1d_array.rgen	NotSupported	VK_KHR_ray_tracing_pipeline is not supported at vktTestCase.cpp:1394
dEQP-VK.robustness.robustness2.bind.notemplate.r32ui.unroll.nonvolatile.storage_image.fmt_qual.null_descriptor.samples_1.2d.comp_compute	NotSupported	Exclusive compute queue not supported. at vktRobustnessExtsTests.cpp:737
dEQP-VK.robustness.robustness2.bind.notemplate.r32ui.unroll.nonvolatile.storage_image.fmt_qual.null_descriptor.samples_1.2d.vert	Pass	Pass
dEQP-VK.robustness.robustness2.bind.notemplate.r32ui.unroll.nonvolatile.storage_image.fmt_qual.null_descriptor.samples_1.2d_array.rgen	NotSupported	VK_KHR_ray_tracing_pipeline is not supported at vktTestCase.cpp:1394
dEQP-VK.robustness.robustness2.bind.notemplate.r32ui.unroll.nonvolatile.storage_image.fmt_qual.null_descriptor.samples_1.3d.comp_compute	NotSupported	Exclusive compute queue not supported. at vktRobustnessExtsTests.cpp:737
dEQP-VK.robustness.robustness2.bind.notemplate.r32ui.unroll.nonvolatile.storage_image.fmt_qual.null_descriptor.samples_1.3d.vert	Pass	Pass
dEQP-VK.robustness.robustness2.bind.notemplate.r32ui.unroll.nonvolatile.storage_image.fmt_qual.null_descriptor.samples_1.cube.rgen	NotSupported	VK_KHR_ray_tracing_pipeline is not supported at vktTestCase.cpp:1394
dEQP-VK.robustness.robustness2.bind.notemplate.r32ui.unroll.nonvolatile.storage_image.fmt_qual.null_descriptor.samples_1.cube_array.comp_compute	NotSupported	Exclusive compute queue not supported. at vktRobustnessExtsTests.cpp:737
dEQP-VK.robustness.robustness2.bind.notemplate.r32ui.unroll.nonvolatile.storage_image.fmt_qual.null_descriptor.samples_1.cube_array.vert	Pass	Pass
dEQP-VK.robustness.robustness2.bind.notemplate.r32ui.unroll.nonvolatile.storage_image.fmt_qual.null_descriptor.samples_4.2d.rgen	NotSupported	VK_KHR_ray_tracing_pipeline is not supported at vktTestCase.cpp:1394
dEQP-VK.robustness.robustness2.bind.notemplate.r32ui.unroll.nonvolatile.storage_image.fmt_qual.null_descriptor.samples_4.2d_array.comp_compute	NotSupported	shaderStorageImageMultisample not supported at vktRobustnessExtsTests.cpp:685
dEQP-VK.robustness.robustness2.bind.notemplate.r32ui.unroll.nonvolatile.storage_image.fmt_qual.null_descriptor.samples_4.2d_array.vert	NotSupported	shaderStorageImageMultisample not supported at vktRobustnessExtsTests.cpp:685
dEQP-VK.robustness.robustness2.bind.notemplate.r32ui.unroll.nonvolatile.storage_image.no_fmt_qual.img.samples_1.1d.rgen	NotSupported	VK_KHR_ray_tracing_pipeline is not supported at vktTestCase.cpp:1394
dEQP-VK.robustness.robustness2.bind.notemplate.r32ui.unroll.nonvolatile.storage_image.no_fmt_qual.img.samples_1.1d_array.comp_compute	NotSupported	robustImageAccess2 not supported at vktRobustnessExtsTests.cpp:665
dEQP-VK.robustness.robustness2.bind.notemplate.r32ui.unroll.nonvolatile.storage_image.no_fmt_qual.img.samples_1.1d_array.vert	NotSupported	robustImageAccess2 not supported at vktRobustnessExtsTests.cpp:665
dEQP-VK.robustness.robustness2.bind.notemplate.r32ui.unroll.nonvolatile.storage_image.no_fmt_qual.img.samples_1.2d.rgen	NotSupported	VK_KHR_ray_tracing_pipeline is not supported at vktTestCase.cpp:1394
dEQP-VK.robustness.robustness2.bind.notemplate.r32ui.unroll.nonvolatile.storage_image.no_fmt_qual.img.samples_1.2d_array.comp_compute	NotSupported	robustImageAccess2 not supported at vktRobustnessExtsTests.cpp:665
dEQP-VK.robustness.robustness2.bind.notemplate.r32ui.unroll.nonvolatile.storage_image.no_fmt_qual.img.samples_1.2d_array.vert	NotSupported	robustImageAccess2 not supported at vktRobustnessExtsTests.cpp:665
dEQP-VK.robustness.robustness2.bind.notemplate.r32ui.unroll.nonvolatile.storage_image.no_fmt_qual.img.samples_1.3d.rgen	NotSupported	VK_KHR_ray_tracing_pipeline is not supported at vktTestCase.cpp:1394
dEQP-VK.robustness.robustness2.bind.notemplate.r32ui.unroll.nonvolatile.storage_image.no_fmt_qual.img.samples_1.cube.comp_compute	NotSupported	robustImageAccess2 not supported at vktRobustnessExtsTests.cpp:665
dEQP-VK.robustness.robustness2.bind.notemplate.r32ui.unroll.nonvolatile.storage_image.no_fmt_qual.img.samples_1.cube.vert	NotSupported	robustImageAccess2 not supported at vktRobustnessExtsTests.cpp:665
dEQP-VK.robustness.robustness2.bind.notemplate.r32ui.unroll.nonvolatile.storage_image.no_fmt_qual.img.samples_1.cube_array.rgen	NotSupported	VK_KHR_ray_tracing_pipeline is not supported at vktTestCase.cpp:1394
dEQP-VK.robustness.robustness2.bind.notemplate.r32ui.unroll.nonvolatile.storage_image.no_fmt_qual.img.samples_4.2d.comp_compute	NotSupported	robustImageAccess2 not supported at vktRobustnessExtsTests.cpp:665
dEQP-VK.robustness.robustness2.bind.notemplate.r32ui.unroll.nonvolatile.storage_image.no_fmt_qual.img.samples_4.2d.vert	NotSupported	robustImageAccess2 not supported at vktRobustnessExtsTests.cpp:665
dEQP-VK.robustness.robustness2.bind.notemplate.r32ui.unroll.nonvolatile.storage_image.no_fmt_qual.img.samples_4.2d_array.rgen	NotSupported	VK_KHR_ray_tracing_pipeline is not supported at vktTestCase.cpp:1394
dEQP-VK.robustness.robustness2.bind.notemplate.r32ui.unroll.nonvolatile.storage_image.no_fmt_qual.null_descriptor.samples_1.1d.comp_compute	NotSupported	Exclusive compute queue not supported. at vktRobustnessExtsTests.cpp:737
dEQP-VK.robustness.robustness2.bind.notemplate.r32ui.unroll.nonvolatile.storage_image.no_fmt_qual.null_descriptor.samples_1.1d.vert	Pass	Pass
dEQP-VK.robustness.robustness2.bind.notemplate.r32ui.unroll.nonvolatile.storage_image.no_fmt_qual.null_descriptor.samples_1.1d_array.rgen	NotSupported	VK_KHR_ray_tracing_pipeline is not supported at vktTestCase.cpp:1394
dEQP-VK.robustness.robustness2.bind.notemplate.r32ui.unroll.nonvolatile.storage_image.no_fmt_qual.null_descriptor.samples_1.2d.comp_compute	NotSupported	Exclusive compute queue not supported. at vktRobustnessExtsTests.cpp:737
dEQP-VK.robustness.robustness2.bind.notemplate.r32ui.unroll.nonvolatile.storage_image.no_fmt_qual.null_descriptor.samples_1.2d.vert	Pass	Pass
dEQP-VK.robustness.robustness2.bind.notemplate.r32ui.unroll.nonvolatile.storage_image.no_fmt_qual.null_descriptor.samples_1.2d_array.rgen	NotSupported	VK_KHR_ray_tracing_pipeline is not supported at vktTestCase.cpp:1394
dEQP-VK.robustness.robustness2.bind.notemplate.r32ui.unroll.nonvolatile.storage_image.no_fmt_qual.null_descriptor.samples_1.3d.comp_compute	NotSupported	Exclusive compute queue not supported. at vktRobustnessExtsTests.cpp:737
dEQP-VK.robustness.robustness2.bind.notemplate.r32ui.unroll.nonvolatile.storage_image.no_fmt_qual.null_descriptor.samples_1.3d.vert	Pass	Pass
dEQP-VK.robustness.robustness2.bind.notemplate.r32ui.unroll.nonvolatile.storage_image.no_fmt_qual.null_descriptor.samples_1.cube.rgen	NotSupported	VK_KHR_ray_tracing_pipeline is not supported at vktTestCase.cpp:1394
dEQP-VK.robustness.robustness2.bind.notemplate.r32ui.unroll.nonvolatile.storage_image.no_fmt_qual.null_descriptor.samples_1.cube_array.comp_compute	NotSupported	Exclusive compute queue not supported. at vktRobustnessExtsTests.cpp:737
dEQP-VK.robustness.robustness2.bind.notemplate.r32ui.unroll.nonvolatile.storage_image.no_fmt_qual.null_descriptor.samples_1.cube_array.vert	Pass	Pass
dEQP-VK.robustness.robustness2.bind.notemplate.r32ui.unroll.nonvolatile.storage_image.no_fmt_qual.null_descriptor.samples_4.2d.rgen	NotSupported	VK_KHR_ray_tracing_pipeline is not supported at vktTestCase.cpp:1394
dEQP-VK.robustness.robustness2.bind.notemplate.r32ui.unroll.nonvolatile.storage_image.no_fmt_qual.null_descriptor.samples_4.2d_array.comp_compute	NotSupported	shaderStorageImageMultisample not supported at vktRobustnessExtsTests.cpp:685
dEQP-VK.robustness.robustness2.bind.notemplate.r32ui.unroll.nonvolatile.storage_image.no_fmt_qual.null_descriptor.samples_4.2d_array.vert	NotSupported	shaderStorageImageMultisample not supported at vktRobustnessExtsTests.cpp:685
dEQP-VK.robustness.robustness2.bind.notemplate.r32ui.unroll.nonvolatile.storage_texel_buffer.fmt_qual.len_12.samples_1.1d.comp	Fail	Fail
dEQP-VK.robustness.robustness2.bind.notemplate.r32ui.unroll.nonvolatile.storage_texel_buffer.fmt_qual.len_12.samples_1.1d.comp_compute	NotSupported	Exclusive compute queue not supported. at vktRobustnessExtsTests.cpp:737
dEQP-VK.robustness.robustness2.bind.notemplate.r32ui.unroll.nonvolatile.storage_texel_buffer.fmt_qual.len_12.samples_1.1d.frag	Fail	Fail
dEQP-VK.robustness.robustness2.bind.notemplate.r32ui.unroll.nonvolatile.storage_texel_buffer.fmt_qual.len_12.samples_1.1d.rgen	NotSupported	VK_KHR_ray_tracing_pipeline is not supported at vktTestCase.cpp:1394
dEQP-VK.robustness.robustness2.bind.notemplate.r32ui.unroll.nonvolatile.storage_texel_buffer.fmt_qual.len_12.samples_1.1d.rgen_compute	NotSupported	VK_KHR_ray_tracing_pipeline is not supported at vktTestCase.cpp:1394
dEQP-VK.robustness.robustness2.bind.notemplate.r32ui.unroll.nonvolatile.storage_texel_buffer.fmt_qual.len_12.samples_1.1d.vert	Fail	Fail
dEQP-VK.robustness.robustness2.bind.notemplate.r32ui.unroll.nonvolatile.storage_texel_buffer.fmt_qual.len_16.samples_1.1d.comp	Fail	Fail
dEQP-VK.robustness.robustness2.bind.notemplate.r32ui.unroll.nonvolatile.storage_texel_buffer.fmt_qual.len_16.samples_1.1d.comp_compute	NotSupported	Exclusive compute queue not supported. at vktRobustnessExtsTests.cpp:737
dEQP-VK.robustness.robustness2.bind.notemplate.r32ui.unroll.nonvolatile.storage_texel_buffer.fmt_qual.len_16.samples_1.1d.frag	Fail	Fail
dEQP-VK.robustness.robustness2.bind.notemplate.r32ui.unroll.nonvolatile.storage_texel_buffer.fmt_qual.len_16.samples_1.1d.rgen	NotSupported	VK_KHR_ray_tracing_pipeline is not supported at vktTestCase.cpp:1394
dEQP-VK.robustness.robustness2.bind.notemplate.r32ui.unroll.nonvolatile.storage_texel_buffer.fmt_qual.len_16.samples_1.1d.rgen_compute	NotSupported	VK_KHR_ray_tracing_pipeline is not supported at vktTestCase.cpp:1394
dEQP-VK.robustness.robustness2.bind.notemplate.r32ui.unroll.nonvolatile.storage_texel_buffer.fmt_qual.len_16.samples_1.1d.vert	Fail	Fail
dEQP-VK.robustness.robustness2.bind.notemplate.r32ui.unroll.nonvolatile.storage_texel_buffer.fmt_qual.len_20.samples_1.1d.comp	Fail	Fail
dEQP-VK.robustness.robustness2.bind.notemplate.r32ui.unroll.nonvolatile.storage_texel_buffer.fmt_qual.len_20.samples_1.1d.comp_compute	NotSupported	Exclusive compute queue not supported. at vktRobustnessExtsTests.cpp:737
dEQP-VK.robustness.robustness2.bind.notemplate.r32ui.unroll.nonvolatile.storage_texel_buffer.fmt_qual.len_20.samples_1.1d.frag	Fail	Fail
dEQP-VK.robustness.robustness2.bind.notemplate.r32ui.unroll.nonvolatile.storage_texel_buffer.fmt_qual.len_20.samples_1.1d.rgen	NotSupported	VK_KHR_ray_tracing_pipeline is not supported at vktTestCase.cpp:1394
dEQP-VK.robustness.robustness2.bind.notemplate.r32ui.unroll.nonvolatile.storage_texel_buffer.fmt_qual.len_20.samples_1.1d.rgen_compute	NotSupported	VK_KHR_ray_tracing_pipeline is not supported at vktTestCase.cpp:1394
dEQP-VK.robustness.robustness2.bind.notemplate.r32ui.unroll.nonvolatile.storage_texel_buffer.fmt_qual.len_20.samples_1.1d.vert	Fail	Fail
dEQP-VK.robustness.robustness2.bind.notemplate.r32ui.unroll.nonvolatile.storage_texel_buffer.fmt_qual.len_252.samples_1.1d.comp	Fail	Fail
dEQP-VK.robustness.robustness2.bind.notemplate.r32ui.unroll.nonvolatile.storage_texel_buffer.fmt_qual.len_252.samples_1.1d.comp_compute	NotSupported	Exclusive compute queue not supported. at vktRobustnessExtsTests.cpp:737
dEQP-VK.robustness.robustness2.bind.notemplate.r32ui.unroll.nonvolatile.storage_texel_buffer.fmt_qual.len_252.samples_1.1d.frag	Fail	Fail
dEQP-VK.robustness.robustness2.bind.notemplate.r32ui.unroll.nonvolatile.storage_texel_buffer.fmt_qual.len_252.samples_1.1d.rgen	NotSupported	VK_KHR_ray_tracing_pipeline is not supported at vktTestCase.cpp:1394
dEQP-VK.robustness.robustness2.bind.notemplate.r32ui.unroll.nonvolatile.storage_texel_buffer.fmt_qual.len_252.samples_1.1d.rgen_compute	NotSupported	VK_KHR_ray_tracing_pipeline is not supported at vktTestCase.cpp:1394
dEQP-VK.robustness.robustness2.bind.notemplate.r32ui.unroll.nonvolatile.storage_texel_buffer.fmt_qual.len_252.samples_1.1d.vert	Fail	Fail
dEQP-VK.robustness.robustness2.bind.notemplate.r32ui.unroll.nonvolatile.storage_texel_buffer.fmt_qual.len_256.samples_1.1d.comp	Fail	Fail
dEQP-VK.robustness.robustness2.bind.notemplate.r32ui.unroll.nonvolatile.storage_texel_buffer.fmt_qual.len_256.samples_1.1d.comp_compute	NotSupported	Exclusive compute queue not supported. at vktRobustnessExtsTests.cpp:737
dEQP-VK.robustness.robustness2.bind.notemplate.r32ui.unroll.nonvolatile.storage_texel_buffer.fmt_qual.len_256.samples_1.1d.frag	Fail	Fail
dEQP-VK.robustness.robustness2.bind.notemplate.r32ui.unroll.nonvolatile.storage_texel_buffer.fmt_qual.len_256.samples_1.1d.rgen	NotSupported	VK_KHR_ray_tracing_pipeline is not supported at vktTestCase.cpp:1394
dEQP-VK.robustness.robustness2.bind.notemplate.r32ui.unroll.nonvolatile.storage_texel_buffer.fmt_qual.len_256.samples_1.1d.rgen_compute	NotSupported	VK_KHR_ray_tracing_pipeline is not supported at vktTestCase.cpp:1394
dEQP-VK.robustness.robustness2.bind.notemplate.r32ui.unroll.nonvolatile.storage_texel_buffer.fmt_qual.len_256.samples_1.1d.vert	Fail	Fail
dEQP-VK.robustness.robustness2.bind.notemplate.r32ui.unroll.nonvolatile.storage_texel_buffer.fmt_qual.len_260.samples_1.1d.comp	Fail	Fail
dEQP-VK.robustness.robustness2.bind.notemplate.r32ui.unroll.nonvolatile.storage_texel_buffer.fmt_qual.len_260.samples_1.1d.comp_compute	NotSupported	Exclusive compute queue not supported. at vktRobustnessExtsTests.cpp:737
dEQP-VK.robustness.robustness2.bind.notemplate.r32ui.unroll.nonvolatile.storage_texel_buffer.fmt_qual.len_260.samples_1.1d.frag	Fail	Fail
dEQP-VK.robustness.robustness2.bind.notemplate.r32ui.unroll.nonvolatile.storage_texel_buffer.fmt_qual.len_260.samples_1.1d.rgen	NotSupported	VK_KHR_ray_tracing_pipeline is not supported at vktTestCase.cpp:1394
dEQP-VK.robustness.robustness2.bind.notemplate.r32ui.unroll.nonvolatile.storage_texel_buffer.fmt_qual.len_260.samples_1.1d.rgen_compute	NotSupported	VK_KHR_ray_tracing_pipeline is not supported at vktTestCase.cpp:1394
dEQP-VK.robustness.robustness2.bind.notemplate.r32ui.unroll.nonvolatile.storage_texel_buffer.fmt_qual.len_260.samples_1.1d.vert	Fail	Fail
dEQP-VK.robustness.robustness2.bind.notemplate.r32ui.unroll.nonvolatile.storage_texel_buffer.fmt_qual.len_32.samples_1.1d.comp	Fail	Fail
dEQP-VK.robustness.robustness2.bind.notemplate.r32ui.unroll.nonvolatile.storage_texel_buffer.fmt_qual.len_32.samples_1.1d.comp_compute	NotSupported	Exclusive compute queue not supported. at vktRobustnessExtsTests.cpp:737
dEQP-VK.robustness.robustness2.bind.notemplate.r32ui.unroll.nonvolatile.storage_texel_buffer.fmt_qual.len_32.samples_1.1d.frag	Fail	Fail
dEQP-VK.robustness.robustness2.bind.notemplate.r32ui.unroll.nonvolatile.storage_texel_buffer.fmt_qual.len_32.samples_1.1d.rgen	NotSupported	VK_KHR_ray_tracing_pipeline is not supported at vktTestCase.cpp:1394
dEQP-VK.robustness.robustness2.bind.notemplate.r32ui.unroll.nonvolatile.storage_texel_buffer.fmt_qual.len_32.samples_1.1d.rgen_compute	NotSupported	VK_KHR_ray_tracing_pipeline is not supported at vktTestCase.cpp:1394
dEQP-VK.robustness.robustness2.bind.notemplate.r32ui.unroll.nonvolatile.storage_texel_buffer.fmt_qual.len_32.samples_1.1d.vert	Fail	Fail
dEQP-VK.robustness.robustness2.bind.notemplate.r32ui.unroll.nonvolatile.storage_texel_buffer.fmt_qual.len_36.samples_1.1d.comp	Fail	Fail
dEQP-VK.robustness.robustness2.bind.notemplate.r32ui.unroll.nonvolatile.storage_texel_buffer.fmt_qual.len_36.samples_1.1d.comp_compute	NotSupported	Exclusive compute queue not supported. at vktRobustnessExtsTests.cpp:737
dEQP-VK.robustness.robustness2.bind.notemplate.r32ui.unroll.nonvolatile.storage_texel_buffer.fmt_qual.len_36.samples_1.1d.frag	Fail	Fail
dEQP-VK.robustness.robustness2.bind.notemplate.r32ui.unroll.nonvolatile.storage_texel_buffer.fmt_qual.len_36.samples_1.1d.rgen	NotSupported	VK_KHR_ray_tracing_pipeline is not supported at vktTestCase.cpp:1394
dEQP-VK.robustness.robustness2.bind.notemplate.r32ui.unroll.nonvolatile.storage_texel_buffer.fmt_qual.len_36.samples_1.1d.rgen_compute	NotSupported	VK_KHR_ray_tracing_pipeline is not supported at vktTestCase.cpp:1394
dEQP-VK.robustness.robustness2.bind.notemplate.r32ui.unroll.nonvolatile.storage_texel_buffer.fmt_qual.len_36.samples_1.1d.vert	Fail	Fail
dEQP-VK.robustness.robustness2.bind.notemplate.r32ui.unroll.nonvolatile.storage_texel_buffer.fmt_qual.len_4.samples_1.1d.comp	Fail	Fail
dEQP-VK.robustness.robustness2.bind.notemplate.r32ui.unroll.nonvolatile.storage_texel_buffer.fmt_qual.len_4.samples_1.1d.comp_compute	NotSupported	Exclusive compute queue not supported. at vktRobustnessExtsTests.cpp:737
dEQP-VK.robustness.robustness2.bind.notemplate.r32ui.unroll.nonvolatile.storage_texel_buffer.fmt_qual.len_4.samples_1.1d.frag	Fail	Fail
dEQP-VK.robustness.robustness2.bind.notemplate.r32ui.unroll.nonvolatile.storage_texel_buffer.fmt_qual.len_4.samples_1.1d.rgen	NotSupported	VK_KHR_ray_tracing_pipeline is not supported at vktTestCase.cpp:1394
dEQP-VK.robustness.robustness2.bind.notemplate.r32ui.unroll.nonvolatile.storage_texel_buffer.fmt_qual.len_4.samples_1.1d.rgen_compute	NotSupported	VK_KHR_ray_tracing_pipeline is not supported at vktTestCase.cpp:1394
dEQP-VK.robustness.robustness2.bind.notemplate.r32ui.unroll.nonvolatile.storage_texel_buffer.fmt_qual.len_4.samples_1.1d.vert	Fail	Fail
dEQP-VK.robustness.robustness2.bind.notemplate.r32ui.unroll.nonvolatile.storage_texel_buffer.fmt_qual.len_41.samples_1.1d.comp	Fail	Fail
dEQP-VK.robustness.robustness2.bind.notemplate.r32ui.unroll.nonvolatile.storage_texel_buffer.fmt_qual.len_41.samples_1.1d.comp_compute	NotSupported	Exclusive compute queue not supported. at vktRobustnessExtsTests.cpp:737
dEQP-VK.robustness.robustness2.bind.notemplate.r32ui.unroll.nonvolatile.storage_texel_buffer.fmt_qual.len_41.samples_1.1d.frag	Fail	Fail
dEQP-VK.robustness.robustness2.bind.notemplate.r32ui.unroll.nonvolatile.storage_texel_buffer.fmt_qual.len_41.samples_1.1d.rgen	NotSupported	VK_KHR_ray_tracing_pipeline is not supported at vktTestCase.cpp:1394
dEQP-VK.robustness.robustness2.bind.notemplate.r32ui.unroll.nonvolatile.storage_texel_buffer.fmt_qual.len_41.samples_1.1d.rgen_compute	NotSupported	VK_KHR_ray_tracing_pipeline is not supported at vktTestCase.cpp:1394
dEQP-VK.robustness.robustness2.bind.notemplate.r32ui.unroll.nonvolatile.storage_texel_buffer.fmt_qual.len_41.samples_1.1d.vert	Fail	Fail
dEQP-VK.robustness.robustness2.bind.notemplate.r32ui.unroll.nonvolatile.storage_texel_buffer.fmt_qual.len_8.samples_1.1d.comp	Fail	Fail
dEQP-VK.robustness.robustness2.bind.notemplate.r32ui.unroll.nonvolatile.storage_texel_buffer.fmt_qual.len_8.samples_1.1d.comp_compute	NotSupported	Exclusive compute queue not supported. at vktRobustnessExtsTests.cpp:737
dEQP-VK.robustness.robustness2.bind.notemplate.r32ui.unroll.nonvolatile.storage_texel_buffer.fmt_qual.len_8.samples_1.1d.frag	Fail	Fail
dEQP-VK.robustness.robustness2.bind.notemplate.r32ui.unroll.nonvolatile.storage_texel_buffer.fmt_qual.len_8.samples_1.1d.rgen	NotSupported	VK_KHR_ray_tracing_pipeline is not supported at vktTestCase.cpp:1394
dEQP-VK.robustness.robustness2.bind.notemplate.r32ui.unroll.nonvolatile.storage_texel_buffer.fmt_qual.len_8.samples_1.1d.rgen_compute	NotSupported	VK_KHR_ray_tracing_pipeline is not supported at vktTestCase.cpp:1394
dEQP-VK.robustness.robustness2.bind.notemplate.r32ui.unroll.nonvolatile.storage_texel_buffer.fmt_qual.len_8.samples_1.1d.vert	Fail	Fail
dEQP-VK.robustness.robustness2.bind.notemplate.r32ui.unroll.nonvolatile.storage_texel_buffer.fmt_qual.null_descriptor.samples_1.1d.comp	Pass	Pass
dEQP-VK.robustness.robustness2.bind.notemplate.r32ui.unroll.nonvolatile.storage_texel_buffer.fmt_qual.null_descriptor.samples_1.1d.comp_compute	NotSupported	Exclusive compute queue not supported. at vktRobustnessExtsTests.cpp:737
dEQP-VK.robustness.robustness2.bind.notemplate.r32ui.unroll.nonvolatile.storage_texel_buffer.fmt_qual.null_descriptor.samples_1.1d.frag	Pass	Pass
dEQP-VK.robustness.robustness2.bind.notemplate.r32ui.unroll.nonvolatile.storage_texel_buffer.fmt_qual.null_descriptor.samples_1.1d.rgen	NotSupported	VK_KHR_ray_tracing_pipeline is not supported at vktTestCase.cpp:1394
dEQP-VK.robustness.robustness2.bind.notemplate.r32ui.unroll.nonvolatile.storage_texel_buffer.fmt_qual.null_descriptor.samples_1.1d.rgen_compute	NotSupported	VK_KHR_ray_tracing_pipeline is not supported at vktTestCase.cpp:1394
dEQP-VK.robustness.robustness2.bind.notemplate.r32ui.unroll.nonvolatile.storage_texel_buffer.fmt_qual.null_descriptor.samples_1.1d.vert	Pass	Pass
dEQP-VK.robustness.robustness2.bind.notemplate.r32ui.unroll.nonvolatile.storage_texel_buffer.no_fmt_qual.len_12.samples_1.1d.comp	Fail	Fail
dEQP-VK.robustness.robustness2.bind.notemplate.r32ui.unroll.nonvolatile.storage_texel_buffer.no_fmt_qual.len_12.samples_1.1d.comp_compute	NotSupported	Exclusive compute queue not supported. at vktRobustnessExtsTests.cpp:737
dEQP-VK.robustness.robustness2.bind.notemplate.r32ui.unroll.nonvolatile.storage_texel_buffer.no_fmt_qual.len_12.samples_1.1d.frag	Fail	Fail
dEQP-VK.robustness.robustness2.bind.notemplate.r32ui.unroll.nonvolatile.storage_texel_buffer.no_fmt_qual.len_12.samples_1.1d.rgen	NotSupported	VK_KHR_ray_tracing_pipeline is not supported at vktTestCase.cpp:1394
dEQP-VK.robustness.robustness2.bind.notemplate.r32ui.unroll.nonvolatile.storage_texel_buffer.no_fmt_qual.len_12.samples_1.1d.rgen_compute	NotSupported	VK_KHR_ray_tracing_pipeline is not supported at vktTestCase.cpp:1394
dEQP-VK.robustness.robustness2.bind.notemplate.r32ui.unroll.nonvolatile.storage_texel_buffer.no_fmt_qual.len_12.samples_1.1d.vert	Fail	Fail
dEQP-VK.robustness.robustness2.bind.notemplate.r32ui.unroll.nonvolatile.storage_texel_buffer.no_fmt_qual.len_16.samples_1.1d.comp	Fail	Fail
dEQP-VK.robustness.robustness2.bind.notemplate.r32ui.unroll.nonvolatile.storage_texel_buffer.no_fmt_qual.len_16.samples_1.1d.comp_compute	NotSupported	Exclusive compute queue not supported. at vktRobustnessExtsTests.cpp:737
dEQP-VK.robustness.robustness2.bind.notemplate.r32ui.unroll.nonvolatile.storage_texel_buffer.no_fmt_qual.len_16.samples_1.1d.frag	Fail	Fail
dEQP-VK.robustness.robustness2.bind.notemplate.r32ui.unroll.nonvolatile.storage_texel_buffer.no_fmt_qual.len_16.samples_1.1d.rgen	NotSupported	VK_KHR_ray_tracing_pipeline is not supported at vktTestCase.cpp:1394
dEQP-VK.robustness.robustness2.bind.notemplate.r32ui.unroll.nonvolatile.storage_texel_buffer.no_fmt_qual.len_16.samples_1.1d.rgen_compute	NotSupported	VK_KHR_ray_tracing_pipeline is not supported at vktTestCase.cpp:1394
dEQP-VK.robustness.robustness2.bind.notemplate.r32ui.unroll.nonvolatile.storage_texel_buffer.no_fmt_qual.len_16.samples_1.1d.vert	Fail	Fail
dEQP-VK.robustness.robustness2.bind.notemplate.r32ui.unroll.nonvolatile.storage_texel_buffer.no_fmt_qual.len_20.samples_1.1d.comp	Fail	Fail
dEQP-VK.robustness.robustness2.bind.notemplate.r32ui.unroll.nonvolatile.storage_texel_buffer.no_fmt_qual.len_20.samples_1.1d.comp_compute	NotSupported	Exclusive compute queue not supported. at vktRobustnessExtsTests.cpp:737
dEQP-VK.robustness.robustness2.bind.notemplate.r32ui.unroll.nonvolatile.storage_texel_buffer.no_fmt_qual.len_20.samples_1.1d.frag	Fail	Fail
dEQP-VK.robustness.robustness2.bind.notemplate.r32ui.unroll.nonvolatile.storage_texel_buffer.no_fmt_qual.len_20.samples_1.1d.rgen	NotSupported	VK_KHR_ray_tracing_pipeline is not supported at vktTestCase.cpp:1394
dEQP-VK.robustness.robustness2.bind.notemplate.r32ui.unroll.nonvolatile.storage_texel_buffer.no_fmt_qual.len_20.samples_1.1d.rgen_compute	NotSupported	VK_KHR_ray_tracing_pipeline is not supported at vktTestCase.cpp:1394
dEQP-VK.robustness.robustness2.bind.notemplate.r32ui.unroll.nonvolatile.storage_texel_buffer.no_fmt_qual.len_20.samples_1.1d.vert	Fail	Fail
dEQP-VK.robustness.robustness2.bind.notemplate.r32ui.unroll.nonvolatile.storage_texel_buffer.no_fmt_qual.len_252.samples_1.1d.comp	Fail	Fail
dEQP-VK.robustness.robustness2.bind.notemplate.r32ui.unroll.nonvolatile.storage_texel_buffer.no_fmt_qual.len_252.samples_1.1d.comp_compute	NotSupported	Exclusive compute queue not supported. at vktRobustnessExtsTests.cpp:737
dEQP-VK.robustness.robustness2.bind.notemplate.r32ui.unroll.nonvolatile.storage_texel_buffer.no_fmt_qual.len_252.samples_1.1d.frag	Fail	Fail
dEQP-VK.robustness.robustness2.bind.notemplate.r32ui.unroll.nonvolatile.storage_texel_buffer.no_fmt_qual.len_252.samples_1.1d.rgen	NotSupported	VK_KHR_ray_tracing_pipeline is not supported at vktTestCase.cpp:1394
dEQP-VK.robustness.robustness2.bind.notemplate.r32ui.unroll.nonvolatile.storage_texel_buffer.no_fmt_qual.len_252.samples_1.1d.rgen_compute	NotSupported	VK_KHR_ray_tracing_pipeline is not supported at vktTestCase.cpp:1394
dEQP-VK.robustness.robustness2.bind.notemplate.r32ui.unroll.nonvolatile.storage_texel_buffer.no_fmt_qual.len_252.samples_1.1d.vert	Fail	Fail
dEQP-VK.robustness.robustness2.bind.notemplate.r32ui.unroll.nonvolatile.storage_texel_buffer.no_fmt_qual.len_256.samples_1.1d.comp	Fail	Fail
dEQP-VK.robustness.robustness2.bind.notemplate.r32ui.unroll.nonvolatile.storage_texel_buffer.no_fmt_qual.len_256.samples_1.1d.comp_compute	NotSupported	Exclusive compute queue not supported. at vktRobustnessExtsTests.cpp:737
dEQP-VK.robustness.robustness2.bind.notemplate.r32ui.unroll.nonvolatile.storage_texel_buffer.no_fmt_qual.len_256.samples_1.1d.frag	Fail	Fail
dEQP-VK.robustness.robustness2.bind.notemplate.r32ui.unroll.nonvolatile.storage_texel_buffer.no_fmt_qual.len_256.samples_1.1d.rgen	NotSupported	VK_KHR_ray_tracing_pipeline is not supported at vktTestCase.cpp:1394
dEQP-VK.robustness.robustness2.bind.notemplate.r32ui.unroll.nonvolatile.storage_texel_buffer.no_fmt_qual.len_256.samples_1.1d.rgen_compute	NotSupported	VK_KHR_ray_tracing_pipeline is not supported at vktTestCase.cpp:1394
dEQP-VK.robustness.robustness2.bind.notemplate.r32ui.unroll.nonvolatile.storage_texel_buffer.no_fmt_qual.len_256.samples_1.1d.vert	Fail	Fail
dEQP-VK.robustness.robustness2.bind.notemplate.r32ui.unroll.nonvolatile.storage_texel_buffer.no_fmt_qual.len_260.samples_1.1d.comp	Fail	Fail
dEQP-VK.robustness.robustness2.bind.notemplate.r32ui.unroll.nonvolatile.storage_texel_buffer.no_fmt_qual.len_260.samples_1.1d.comp_compute	NotSupported	Exclusive compute queue not supported. at vktRobustnessExtsTests.cpp:737
dEQP-VK.robustness.robustness2.bind.notemplate.r32ui.unroll.nonvolatile.storage_texel_buffer.no_fmt_qual.len_260.samples_1.1d.frag	Fail	Fail
dEQP-VK.robustness.robustness2.bind.notemplate.r32ui.unroll.nonvolatile.storage_texel_buffer.no_fmt_qual.len_260.samples_1.1d.rgen	NotSupported	VK_KHR_ray_tracing_pipeline is not supported at vktTestCase.cpp:1394
dEQP-VK.robustness.robustness2.bind.notemplate.r32ui.unroll.nonvolatile.storage_texel_buffer.no_fmt_qual.len_260.samples_1.1d.rgen_compute	NotSupported	VK_KHR_ray_tracing_pipeline is not supported at vktTestCase.cpp:1394
dEQP-VK.robustness.robustness2.bind.notemplate.r32ui.unroll.nonvolatile.storage_texel_buffer.no_fmt_qual.len_260.samples_1.1d.vert	Fail	Fail
dEQP-VK.robustness.robustness2.bind.notemplate.r32ui.unroll.nonvolatile.storage_texel_buffer.no_fmt_qual.len_32.samples_1.1d.comp	Fail	Fail
dEQP-VK.robustness.robustness2.bind.notemplate.r32ui.unroll.nonvolatile.storage_texel_buffer.no_fmt_qual.len_32.samples_1.1d.comp_compute	NotSupported	Exclusive compute queue not supported. at vktRobustnessExtsTests.cpp:737
dEQP-VK.robustness.robustness2.bind.notemplate.r32ui.unroll.nonvolatile.storage_texel_buffer.no_fmt_qual.len_32.samples_1.1d.frag	Fail	Fail
dEQP-VK.robustness.robustness2.bind.notemplate.r32ui.unroll.nonvolatile.storage_texel_buffer.no_fmt_qual.len_32.samples_1.1d.rgen	NotSupported	VK_KHR_ray_tracing_pipeline is not supported at vktTestCase.cpp:1394
dEQP-VK.robustness.robustness2.bind.notemplate.r32ui.unroll.nonvolatile.storage_texel_buffer.no_fmt_qual.len_32.samples_1.1d.rgen_compute	NotSupported	VK_KHR_ray_tracing_pipeline is not supported at vktTestCase.cpp:1394
dEQP-VK.robustness.robustness2.bind.notemplate.r32ui.unroll.nonvolatile.storage_texel_buffer.no_fmt_qual.len_32.samples_1.1d.vert	Fail	Fail
dEQP-VK.robustness.robustness2.bind.notemplate.r32ui.unroll.nonvolatile.storage_texel_buffer.no_fmt_qual.len_36.samples_1.1d.comp	Fail	Fail
dEQP-VK.robustness.robustness2.bind.notemplate.r32ui.unroll.nonvolatile.storage_texel_buffer.no_fmt_qual.len_36.samples_1.1d.comp_compute	NotSupported	Exclusive compute queue not supported. at vktRobustnessExtsTests.cpp:737
dEQP-VK.robustness.robustness2.bind.notemplate.r32ui.unroll.nonvolatile.storage_texel_buffer.no_fmt_qual.len_36.samples_1.1d.frag	Fail	Fail
dEQP-VK.robustness.robustness2.bind.notemplate.r32ui.unroll.nonvolatile.storage_texel_buffer.no_fmt_qual.len_36.samples_1.1d.rgen	NotSupported	VK_KHR_ray_tracing_pipeline is not supported at vktTestCase.cpp:1394
dEQP-VK.robustness.robustness2.bind.notemplate.r32ui.unroll.nonvolatile.storage_texel_buffer.no_fmt_qual.len_36.samples_1.1d.rgen_compute	NotSupported	VK_KHR_ray_tracing_pipeline is not supported at vktTestCase.cpp:1394
dEQP-VK.robustness.robustness2.bind.notemplate.r32ui.unroll.nonvolatile.storage_texel_buffer.no_fmt_qual.len_36.samples_1.1d.vert	Fail	Fail
dEQP-VK.robustness.robustness2.bind.notemplate.r32ui.unroll.nonvolatile.storage_texel_buffer.no_fmt_qual.len_4.samples_1.1d.comp	Fail	Fail
dEQP-VK.robustness.robustness2.bind.notemplate.r32ui.unroll.nonvolatile.storage_texel_buffer.no_fmt_qual.len_4.samples_1.1d.comp_compute	NotSupported	Exclusive compute queue not supported. at vktRobustnessExtsTests.cpp:737
dEQP-VK.robustness.robustness2.bind.notemplate.r32ui.unroll.nonvolatile.storage_texel_buffer.no_fmt_qual.len_4.samples_1.1d.frag	Fail	Fail
dEQP-VK.robustness.robustness2.bind.notemplate.r32ui.unroll.nonvolatile.storage_texel_buffer.no_fmt_qual.len_4.samples_1.1d.rgen	NotSupported	VK_KHR_ray_tracing_pipeline is not supported at vktTestCase.cpp:1394
dEQP-VK.robustness.robustness2.bind.notemplate.r32ui.unroll.nonvolatile.storage_texel_buffer.no_fmt_qual.len_4.samples_1.1d.rgen_compute	NotSupported	VK_KHR_ray_tracing_pipeline is not supported at vktTestCase.cpp:1394
dEQP-VK.robustness.robustness2.bind.notemplate.r32ui.unroll.nonvolatile.storage_texel_buffer.no_fmt_qual.len_4.samples_1.1d.vert	Fail	Fail
dEQP-VK.robustness.robustness2.bind.notemplate.r32ui.unroll.nonvolatile.storage_texel_buffer.no_fmt_qual.len_41.samples_1.1d.comp	Fail	Fail
dEQP-VK.robustness.robustness2.bind.notemplate.r32ui.unroll.nonvolatile.storage_texel_buffer.no_fmt_qual.len_41.samples_1.1d.comp_compute	NotSupported	Exclusive compute queue not supported. at vktRobustnessExtsTests.cpp:737
dEQP-VK.robustness.robustness2.bind.notemplate.r32ui.unroll.nonvolatile.storage_texel_buffer.no_fmt_qual.len_41.samples_1.1d.frag	Fail	Fail
dEQP-VK.robustness.robustness2.bind.notemplate.r32ui.unroll.nonvolatile.storage_texel_buffer.no_fmt_qual.len_41.samples_1.1d.rgen	NotSupported	VK_KHR_ray_tracing_pipeline is not supported at vktTestCase.cpp:1394
dEQP-VK.robustness.robustness2.bind.notemplate.r32ui.unroll.nonvolatile.storage_texel_buffer.no_fmt_qual.len_41.samples_1.1d.rgen_compute	NotSupported	VK_KHR_ray_tracing_pipeline is not supported at vktTestCase.cpp:1394
dEQP-VK.robustness.robustness2.bind.notemplate.r32ui.unroll.nonvolatile.storage_texel_buffer.no_fmt_qual.len_41.samples_1.1d.vert	Fail	Fail
dEQP-VK.robustness.robustness2.bind.notemplate.r32ui.unroll.nonvolatile.storage_texel_buffer.no_fmt_qual.len_8.samples_1.1d.comp	Fail	Fail
dEQP-VK.robustness.robustness2.bind.notemplate.r32ui.unroll.nonvolatile.storage_texel_buffer.no_fmt_qual.len_8.samples_1.1d.comp_compute	NotSupported	Exclusive compute queue not supported. at vktRobustnessExtsTests.cpp:737
dEQP-VK.robustness.robustness2.bind.notemplate.r32ui.unroll.nonvolatile.storage_texel_buffer.no_fmt_qual.len_8.samples_1.1d.frag	Fail	Fail
dEQP-VK.robustness.robustness2.bind.notemplate.r32ui.unroll.nonvolatile.storage_texel_buffer.no_fmt_qual.len_8.samples_1.1d.rgen	NotSupported	VK_KHR_ray_tracing_pipeline is not supported at vktTestCase.cpp:1394
dEQP-VK.robustness.robustness2.bind.notemplate.r32ui.unroll.nonvolatile.storage_texel_buffer.no_fmt_qual.len_8.samples_1.1d.rgen_compute	NotSupported	VK_KHR_ray_tracing_pipeline is not supported at vktTestCase.cpp:1394
dEQP-VK.robustness.robustness2.bind.notemplate.r32ui.unroll.nonvolatile.storage_texel_buffer.no_fmt_qual.len_8.samples_1.1d.vert	Fail	Fail
dEQP-VK.robustness.robustness2.bind.notemplate.r32ui.unroll.nonvolatile.storage_texel_buffer.no_fmt_qual.null_descriptor.samples_1.1d.comp	Pass	Pass
dEQP-VK.robustness.robustness2.bind.notemplate.r32ui.unroll.nonvolatile.storage_texel_buffer.no_fmt_qual.null_descriptor.samples_1.1d.comp_compute	NotSupported	Exclusive compute queue not supported. at vktRobustnessExtsTests.cpp:737
dEQP-VK.robustness.robustness2.bind.notemplate.r32ui.unroll.nonvolatile.storage_texel_buffer.no_fmt_qual.null_descriptor.samples_1.1d.frag	Pass	Pass
dEQP-VK.robustness.robustness2.bind.notemplate.r32ui.unroll.nonvolatile.storage_texel_buffer.no_fmt_qual.null_descriptor.samples_1.1d.rgen	NotSupported	VK_KHR_ray_tracing_pipeline is not supported at vktTestCase.cpp:1394
dEQP-VK.robustness.robustness2.bind.notemplate.r32ui.unroll.nonvolatile.storage_texel_buffer.no_fmt_qual.null_descriptor.samples_1.1d.rgen_compute	NotSupported	VK_KHR_ray_tracing_pipeline is not supported at vktTestCase.cpp:1394
dEQP-VK.robustness.robustness2.bind.notemplate.r32ui.unroll.nonvolatile.storage_texel_buffer.no_fmt_qual.null_descriptor.samples_1.1d.vert	Pass	Pass
dEQP-VK.robustness.robustness2.bind.notemplate.r32ui.unroll.nonvolatile.uniform_buffer.no_fmt_qual.len_12.samples_1.1d.rgen	NotSupported	VK_KHR_ray_tracing_pipeline is not supported at vktTestCase.cpp:1394
dEQP-VK.robustness.robustness2.bind.notemplate.r32ui.unroll.nonvolatile.uniform_buffer.no_fmt_qual.len_16.samples_1.1d.comp_compute	NotSupported	Exclusive compute queue not supported. at vktRobustnessExtsTests.cpp:737
dEQP-VK.robustness.robustness2.bind.notemplate.r32ui.unroll.nonvolatile.uniform_buffer.no_fmt_qual.len_16.samples_1.1d.vert	Pass	Pass
dEQP-VK.robustness.robustness2.bind.notemplate.r32ui.unroll.nonvolatile.uniform_buffer.no_fmt_qual.len_20.samples_1.1d.rgen	NotSupported	VK_KHR_ray_tracing_pipeline is not supported at vktTestCase.cpp:1394
dEQP-VK.robustness.robustness2.bind.notemplate.r32ui.unroll.nonvolatile.uniform_buffer.no_fmt_qual.len_252.samples_1.1d.comp_compute	NotSupported	Exclusive compute queue not supported. at vktRobustnessExtsTests.cpp:737
dEQP-VK.robustness.robustness2.bind.notemplate.r32ui.unroll.nonvolatile.uniform_buffer.no_fmt_qual.len_252.samples_1.1d.vert	Pass	Pass
dEQP-VK.robustness.robustness2.bind.notemplate.r32ui.unroll.nonvolatile.uniform_buffer.no_fmt_qual.len_256.samples_1.1d.rgen	NotSupported	VK_KHR_ray_tracing_pipeline is not supported at vktTestCase.cpp:1394
dEQP-VK.robustness.robustness2.bind.notemplate.r32ui.unroll.nonvolatile.uniform_buffer.no_fmt_qual.len_260.samples_1.1d.comp_compute	NotSupported	Exclusive compute queue not supported. at vktRobustnessExtsTests.cpp:737
dEQP-VK.robustness.robustness2.bind.notemplate.r32ui.unroll.nonvolatile.uniform_buffer.no_fmt_qual.len_260.samples_1.1d.vert	Pass	Pass
dEQP-VK.robustness.robustness2.bind.notemplate.r32ui.unroll.nonvolatile.uniform_buffer.no_fmt_qual.len_31.samples_1.1d.rgen	NotSupported	VK_KHR_ray_tracing_pipeline is not supported at vktTestCase.cpp:1394
dEQP-VK.robustness.robustness2.bind.notemplate.r32ui.unroll.nonvolatile.uniform_buffer.no_fmt_qual.len_32.samples_1.1d.comp_compute	NotSupported	Exclusive compute queue not supported. at vktRobustnessExtsTests.cpp:737
dEQP-VK.robustness.robustness2.bind.notemplate.r32ui.unroll.nonvolatile.uniform_buffer.no_fmt_qual.len_32.samples_1.1d.vert	Pass	Pass
dEQP-VK.robustness.robustness2.bind.notemplate.r32ui.unroll.nonvolatile.uniform_buffer.no_fmt_qual.len_33.samples_1.1d.rgen	NotSupported	VK_KHR_ray_tracing_pipeline is not supported at vktTestCase.cpp:1394
dEQP-VK.robustness.robustness2.bind.notemplate.r32ui.unroll.nonvolatile.uniform_buffer.no_fmt_qual.len_35.samples_1.1d.comp_compute	NotSupported	Exclusive compute queue not supported. at vktRobustnessExtsTests.cpp:737
dEQP-VK.robustness.robustness2.bind.notemplate.r32ui.unroll.nonvolatile.uniform_buffer.no_fmt_qual.len_35.samples_1.1d.vert	Pass	Pass
dEQP-VK.robustness.robustness2.bind.notemplate.r32ui.unroll.nonvolatile.uniform_buffer.no_fmt_qual.len_36.samples_1.1d.rgen	NotSupported	VK_KHR_ray_tracing_pipeline is not supported at vktTestCase.cpp:1394
dEQP-VK.robustness.robustness2.bind.notemplate.r32ui.unroll.nonvolatile.uniform_buffer.no_fmt_qual.len_39.samples_1.1d.comp_compute	NotSupported	Exclusive compute queue not supported. at vktRobustnessExtsTests.cpp:737
dEQP-VK.robustness.robustness2.bind.notemplate.r32ui.unroll.nonvolatile.uniform_buffer.no_fmt_qual.len_39.samples_1.1d.vert	Pass	Pass
dEQP-VK.robustness.robustness2.bind.notemplate.r32ui.unroll.nonvolatile.uniform_buffer.no_fmt_qual.len_4.samples_1.1d.rgen	NotSupported	VK_KHR_ray_tracing_pipeline is not supported at vktTestCase.cpp:1394
dEQP-VK.robustness.robustness2.bind.notemplate.r32ui.unroll.nonvolatile.uniform_buffer.no_fmt_qual.len_41.samples_1.1d.comp_compute	NotSupported	Exclusive compute queue not supported. at vktRobustnessExtsTests.cpp:737
dEQP-VK.robustness.robustness2.bind.notemplate.r32ui.unroll.nonvolatile.uniform_buffer.no_fmt_qual.len_41.samples_1.1d.vert	Pass	Pass
dEQP-VK.robustness.robustness2.bind.notemplate.r32ui.unroll.nonvolatile.uniform_buffer.no_fmt_qual.len_8.samples_1.1d.rgen	NotSupported	VK_KHR_ray_tracing_pipeline is not supported at vktTestCase.cpp:1394
dEQP-VK.robustness.robustness2.bind.notemplate.r32ui.unroll.nonvolatile.uniform_buffer.no_fmt_qual.null_descriptor.samples_1.1d.comp_compute	NotSupported	Exclusive compute queue not supported. at vktRobustnessExtsTests.cpp:737
dEQP-VK.robustness.robustness2.bind.notemplate.r32ui.unroll.nonvolatile.uniform_buffer.no_fmt_qual.null_descriptor.samples_1.1d.vert	Pass	Pass
dEQP-VK.robustness.robustness2.bind.notemplate.r32ui.unroll.nonvolatile.uniform_buffer_dynamic.no_fmt_qual.len_12.samples_1.1d.rgen	NotSupported	VK_KHR_ray_tracing_pipeline is not supported at vktTestCase.cpp:1394
dEQP-VK.robustness.robustness2.bind.notemplate.r32ui.unroll.nonvolatile.uniform_buffer_dynamic.no_fmt_qual.len_16.samples_1.1d.comp_compute	NotSupported	Exclusive compute queue not supported. at vktRobustnessExtsTests.cpp:737
dEQP-VK.robustness.robustness2.bind.notemplate.r32ui.unroll.nonvolatile.uniform_buffer_dynamic.no_fmt_qual.len_16.samples_1.1d.vert	Pass	Pass
dEQP-VK.robustness.robustness2.bind.notemplate.r32ui.unroll.nonvolatile.uniform_buffer_dynamic.no_fmt_qual.len_20.samples_1.1d.rgen	NotSupported	VK_KHR_ray_tracing_pipeline is not supported at vktTestCase.cpp:1394
dEQP-VK.robustness.robustness2.bind.notemplate.r32ui.unroll.nonvolatile.uniform_buffer_dynamic.no_fmt_qual.len_252.samples_1.1d.comp_compute	NotSupported	Exclusive compute queue not supported. at vktRobustnessExtsTests.cpp:737
dEQP-VK.robustness.robustness2.bind.notemplate.r32ui.unroll.nonvolatile.uniform_buffer_dynamic.no_fmt_qual.len_252.samples_1.1d.vert	Pass	Pass
dEQP-VK.robustness.robustness2.bind.notemplate.r32ui.unroll.nonvolatile.uniform_buffer_dynamic.no_fmt_qual.len_256.samples_1.1d.rgen	NotSupported	VK_KHR_ray_tracing_pipeline is not supported at vktTestCase.cpp:1394
dEQP-VK.robustness.robustness2.bind.notemplate.r32ui.unroll.nonvolatile.uniform_buffer_dynamic.no_fmt_qual.len_260.samples_1.1d.comp_compute	NotSupported	Exclusive compute queue not supported. at vktRobustnessExtsTests.cpp:737
dEQP-VK.robustness.robustness2.bind.notemplate.r32ui.unroll.nonvolatile.uniform_buffer_dynamic.no_fmt_qual.len_260.samples_1.1d.vert	Pass	Pass
dEQP-VK.robustness.robustness2.bind.notemplate.r32ui.unroll.nonvolatile.uniform_buffer_dynamic.no_fmt_qual.len_31.samples_1.1d.rgen	NotSupported	VK_KHR_ray_tracing_pipeline is not supported at vktTestCase.cpp:1394
dEQP-VK.robustness.robustness2.bind.notemplate.r32ui.unroll.nonvolatile.uniform_buffer_dynamic.no_fmt_qual.len_32.samples_1.1d.comp_compute	NotSupported	Exclusive compute queue not supported. at vktRobustnessExtsTests.cpp:737
dEQP-VK.robustness.robustness2.bind.notemplate.r32ui.unroll.nonvolatile.uniform_buffer_dynamic.no_fmt_qual.len_32.samples_1.1d.vert	Pass	Pass
dEQP-VK.robustness.robustness2.bind.notemplate.r32ui.unroll.nonvolatile.uniform_buffer_dynamic.no_fmt_qual.len_33.samples_1.1d.rgen	NotSupported	VK_KHR_ray_tracing_pipeline is not supported at vktTestCase.cpp:1394
dEQP-VK.robustness.robustness2.bind.notemplate.r32ui.unroll.nonvolatile.uniform_buffer_dynamic.no_fmt_qual.len_35.samples_1.1d.comp_compute	NotSupported	Exclusive compute queue not supported. at vktRobustnessExtsTests.cpp:737
dEQP-VK.robustness.robustness2.bind.notemplate.r32ui.unroll.nonvolatile.uniform_buffer_dynamic.no_fmt_qual.len_35.samples_1.1d.vert	Pass	Pass
dEQP-VK.robustness.robustness2.bind.notemplate.r32ui.unroll.nonvolatile.uniform_buffer_dynamic.no_fmt_qual.len_36.samples_1.1d.rgen	NotSupported	VK_KHR_ray_tracing_pipeline is not supported at vktTestCase.cpp:1394
dEQP-VK.robustness.robustness2.bind.notemplate.r32ui.unroll.nonvolatile.uniform_buffer_dynamic.no_fmt_qual.len_39.samples_1.1d.comp_compute	NotSupported	Exclusive compute queue not supported. at vktRobustnessExtsTests.cpp:737
dEQP-VK.robustness.robustness2.bind.notemplate.r32ui.unroll.nonvolatile.uniform_buffer_dynamic.no_fmt_qual.len_39.samples_1.1d.vert	Pass	Pass
dEQP-VK.robustness.robustness2.bind.notemplate.r32ui.unroll.nonvolatile.uniform_buffer_dynamic.no_fmt_qual.len_4.samples_1.1d.rgen	NotSupported	VK_KHR_ray_tracing_pipeline is not supported at vktTestCase.cpp:1394
dEQP-VK.robustness.robustness2.bind.notemplate.r32ui.unroll.nonvolatile.uniform_buffer_dynamic.no_fmt_qual.len_41.samples_1.1d.comp_compute	NotSupported	Exclusive compute queue not supported. at vktRobustnessExtsTests.cpp:737
dEQP-VK.robustness.robustness2.bind.notemplate.r32ui.unroll.nonvolatile.uniform_buffer_dynamic.no_fmt_qual.len_41.samples_1.1d.vert	Pass	Pass
dEQP-VK.robustness.robustness2.bind.notemplate.r32ui.unroll.nonvolatile.uniform_buffer_dynamic.no_fmt_qual.len_8.samples_1.1d.rgen	NotSupported	VK_KHR_ray_tracing_pipeline is not supported at vktTestCase.cpp:1394
dEQP-VK.robustness.robustness2.bind.notemplate.r32ui.unroll.nonvolatile.uniform_buffer_dynamic.no_fmt_qual.null_descriptor.samples_1.1d.comp_compute	NotSupported	Exclusive compute queue not supported. at vktRobustnessExtsTests.cpp:737
dEQP-VK.robustness.robustness2.bind.notemplate.r32ui.unroll.nonvolatile.uniform_buffer_dynamic.no_fmt_qual.null_descriptor.samples_1.1d.vert	Pass	Pass
dEQP-VK.robustness.robustness2.bind.notemplate.r32ui.unroll.nonvolatile.uniform_texel_buffer.no_fmt_qual.len_12.samples_1.1d.comp	Fail	Fail
dEQP-VK.robustness.robustness2.bind.notemplate.r32ui.unroll.nonvolatile.uniform_texel_buffer.no_fmt_qual.len_12.samples_1.1d.comp_compute	NotSupported	Exclusive compute queue not supported. at vktRobustnessExtsTests.cpp:737
dEQP-VK.robustness.robustness2.bind.notemplate.r32ui.unroll.nonvolatile.uniform_texel_buffer.no_fmt_qual.len_12.samples_1.1d.frag	Fail	Fail
dEQP-VK.robustness.robustness2.bind.notemplate.r32ui.unroll.nonvolatile.uniform_texel_buffer.no_fmt_qual.len_12.samples_1.1d.rgen	NotSupported	VK_KHR_ray_tracing_pipeline is not supported at vktTestCase.cpp:1394
dEQP-VK.robustness.robustness2.bind.notemplate.r32ui.unroll.nonvolatile.uniform_texel_buffer.no_fmt_qual.len_12.samples_1.1d.rgen_compute	NotSupported	VK_KHR_ray_tracing_pipeline is not supported at vktTestCase.cpp:1394
dEQP-VK.robustness.robustness2.bind.notemplate.r32ui.unroll.nonvolatile.uniform_texel_buffer.no_fmt_qual.len_12.samples_1.1d.vert	Fail	Fail
dEQP-VK.robustness.robustness2.bind.notemplate.r32ui.unroll.nonvolatile.uniform_texel_buffer.no_fmt_qual.len_16.samples_1.1d.comp	Fail	Fail
dEQP-VK.robustness.robustness2.bind.notemplate.r32ui.unroll.nonvolatile.uniform_texel_buffer.no_fmt_qual.len_16.samples_1.1d.comp_compute	NotSupported	Exclusive compute queue not supported. at vktRobustnessExtsTests.cpp:737
dEQP-VK.robustness.robustness2.bind.notemplate.r32ui.unroll.nonvolatile.uniform_texel_buffer.no_fmt_qual.len_16.samples_1.1d.frag	Fail	Fail
dEQP-VK.robustness.robustness2.bind.notemplate.r32ui.unroll.nonvolatile.uniform_texel_buffer.no_fmt_qual.len_16.samples_1.1d.rgen	NotSupported	VK_KHR_ray_tracing_pipeline is not supported at vktTestCase.cpp:1394
dEQP-VK.robustness.robustness2.bind.notemplate.r32ui.unroll.nonvolatile.uniform_texel_buffer.no_fmt_qual.len_16.samples_1.1d.rgen_compute	NotSupported	VK_KHR_ray_tracing_pipeline is not supported at vktTestCase.cpp:1394
dEQP-VK.robustness.robustness2.bind.notemplate.r32ui.unroll.nonvolatile.uniform_texel_buffer.no_fmt_qual.len_16.samples_1.1d.vert	Fail	Fail
dEQP-VK.robustness.robustness2.bind.notemplate.r32ui.unroll.nonvolatile.uniform_texel_buffer.no_fmt_qual.len_20.samples_1.1d.comp	Fail	Fail
dEQP-VK.robustness.robustness2.bind.notemplate.r32ui.unroll.nonvolatile.uniform_texel_buffer.no_fmt_qual.len_20.samples_1.1d.comp_compute	NotSupported	Exclusive compute queue not supported. at vktRobustnessExtsTests.cpp:737
dEQP-VK.robustness.robustness2.bind.notemplate.r32ui.unroll.nonvolatile.uniform_texel_buffer.no_fmt_qual.len_20.samples_1.1d.frag	Fail	Fail
dEQP-VK.robustness.robustness2.bind.notemplate.r32ui.unroll.nonvolatile.uniform_texel_buffer.no_fmt_qual.len_20.samples_1.1d.rgen	NotSupported	VK_KHR_ray_tracing_pipeline is not supported at vktTestCase.cpp:1394
dEQP-VK.robustness.robustness2.bind.notemplate.r32ui.unroll.nonvolatile.uniform_texel_buffer.no_fmt_qual.len_20.samples_1.1d.rgen_compute	NotSupported	VK_KHR_ray_tracing_pipeline is not supported at vktTestCase.cpp:1394
dEQP-VK.robustness.robustness2.bind.notemplate.r32ui.unroll.nonvolatile.uniform_texel_buffer.no_fmt_qual.len_20.samples_1.1d.vert	Fail	Fail
dEQP-VK.robustness.robustness2.bind.notemplate.r32ui.unroll.nonvolatile.uniform_texel_buffer.no_fmt_qual.len_252.samples_1.1d.comp	Fail	Fail
dEQP-VK.robustness.robustness2.bind.notemplate.r32ui.unroll.nonvolatile.uniform_texel_buffer.no_fmt_qual.len_252.samples_1.1d.comp_compute	NotSupported	Exclusive compute queue not supported. at vktRobustnessExtsTests.cpp:737
dEQP-VK.robustness.robustness2.bind.notemplate.r32ui.unroll.nonvolatile.uniform_texel_buffer.no_fmt_qual.len_252.samples_1.1d.frag	Fail	Fail
dEQP-VK.robustness.robustness2.bind.notemplate.r32ui.unroll.nonvolatile.uniform_texel_buffer.no_fmt_qual.len_252.samples_1.1d.rgen	NotSupported	VK_KHR_ray_tracing_pipeline is not supported at vktTestCase.cpp:1394
dEQP-VK.robustness.robustness2.bind.notemplate.r32ui.unroll.nonvolatile.uniform_texel_buffer.no_fmt_qual.len_252.samples_1.1d.rgen_compute	NotSupported	VK_KHR_ray_tracing_pipeline is not supported at vktTestCase.cpp:1394
dEQP-VK.robustness.robustness2.bind.notemplate.r32ui.unroll.nonvolatile.uniform_texel_buffer.no_fmt_qual.len_252.samples_1.1d.vert	Fail	Fail
dEQP-VK.robustness.robustness2.bind.notemplate.r32ui.unroll.nonvolatile.uniform_texel_buffer.no_fmt_qual.len_256.samples_1.1d.comp	Fail	Fail
dEQP-VK.robustness.robustness2.bind.notemplate.r32ui.unroll.nonvolatile.uniform_texel_buffer.no_fmt_qual.len_256.samples_1.1d.comp_compute	NotSupported	Exclusive compute queue not supported. at vktRobustnessExtsTests.cpp:737
dEQP-VK.robustness.robustness2.bind.notemplate.r32ui.unroll.nonvolatile.uniform_texel_buffer.no_fmt_qual.len_256.samples_1.1d.frag	Fail	Fail
dEQP-VK.robustness.robustness2.bind.notemplate.r32ui.unroll.nonvolatile.uniform_texel_buffer.no_fmt_qual.len_256.samples_1.1d.rgen	NotSupported	VK_KHR_ray_tracing_pipeline is not supported at vktTestCase.cpp:1394
dEQP-VK.robustness.robustness2.bind.notemplate.r32ui.unroll.nonvolatile.uniform_texel_buffer.no_fmt_qual.len_256.samples_1.1d.rgen_compute	NotSupported	VK_KHR_ray_tracing_pipeline is not supported at vktTestCase.cpp:1394
dEQP-VK.robustness.robustness2.bind.notemplate.r32ui.unroll.nonvolatile.uniform_texel_buffer.no_fmt_qual.len_256.samples_1.1d.vert	Fail	Fail
dEQP-VK.robustness.robustness2.bind.notemplate.r32ui.unroll.nonvolatile.uniform_texel_buffer.no_fmt_qual.len_260.samples_1.1d.comp	Fail	Fail
dEQP-VK.robustness.robustness2.bind.notemplate.r32ui.unroll.nonvolatile.uniform_texel_buffer.no_fmt_qual.len_260.samples_1.1d.comp_compute	NotSupported	Exclusive compute queue not supported. at vktRobustnessExtsTests.cpp:737
dEQP-VK.robustness.robustness2.bind.notemplate.r32ui.unroll.nonvolatile.uniform_texel_buffer.no_fmt_qual.len_260.samples_1.1d.frag	Fail	Fail
dEQP-VK.robustness.robustness2.bind.notemplate.r32ui.unroll.nonvolatile.uniform_texel_buffer.no_fmt_qual.len_260.samples_1.1d.rgen	NotSupported	VK_KHR_ray_tracing_pipeline is not supported at vktTestCase.cpp:1394
dEQP-VK.robustness.robustness2.bind.notemplate.r32ui.unroll.nonvolatile.uniform_texel_buffer.no_fmt_qual.len_260.samples_1.1d.rgen_compute	NotSupported	VK_KHR_ray_tracing_pipeline is not supported at vktTestCase.cpp:1394
dEQP-VK.robustness.robustness2.bind.notemplate.r32ui.unroll.nonvolatile.uniform_texel_buffer.no_fmt_qual.len_260.samples_1.1d.vert	Fail	Fail
dEQP-VK.robustness.robustness2.bind.notemplate.r32ui.unroll.nonvolatile.uniform_texel_buffer.no_fmt_qual.len_32.samples_1.1d.comp	Fail	Fail
dEQP-VK.robustness.robustness2.bind.notemplate.r32ui.unroll.nonvolatile.uniform_texel_buffer.no_fmt_qual.len_32.samples_1.1d.comp_compute	NotSupported	Exclusive compute queue not supported. at vktRobustnessExtsTests.cpp:737
dEQP-VK.robustness.robustness2.bind.notemplate.r32ui.unroll.nonvolatile.uniform_texel_buffer.no_fmt_qual.len_32.samples_1.1d.frag	Fail	Fail
dEQP-VK.robustness.robustness2.bind.notemplate.r32ui.unroll.nonvolatile.uniform_texel_buffer.no_fmt_qual.len_32.samples_1.1d.rgen	NotSupported	VK_KHR_ray_tracing_pipeline is not supported at vktTestCase.cpp:1394
dEQP-VK.robustness.robustness2.bind.notemplate.r32ui.unroll.nonvolatile.uniform_texel_buffer.no_fmt_qual.len_32.samples_1.1d.rgen_compute	NotSupported	VK_KHR_ray_tracing_pipeline is not supported at vktTestCase.cpp:1394
dEQP-VK.robustness.robustness2.bind.notemplate.r32ui.unroll.nonvolatile.uniform_texel_buffer.no_fmt_qual.len_32.samples_1.1d.vert	Fail	Fail
dEQP-VK.robustness.robustness2.bind.notemplate.r32ui.unroll.nonvolatile.uniform_texel_buffer.no_fmt_qual.len_36.samples_1.1d.comp	Fail	Fail
dEQP-VK.robustness.robustness2.bind.notemplate.r32ui.unroll.nonvolatile.uniform_texel_buffer.no_fmt_qual.len_36.samples_1.1d.comp_compute	NotSupported	Exclusive compute queue not supported. at vktRobustnessExtsTests.cpp:737
dEQP-VK.robustness.robustness2.bind.notemplate.r32ui.unroll.nonvolatile.uniform_texel_buffer.no_fmt_qual.len_36.samples_1.1d.frag	Fail	Fail
dEQP-VK.robustness.robustness2.bind.notemplate.r32ui.unroll.nonvolatile.uniform_texel_buffer.no_fmt_qual.len_36.samples_1.1d.rgen	NotSupported	VK_KHR_ray_tracing_pipeline is not supported at vktTestCase.cpp:1394
dEQP-VK.robustness.robustness2.bind.notemplate.r32ui.unroll.nonvolatile.uniform_texel_buffer.no_fmt_qual.len_36.samples_1.1d.rgen_compute	NotSupported	VK_KHR_ray_tracing_pipeline is not supported at vktTestCase.cpp:1394
dEQP-VK.robustness.robustness2.bind.notemplate.r32ui.unroll.nonvolatile.uniform_texel_buffer.no_fmt_qual.len_36.samples_1.1d.vert	Fail	Fail
dEQP-VK.robustness.robustness2.bind.notemplate.r32ui.unroll.nonvolatile.uniform_texel_buffer.no_fmt_qual.len_4.samples_1.1d.comp	Fail	Fail
dEQP-VK.robustness.robustness2.bind.notemplate.r32ui.unroll.nonvolatile.uniform_texel_buffer.no_fmt_qual.len_4.samples_1.1d.comp_compute	NotSupported	Exclusive compute queue not supported. at vktRobustnessExtsTests.cpp:737
dEQP-VK.robustness.robustness2.bind.notemplate.r32ui.unroll.nonvolatile.uniform_texel_buffer.no_fmt_qual.len_4.samples_1.1d.frag	Fail	Fail
dEQP-VK.robustness.robustness2.bind.notemplate.r32ui.unroll.nonvolatile.uniform_texel_buffer.no_fmt_qual.len_4.samples_1.1d.rgen	NotSupported	VK_KHR_ray_tracing_pipeline is not supported at vktTestCase.cpp:1394
dEQP-VK.robustness.robustness2.bind.notemplate.r32ui.unroll.nonvolatile.uniform_texel_buffer.no_fmt_qual.len_4.samples_1.1d.rgen_compute	NotSupported	VK_KHR_ray_tracing_pipeline is not supported at vktTestCase.cpp:1394
dEQP-VK.robustness.robustness2.bind.notemplate.r32ui.unroll.nonvolatile.uniform_texel_buffer.no_fmt_qual.len_4.samples_1.1d.vert	Fail	Fail
dEQP-VK.robustness.robustness2.bind.notemplate.r32ui.unroll.nonvolatile.uniform_texel_buffer.no_fmt_qual.len_41.samples_1.1d.comp	Fail	Fail
dEQP-VK.robustness.robustness2.bind.notemplate.r32ui.unroll.nonvolatile.uniform_texel_buffer.no_fmt_qual.len_41.samples_1.1d.comp_compute	NotSupported	Exclusive compute queue not supported. at vktRobustnessExtsTests.cpp:737
dEQP-VK.robustness.robustness2.bind.notemplate.r32ui.unroll.nonvolatile.uniform_texel_buffer.no_fmt_qual.len_41.samples_1.1d.frag	Fail	Fail
dEQP-VK.robustness.robustness2.bind.notemplate.r32ui.unroll.nonvolatile.uniform_texel_buffer.no_fmt_qual.len_41.samples_1.1d.rgen	NotSupported	VK_KHR_ray_tracing_pipeline is not supported at vktTestCase.cpp:1394
dEQP-VK.robustness.robustness2.bind.notemplate.r32ui.unroll.nonvolatile.uniform_texel_buffer.no_fmt_qual.len_41.samples_1.1d.rgen_compute	NotSupported	VK_KHR_ray_tracing_pipeline is not supported at vktTestCase.cpp:1394
dEQP-VK.robustness.robustness2.bind.notemplate.r32ui.unroll.nonvolatile.uniform_texel_buffer.no_fmt_qual.len_41.samples_1.1d.vert	Fail	Fail
dEQP-VK.robustness.robustness2.bind.notemplate.r32ui.unroll.nonvolatile.uniform_texel_buffer.no_fmt_qual.len_8.samples_1.1d.comp	Fail	Fail
dEQP-VK.robustness.robustness2.bind.notemplate.r32ui.unroll.nonvolatile.uniform_texel_buffer.no_fmt_qual.len_8.samples_1.1d.comp_compute	NotSupported	Exclusive compute queue not supported. at vktRobustnessExtsTests.cpp:737
dEQP-VK.robustness.robustness2.bind.notemplate.r32ui.unroll.nonvolatile.uniform_texel_buffer.no_fmt_qual.len_8.samples_1.1d.frag	Fail	Fail
dEQP-VK.robustness.robustness2.bind.notemplate.r32ui.unroll.nonvolatile.uniform_texel_buffer.no_fmt_qual.len_8.samples_1.1d.rgen	NotSupported	VK_KHR_ray_tracing_pipeline is not supported at vktTestCase.cpp:1394
dEQP-VK.robustness.robustness2.bind.notemplate.r32ui.unroll.nonvolatile.uniform_texel_buffer.no_fmt_qual.len_8.samples_1.1d.rgen_compute	NotSupported	VK_KHR_ray_tracing_pipeline is not supported at vktTestCase.cpp:1394
dEQP-VK.robustness.robustness2.bind.notemplate.r32ui.unroll.nonvolatile.uniform_texel_buffer.no_fmt_qual.len_8.samples_1.1d.vert	Fail	Fail
dEQP-VK.robustness.robustness2.bind.notemplate.r32ui.unroll.nonvolatile.uniform_texel_buffer.no_fmt_qual.null_descriptor.samples_1.1d.comp	Pass	Pass
dEQP-VK.robustness.robustness2.bind.notemplate.r32ui.unroll.nonvolatile.uniform_texel_buffer.no_fmt_qual.null_descriptor.samples_1.1d.comp_compute	NotSupported	Exclusive compute queue not supported. at vktRobustnessExtsTests.cpp:737
dEQP-VK.robustness.robustness2.bind.notemplate.r32ui.unroll.nonvolatile.uniform_texel_buffer.no_fmt_qual.null_descriptor.samples_1.1d.frag	Pass	Pass
dEQP-VK.robustness.robustness2.bind.notemplate.r32ui.unroll.nonvolatile.uniform_texel_buffer.no_fmt_qual.null_descriptor.samples_1.1d.rgen	NotSupported	VK_KHR_ray_tracing_pipeline is not supported at vktTestCase.cpp:1394
dEQP-VK.robustness.robustness2.bind.notemplate.r32ui.unroll.nonvolatile.uniform_texel_buffer.no_fmt_qual.null_descriptor.samples_1.1d.rgen_compute	NotSupported	VK_KHR_ray_tracing_pipeline is not supported at vktTestCase.cpp:1394
dEQP-VK.robustness.robustness2.bind.notemplate.r32ui.unroll.nonvolatile.uniform_texel_buffer.no_fmt_qual.null_descriptor.samples_1.1d.vert	Pass	Pass
dEQP-VK.robustness.robustness2.bind.notemplate.r32ui.unroll.nonvolatile.vertex_attribute_fetch.no_fmt_qual.len_252.samples_1.1d.vert	Fail	Fail
dEQP-VK.robustness.robustness2.bind.notemplate.r32ui.unroll.nonvolatile.vertex_attribute_fetch.no_fmt_qual.len_32.samples_1.1d.vert	Fail	Fail
dEQP-VK.robustness.robustness2.bind.notemplate.r32ui.unroll.nonvolatile.vertex_attribute_fetch.no_fmt_qual.len_39.samples_1.1d.vert	Fail	Fail
dEQP-VK.robustness.robustness2.bind.notemplate.r32ui.unroll.nonvolatile.vertex_attribute_fetch.no_fmt_qual.null_descriptor.samples_1.1d.vert	Fail	Fail
dEQP-VK.robustness.robustness2.bind.notemplate.rg32f.unroll.nonvolatile.sampled_image.no_fmt_qual.img.samples_1.1d.rgen	NotSupported	VK_KHR_ray_tracing_pipeline is not supported at vktTestCase.cpp:1394
dEQP-VK.robustness.robustness2.bind.notemplate.rg32f.unroll.nonvolatile.sampled_image.no_fmt_qual.img.samples_1.1d_array.comp_compute	NotSupported	robustImageAccess2 not supported at vktRobustnessExtsTests.cpp:665
dEQP-VK.robustness.robustness2.bind.notemplate.rg32f.unroll.nonvolatile.sampled_image.no_fmt_qual.img.samples_1.1d_array.vert	NotSupported	robustImageAccess2 not supported at vktRobustnessExtsTests.cpp:665
dEQP-VK.robustness.robustness2.bind.notemplate.rg32f.unroll.nonvolatile.sampled_image.no_fmt_qual.img.samples_1.2d.rgen	NotSupported	VK_KHR_ray_tracing_pipeline is not supported at vktTestCase.cpp:1394
dEQP-VK.robustness.robustness2.bind.notemplate.rg32f.unroll.nonvolatile.sampled_image.no_fmt_qual.img.samples_1.2d_array.comp_compute	NotSupported	robustImageAccess2 not supported at vktRobustnessExtsTests.cpp:665
dEQP-VK.robustness.robustness2.bind.notemplate.rg32f.unroll.nonvolatile.sampled_image.no_fmt_qual.img.samples_1.2d_array.vert	NotSupported	robustImageAccess2 not supported at vktRobustnessExtsTests.cpp:665
dEQP-VK.robustness.robustness2.bind.notemplate.rg32f.unroll.nonvolatile.sampled_image.no_fmt_qual.img.samples_1.3d.rgen	NotSupported	VK_KHR_ray_tracing_pipeline is not supported at vktTestCase.cpp:1394
dEQP-VK.robustness.robustness2.bind.notemplate.rg32f.unroll.nonvolatile.sampled_image.no_fmt_qual.img.samples_1.cube.comp_compute	NotSupported	robustImageAccess2 not supported at vktRobustnessExtsTests.cpp:665
dEQP-VK.robustness.robustness2.bind.notemplate.rg32f.unroll.nonvolatile.sampled_image.no_fmt_qual.img.samples_1.cube.vert	NotSupported	robustImageAccess2 not supported at vktRobustnessExtsTests.cpp:665
dEQP-VK.robustness.robustness2.bind.notemplate.rg32f.unroll.nonvolatile.sampled_image.no_fmt_qual.img.samples_1.cube_array.rgen	NotSupported	VK_KHR_ray_tracing_pipeline is not supported at vktTestCase.cpp:1394
dEQP-VK.robustness.robustness2.bind.notemplate.rg32f.unroll.nonvolatile.sampled_image.no_fmt_qual.img.samples_4.2d.comp_compute	NotSupported	robustImageAccess2 not supported at vktRobustnessExtsTests.cpp:665
dEQP-VK.robustness.robustness2.bind.notemplate.rg32f.unroll.nonvolatile.sampled_image.no_fmt_qual.img.samples_4.2d.vert	NotSupported	robustImageAccess2 not supported at vktRobustnessExtsTests.cpp:665
dEQP-VK.robustness.robustness2.bind.notemplate.rg32f.unroll.nonvolatile.sampled_image.no_fmt_qual.img.samples_4.2d_array.rgen	NotSupported	VK_KHR_ray_tracing_pipeline is not supported at vktTestCase.cpp:1394
dEQP-VK.robustness.robustness2.bind.notemplate.rg32f.unroll.nonvolatile.sampled_image.no_fmt_qual.null_descriptor.samples_1.1d.comp_compute	NotSupported	Exclusive compute queue not supported. at vktRobustnessExtsTests.cpp:737
dEQP-VK.robustness.robustness2.bind.notemplate.rg32f.unroll.nonvolatile.sampled_image.no_fmt_qual.null_descriptor.samples_1.1d.vert	Fail	Fail
dEQP-VK.robustness.robustness2.bind.notemplate.rg32f.unroll.nonvolatile.sampled_image.no_fmt_qual.null_descriptor.samples_1.1d_array.rgen	NotSupported	VK_KHR_ray_tracing_pipeline is not supported at vktTestCase.cpp:1394
dEQP-VK.robustness.robustness2.bind.notemplate.rg32f.unroll.nonvolatile.sampled_image.no_fmt_qual.null_descriptor.samples_1.2d.comp_compute	NotSupported	Exclusive compute queue not supported. at vktRobustnessExtsTests.cpp:737
dEQP-VK.robustness.robustness2.bind.notemplate.rg32f.unroll.nonvolatile.sampled_image.no_fmt_qual.null_descriptor.samples_1.2d.vert	Fail	Fail
dEQP-VK.robustness.robustness2.bind.notemplate.rg32f.unroll.nonvolatile.sampled_image.no_fmt_qual.null_descriptor.samples_1.2d_array.rgen	NotSupported	VK_KHR_ray_tracing_pipeline is not supported at vktTestCase.cpp:1394
dEQP-VK.robustness.robustness2.bind.notemplate.rg32f.unroll.nonvolatile.sampled_image.no_fmt_qual.null_descriptor.samples_1.3d.comp_compute	NotSupported	Exclusive compute queue not supported. at vktRobustnessExtsTests.cpp:737
dEQP-VK.robustness.robustness2.bind.notemplate.rg32f.unroll.nonvolatile.sampled_image.no_fmt_qual.null_descriptor.samples_1.3d.vert	Fail	Fail
dEQP-VK.robustness.robustness2.bind.notemplate.rg32f.unroll.nonvolatile.sampled_image.no_fmt_qual.null_descriptor.samples_1.cube.rgen	NotSupported	VK_KHR_ray_tracing_pipeline is not supported at vktTestCase.cpp:1394
dEQP-VK.robustness.robustness2.bind.notemplate.rg32f.unroll.nonvolatile.sampled_image.no_fmt_qual.null_descriptor.samples_1.cube_array.comp_compute	NotSupported	Exclusive compute queue not supported. at vktRobustnessExtsTests.cpp:737
dEQP-VK.robustness.robustness2.bind.notemplate.rg32f.unroll.nonvolatile.sampled_image.no_fmt_qual.null_descriptor.samples_1.cube_array.vert	Fail	Fail
dEQP-VK.robustness.robustness2.bind.notemplate.rg32f.unroll.nonvolatile.sampled_image.no_fmt_qual.null_descriptor.samples_4.2d.rgen	NotSupported	VK_KHR_ray_tracing_pipeline is not supported at vktTestCase.cpp:1394
dEQP-VK.robustness.robustness2.bind.notemplate.rg32f.unroll.nonvolatile.sampled_image.no_fmt_qual.null_descriptor.samples_4.2d_array.comp_compute	NotSupported	Exclusive compute queue not supported. at vktRobustnessExtsTests.cpp:737
dEQP-VK.robustness.robustness2.bind.notemplate.rg32f.unroll.nonvolatile.sampled_image.no_fmt_qual.null_descriptor.samples_4.2d_array.vert	Fail	Fail
dEQP-VK.robustness.robustness2.bind.notemplate.rg32f.unroll.nonvolatile.storage_buffer.readonly.no_fmt_qual.len_12.samples_1.1d.rgen	NotSupported	VK_KHR_ray_tracing_pipeline is not supported at vktTestCase.cpp:1394
dEQP-VK.robustness.robustness2.bind.notemplate.rg32f.unroll.nonvolatile.storage_buffer.readonly.no_fmt_qual.len_16.samples_1.1d.comp_compute	NotSupported	Exclusive compute queue not supported. at vktRobustnessExtsTests.cpp:737
dEQP-VK.robustness.robustness2.bind.notemplate.rg32f.unroll.nonvolatile.storage_buffer.readonly.no_fmt_qual.len_16.samples_1.1d.vert	Pass	Pass
dEQP-VK.robustness.robustness2.bind.notemplate.rg32f.unroll.nonvolatile.storage_buffer.readonly.no_fmt_qual.len_20.samples_1.1d.rgen	NotSupported	VK_KHR_ray_tracing_pipeline is not supported at vktTestCase.cpp:1394
dEQP-VK.robustness.robustness2.bind.notemplate.rg32f.unroll.nonvolatile.storage_buffer.readonly.no_fmt_qual.len_252.samples_1.1d.comp_compute	NotSupported	Exclusive compute queue not supported. at vktRobustnessExtsTests.cpp:737
dEQP-VK.robustness.robustness2.bind.notemplate.rg32f.unroll.nonvolatile.storage_buffer.readonly.no_fmt_qual.len_252.samples_1.1d.vert	Pass	Pass
dEQP-VK.robustness.robustness2.bind.notemplate.rg32f.unroll.nonvolatile.storage_buffer.readonly.no_fmt_qual.len_256.samples_1.1d.rgen	NotSupported	VK_KHR_ray_tracing_pipeline is not supported at vktTestCase.cpp:1394
dEQP-VK.robustness.robustness2.bind.notemplate.rg32f.unroll.nonvolatile.storage_buffer.readonly.no_fmt_qual.len_260.samples_1.1d.comp_compute	NotSupported	Exclusive compute queue not supported. at vktRobustnessExtsTests.cpp:737
dEQP-VK.robustness.robustness2.bind.notemplate.rg32f.unroll.nonvolatile.storage_buffer.readonly.no_fmt_qual.len_260.samples_1.1d.vert	Pass	Pass
dEQP-VK.robustness.robustness2.bind.notemplate.rg32f.unroll.nonvolatile.storage_buffer.readonly.no_fmt_qual.len_31.samples_1.1d.rgen	NotSupported	VK_KHR_ray_tracing_pipeline is not supported at vktTestCase.cpp:1394
dEQP-VK.robustness.robustness2.bind.notemplate.rg32f.unroll.nonvolatile.storage_buffer.readonly.no_fmt_qual.len_32.samples_1.1d.comp_compute	NotSupported	Exclusive compute queue not supported. at vktRobustnessExtsTests.cpp:737
dEQP-VK.robustness.robustness2.bind.notemplate.rg32f.unroll.nonvolatile.storage_buffer.readonly.no_fmt_qual.len_32.samples_1.1d.vert	Pass	Pass
dEQP-VK.robustness.robustness2.bind.notemplate.rg32f.unroll.nonvolatile.storage_buffer.readonly.no_fmt_qual.len_33.samples_1.1d.rgen	NotSupported	VK_KHR_ray_tracing_pipeline is not supported at vktTestCase.cpp:1394
dEQP-VK.robustness.robustness2.bind.notemplate.rg32f.unroll.nonvolatile.storage_buffer.readonly.no_fmt_qual.len_35.samples_1.1d.comp_compute	NotSupported	Exclusive compute queue not supported. at vktRobustnessExtsTests.cpp:737
dEQP-VK.robustness.robustness2.bind.notemplate.rg32f.unroll.nonvolatile.storage_buffer.readonly.no_fmt_qual.len_35.samples_1.1d.vert	Pass	Pass
dEQP-VK.robustness.robustness2.bind.notemplate.rg32f.unroll.nonvolatile.storage_buffer.readonly.no_fmt_qual.len_36.samples_1.1d.rgen	NotSupported	VK_KHR_ray_tracing_pipeline is not supported at vktTestCase.cpp:1394
dEQP-VK.robustness.robustness2.bind.notemplate.rg32f.unroll.nonvolatile.storage_buffer.readonly.no_fmt_qual.len_39.samples_1.1d.comp_compute	NotSupported	Exclusive compute queue not supported. at vktRobustnessExtsTests.cpp:737
dEQP-VK.robustness.robustness2.bind.notemplate.rg32f.unroll.nonvolatile.storage_buffer.readonly.no_fmt_qual.len_39.samples_1.1d.vert	Pass	Pass
dEQP-VK.robustness.robustness2.bind.notemplate.rg32f.unroll.nonvolatile.storage_buffer.readonly.no_fmt_qual.len_4.samples_1.1d.rgen	NotSupported	VK_KHR_ray_tracing_pipeline is not supported at vktTestCase.cpp:1394
dEQP-VK.robustness.robustness2.bind.notemplate.rg32f.unroll.nonvolatile.storage_buffer.readonly.no_fmt_qual.len_41.samples_1.1d.comp_compute	NotSupported	Exclusive compute queue not supported. at vktRobustnessExtsTests.cpp:737
dEQP-VK.robustness.robustness2.bind.notemplate.rg32f.unroll.nonvolatile.storage_buffer.readonly.no_fmt_qual.len_41.samples_1.1d.vert	Pass	Pass
dEQP-VK.robustness.robustness2.bind.notemplate.rg32f.unroll.nonvolatile.storage_buffer.readonly.no_fmt_qual.len_8.samples_1.1d.rgen	NotSupported	VK_KHR_ray_tracing_pipeline is not supported at vktTestCase.cpp:1394
dEQP-VK.robustness.robustness2.bind.notemplate.rg32f.unroll.nonvolatile.storage_buffer.readonly.no_fmt_qual.null_descriptor.samples_1.1d.comp_compute	NotSupported	Exclusive compute queue not supported. at vktRobustnessExtsTests.cpp:737
dEQP-VK.robustness.robustness2.bind.notemplate.rg32f.unroll.nonvolatile.storage_buffer.readonly.no_fmt_qual.null_descriptor.samples_1.1d.vert	Pass	Pass
dEQP-VK.robustness.robustness2.bind.notemplate.rg32f.unroll.nonvolatile.storage_buffer.readwrite.no_fmt_qual.len_12.samples_1.1d.rgen	NotSupported	VK_KHR_ray_tracing_pipeline is not supported at vktTestCase.cpp:1394
dEQP-VK.robustness.robustness2.bind.notemplate.rg32f.unroll.nonvolatile.storage_buffer.readwrite.no_fmt_qual.len_16.samples_1.1d.comp_compute	NotSupported	Exclusive compute queue not supported. at vktRobustnessExtsTests.cpp:737
dEQP-VK.robustness.robustness2.bind.notemplate.rg32f.unroll.nonvolatile.storage_buffer.readwrite.no_fmt_qual.len_16.samples_1.1d.vert	Pass	Pass
dEQP-VK.robustness.robustness2.bind.notemplate.rg32f.unroll.nonvolatile.storage_buffer.readwrite.no_fmt_qual.len_20.samples_1.1d.rgen	NotSupported	VK_KHR_ray_tracing_pipeline is not supported at vktTestCase.cpp:1394
dEQP-VK.robustness.robustness2.bind.notemplate.rg32f.unroll.nonvolatile.storage_buffer.readwrite.no_fmt_qual.len_252.samples_1.1d.comp_compute	NotSupported	Exclusive compute queue not supported. at vktRobustnessExtsTests.cpp:737
dEQP-VK.robustness.robustness2.bind.notemplate.rg32f.unroll.nonvolatile.storage_buffer.readwrite.no_fmt_qual.len_252.samples_1.1d.vert	Pass	Pass
dEQP-VK.robustness.robustness2.bind.notemplate.rg32f.unroll.nonvolatile.storage_buffer.readwrite.no_fmt_qual.len_256.samples_1.1d.rgen	NotSupported	VK_KHR_ray_tracing_pipeline is not supported at vktTestCase.cpp:1394
dEQP-VK.robustness.robustness2.bind.notemplate.rg32f.unroll.nonvolatile.storage_buffer.readwrite.no_fmt_qual.len_260.samples_1.1d.comp_compute	NotSupported	Exclusive compute queue not supported. at vktRobustnessExtsTests.cpp:737
dEQP-VK.robustness.robustness2.bind.notemplate.rg32f.unroll.nonvolatile.storage_buffer.readwrite.no_fmt_qual.len_260.samples_1.1d.vert	Pass	Pass
dEQP-VK.robustness.robustness2.bind.notemplate.rg32f.unroll.nonvolatile.storage_buffer.readwrite.no_fmt_qual.len_31.samples_1.1d.rgen	NotSupported	VK_KHR_ray_tracing_pipeline is not supported at vktTestCase.cpp:1394
dEQP-VK.robustness.robustness2.bind.notemplate.rg32f.unroll.nonvolatile.storage_buffer.readwrite.no_fmt_qual.len_32.samples_1.1d.comp_compute	NotSupported	Exclusive compute queue not supported. at vktRobustnessExtsTests.cpp:737
dEQP-VK.robustness.robustness2.bind.notemplate.rg32f.unroll.nonvolatile.storage_buffer.readwrite.no_fmt_qual.len_32.samples_1.1d.vert	Pass	Pass
dEQP-VK.robustness.robustness2.bind.notemplate.rg32f.unroll.nonvolatile.storage_buffer.readwrite.no_fmt_qual.len_33.samples_1.1d.rgen	NotSupported	VK_KHR_ray_tracing_pipeline is not supported at vktTestCase.cpp:1394
dEQP-VK.robustness.robustness2.bind.notemplate.rg32f.unroll.nonvolatile.storage_buffer.readwrite.no_fmt_qual.len_35.samples_1.1d.comp_compute	NotSupported	Exclusive compute queue not supported. at vktRobustnessExtsTests.cpp:737
dEQP-VK.robustness.robustness2.bind.notemplate.rg32f.unroll.nonvolatile.storage_buffer.readwrite.no_fmt_qual.len_35.samples_1.1d.vert	Pass	Pass
dEQP-VK.robustness.robustness2.bind.notemplate.rg32f.unroll.nonvolatile.storage_buffer.readwrite.no_fmt_qual.len_36.samples_1.1d.rgen	NotSupported	VK_KHR_ray_tracing_pipeline is not supported at vktTestCase.cpp:1394
dEQP-VK.robustness.robustness2.bind.notemplate.rg32f.unroll.nonvolatile.storage_buffer.readwrite.no_fmt_qual.len_39.samples_1.1d.comp_compute	NotSupported	Exclusive compute queue not supported. at vktRobustnessExtsTests.cpp:737
dEQP-VK.robustness.robustness2.bind.notemplate.rg32f.unroll.nonvolatile.storage_buffer.readwrite.no_fmt_qual.len_39.samples_1.1d.vert	Pass	Pass
dEQP-VK.robustness.robustness2.bind.notemplate.rg32f.unroll.nonvolatile.storage_buffer.readwrite.no_fmt_qual.len_4.samples_1.1d.rgen	NotSupported	VK_KHR_ray_tracing_pipeline is not supported at vktTestCase.cpp:1394
dEQP-VK.robustness.robustness2.bind.notemplate.rg32f.unroll.nonvolatile.storage_buffer.readwrite.no_fmt_qual.len_41.samples_1.1d.comp_compute	NotSupported	Exclusive compute queue not supported. at vktRobustnessExtsTests.cpp:737
dEQP-VK.robustness.robustness2.bind.notemplate.rg32f.unroll.nonvolatile.storage_buffer.readwrite.no_fmt_qual.len_41.samples_1.1d.vert	Pass	Pass
dEQP-VK.robustness.robustness2.bind.notemplate.rg32f.unroll.nonvolatile.storage_buffer.readwrite.no_fmt_qual.len_8.samples_1.1d.rgen	NotSupported	VK_KHR_ray_tracing_pipeline is not supported at vktTestCase.cpp:1394
dEQP-VK.robustness.robustness2.bind.notemplate.rg32f.unroll.nonvolatile.storage_buffer.readwrite.no_fmt_qual.null_descriptor.samples_1.1d.comp_compute	NotSupported	Exclusive compute queue not supported. at vktRobustnessExtsTests.cpp:737
dEQP-VK.robustness.robustness2.bind.notemplate.rg32f.unroll.nonvolatile.storage_buffer.readwrite.no_fmt_qual.null_descriptor.samples_1.1d.vert	Pass	Pass
dEQP-VK.robustness.robustness2.bind.notemplate.rg32f.unroll.nonvolatile.storage_buffer_dynamic.readonly.no_fmt_qual.len_12.samples_1.1d.rgen	NotSupported	VK_KHR_ray_tracing_pipeline is not supported at vktTestCase.cpp:1394
dEQP-VK.robustness.robustness2.bind.notemplate.rg32f.unroll.nonvolatile.storage_buffer_dynamic.readonly.no_fmt_qual.len_16.samples_1.1d.comp_compute	NotSupported	Exclusive compute queue not supported. at vktRobustnessExtsTests.cpp:737
dEQP-VK.robustness.robustness2.bind.notemplate.rg32f.unroll.nonvolatile.storage_buffer_dynamic.readonly.no_fmt_qual.len_16.samples_1.1d.vert	Pass	Pass
dEQP-VK.robustness.robustness2.bind.notemplate.rg32f.unroll.nonvolatile.storage_buffer_dynamic.readonly.no_fmt_qual.len_20.samples_1.1d.rgen	NotSupported	VK_KHR_ray_tracing_pipeline is not supported at vktTestCase.cpp:1394
dEQP-VK.robustness.robustness2.bind.notemplate.rg32f.unroll.nonvolatile.storage_buffer_dynamic.readonly.no_fmt_qual.len_252.samples_1.1d.comp_compute	NotSupported	Exclusive compute queue not supported. at vktRobustnessExtsTests.cpp:737
dEQP-VK.robustness.robustness2.bind.notemplate.rg32f.unroll.nonvolatile.storage_buffer_dynamic.readonly.no_fmt_qual.len_252.samples_1.1d.vert	Pass	Pass
dEQP-VK.robustness.robustness2.bind.notemplate.rg32f.unroll.nonvolatile.storage_buffer_dynamic.readonly.no_fmt_qual.len_256.samples_1.1d.rgen	NotSupported	VK_KHR_ray_tracing_pipeline is not supported at vktTestCase.cpp:1394
dEQP-VK.robustness.robustness2.bind.notemplate.rg32f.unroll.nonvolatile.storage_buffer_dynamic.readonly.no_fmt_qual.len_260.samples_1.1d.comp_compute	NotSupported	Exclusive compute queue not supported. at vktRobustnessExtsTests.cpp:737
dEQP-VK.robustness.robustness2.bind.notemplate.rg32f.unroll.nonvolatile.storage_buffer_dynamic.readonly.no_fmt_qual.len_260.samples_1.1d.vert	Pass	Pass
dEQP-VK.robustness.robustness2.bind.notemplate.rg32f.unroll.nonvolatile.storage_buffer_dynamic.readonly.no_fmt_qual.len_31.samples_1.1d.rgen	NotSupported	VK_KHR_ray_tracing_pipeline is not supported at vktTestCase.cpp:1394
dEQP-VK.robustness.robustness2.bind.notemplate.rg32f.unroll.nonvolatile.storage_buffer_dynamic.readonly.no_fmt_qual.len_32.samples_1.1d.comp_compute	NotSupported	Exclusive compute queue not supported. at vktRobustnessExtsTests.cpp:737
dEQP-VK.robustness.robustness2.bind.notemplate.rg32f.unroll.nonvolatile.storage_buffer_dynamic.readonly.no_fmt_qual.len_32.samples_1.1d.vert	Pass	Pass
dEQP-VK.robustness.robustness2.bind.notemplate.rg32f.unroll.nonvolatile.storage_buffer_dynamic.readonly.no_fmt_qual.len_33.samples_1.1d.rgen	NotSupported	VK_KHR_ray_tracing_pipeline is not supported at vktTestCase.cpp:1394
dEQP-VK.robustness.robustness2.bind.notemplate.rg32f.unroll.nonvolatile.storage_buffer_dynamic.readonly.no_fmt_qual.len_35.samples_1.1d.comp_compute	NotSupported	Exclusive compute queue not supported. at vktRobustnessExtsTests.cpp:737
dEQP-VK.robustness.robustness2.bind.notemplate.rg32f.unroll.nonvolatile.storage_buffer_dynamic.readonly.no_fmt_qual.len_35.samples_1.1d.vert	Pass	Pass
dEQP-VK.robustness.robustness2.bind.notemplate.rg32f.unroll.nonvolatile.storage_buffer_dynamic.readonly.no_fmt_qual.len_36.samples_1.1d.rgen	NotSupported	VK_KHR_ray_tracing_pipeline is not supported at vktTestCase.cpp:1394
dEQP-VK.robustness.robustness2.bind.notemplate.rg32f.unroll.nonvolatile.storage_buffer_dynamic.readonly.no_fmt_qual.len_39.samples_1.1d.comp_compute	NotSupported	Exclusive compute queue not supported. at vktRobustnessExtsTests.cpp:737
dEQP-VK.robustness.robustness2.bind.notemplate.rg32f.unroll.nonvolatile.storage_buffer_dynamic.readonly.no_fmt_qual.len_39.samples_1.1d.vert	Pass	Pass
dEQP-VK.robustness.robustness2.bind.notemplate.rg32f.unroll.nonvolatile.storage_buffer_dynamic.readonly.no_fmt_qual.len_4.samples_1.1d.rgen	NotSupported	VK_KHR_ray_tracing_pipeline is not supported at vktTestCase.cpp:1394
dEQP-VK.robustness.robustness2.bind.notemplate.rg32f.unroll.nonvolatile.storage_buffer_dynamic.readonly.no_fmt_qual.len_41.samples_1.1d.comp_compute	NotSupported	Exclusive compute queue not supported. at vktRobustnessExtsTests.cpp:737
dEQP-VK.robustness.robustness2.bind.notemplate.rg32f.unroll.nonvolatile.storage_buffer_dynamic.readonly.no_fmt_qual.len_41.samples_1.1d.vert	Pass	Pass
dEQP-VK.robustness.robustness2.bind.notemplate.rg32f.unroll.nonvolatile.storage_buffer_dynamic.readonly.no_fmt_qual.len_8.samples_1.1d.rgen	NotSupported	VK_KHR_ray_tracing_pipeline is not supported at vktTestCase.cpp:1394
dEQP-VK.robustness.robustness2.bind.notemplate.rg32f.unroll.nonvolatile.storage_buffer_dynamic.readonly.no_fmt_qual.null_descriptor.samples_1.1d.comp_compute	NotSupported	Exclusive compute queue not supported. at vktRobustnessExtsTests.cpp:737
dEQP-VK.robustness.robustness2.bind.notemplate.rg32f.unroll.nonvolatile.storage_buffer_dynamic.readonly.no_fmt_qual.null_descriptor.samples_1.1d.vert	Pass	Pass
dEQP-VK.robustness.robustness2.bind.notemplate.rg32f.unroll.nonvolatile.storage_buffer_dynamic.readwrite.no_fmt_qual.len_12.samples_1.1d.rgen	NotSupported	VK_KHR_ray_tracing_pipeline is not supported at vktTestCase.cpp:1394
dEQP-VK.robustness.robustness2.bind.notemplate.rg32f.unroll.nonvolatile.storage_buffer_dynamic.readwrite.no_fmt_qual.len_16.samples_1.1d.comp_compute	NotSupported	Exclusive compute queue not supported. at vktRobustnessExtsTests.cpp:737
dEQP-VK.robustness.robustness2.bind.notemplate.rg32f.unroll.nonvolatile.storage_buffer_dynamic.readwrite.no_fmt_qual.len_16.samples_1.1d.vert	Pass	Pass
dEQP-VK.robustness.robustness2.bind.notemplate.rg32f.unroll.nonvolatile.storage_buffer_dynamic.readwrite.no_fmt_qual.len_20.samples_1.1d.rgen	NotSupported	VK_KHR_ray_tracing_pipeline is not supported at vktTestCase.cpp:1394
dEQP-VK.robustness.robustness2.bind.notemplate.rg32f.unroll.nonvolatile.storage_buffer_dynamic.readwrite.no_fmt_qual.len_252.samples_1.1d.comp_compute	NotSupported	Exclusive compute queue not supported. at vktRobustnessExtsTests.cpp:737
dEQP-VK.robustness.robustness2.bind.notemplate.rg32f.unroll.nonvolatile.storage_buffer_dynamic.readwrite.no_fmt_qual.len_252.samples_1.1d.vert	Pass	Pass
dEQP-VK.robustness.robustness2.bind.notemplate.rg32f.unroll.nonvolatile.storage_buffer_dynamic.readwrite.no_fmt_qual.len_256.samples_1.1d.rgen	NotSupported	VK_KHR_ray_tracing_pipeline is not supported at vktTestCase.cpp:1394
dEQP-VK.robustness.robustness2.bind.notemplate.rg32f.unroll.nonvolatile.storage_buffer_dynamic.readwrite.no_fmt_qual.len_260.samples_1.1d.comp_compute	NotSupported	Exclusive compute queue not supported. at vktRobustnessExtsTests.cpp:737
dEQP-VK.robustness.robustness2.bind.notemplate.rg32f.unroll.nonvolatile.storage_buffer_dynamic.readwrite.no_fmt_qual.len_260.samples_1.1d.vert	Pass	Pass
dEQP-VK.robustness.robustness2.bind.notemplate.rg32f.unroll.nonvolatile.storage_buffer_dynamic.readwrite.no_fmt_qual.len_31.samples_1.1d.rgen	NotSupported	VK_KHR_ray_tracing_pipeline is not supported at vktTestCase.cpp:1394
dEQP-VK.robustness.robustness2.bind.notemplate.rg32f.unroll.nonvolatile.storage_buffer_dynamic.readwrite.no_fmt_qual.len_32.samples_1.1d.comp_compute	NotSupported	Exclusive compute queue not supported. at vktRobustnessExtsTests.cpp:737
dEQP-VK.robustness.robustness2.bind.notemplate.rg32f.unroll.nonvolatile.storage_buffer_dynamic.readwrite.no_fmt_qual.len_32.samples_1.1d.vert	Pass	Pass
dEQP-VK.robustness.robustness2.bind.notemplate.rg32f.unroll.nonvolatile.storage_buffer_dynamic.readwrite.no_fmt_qual.len_33.samples_1.1d.rgen	NotSupported	VK_KHR_ray_tracing_pipeline is not supported at vktTestCase.cpp:1394
dEQP-VK.robustness.robustness2.bind.notemplate.rg32f.unroll.nonvolatile.storage_buffer_dynamic.readwrite.no_fmt_qual.len_35.samples_1.1d.comp_compute	NotSupported	Exclusive compute queue not supported. at vktRobustnessExtsTests.cpp:737
dEQP-VK.robustness.robustness2.bind.notemplate.rg32f.unroll.nonvolatile.storage_buffer_dynamic.readwrite.no_fmt_qual.len_35.samples_1.1d.vert	Pass	Pass
dEQP-VK.robustness.robustness2.bind.notemplate.rg32f.unroll.nonvolatile.storage_buffer_dynamic.readwrite.no_fmt_qual.len_36.samples_1.1d.rgen	NotSupported	VK_KHR_ray_tracing_pipeline is not supported at vktTestCase.cpp:1394
dEQP-VK.robustness.robustness2.bind.notemplate.rg32f.unroll.nonvolatile.storage_buffer_dynamic.readwrite.no_fmt_qual.len_39.samples_1.1d.comp_compute	NotSupported	Exclusive compute queue not supported. at vktRobustnessExtsTests.cpp:737
dEQP-VK.robustness.robustness2.bind.notemplate.rg32f.unroll.nonvolatile.storage_buffer_dynamic.readwrite.no_fmt_qual.len_39.samples_1.1d.vert	Pass	Pass
dEQP-VK.robustness.robustness2.bind.notemplate.rg32f.unroll.nonvolatile.storage_buffer_dynamic.readwrite.no_fmt_qual.len_4.samples_1.1d.rgen	NotSupported	VK_KHR_ray_tracing_pipeline is not supported at vktTestCase.cpp:1394
dEQP-VK.robustness.robustness2.bind.notemplate.rg32f.unroll.nonvolatile.storage_buffer_dynamic.readwrite.no_fmt_qual.len_41.samples_1.1d.comp_compute	NotSupported	Exclusive compute queue not supported. at vktRobustnessExtsTests.cpp:737
dEQP-VK.robustness.robustness2.bind.notemplate.rg32f.unroll.nonvolatile.storage_buffer_dynamic.readwrite.no_fmt_qual.len_41.samples_1.1d.vert	Pass	Pass
dEQP-VK.robustness.robustness2.bind.notemplate.rg32f.unroll.nonvolatile.storage_buffer_dynamic.readwrite.no_fmt_qual.len_8.samples_1.1d.rgen	NotSupported	VK_KHR_ray_tracing_pipeline is not supported at vktTestCase.cpp:1394
dEQP-VK.robustness.robustness2.bind.notemplate.rg32f.unroll.nonvolatile.storage_buffer_dynamic.readwrite.no_fmt_qual.null_descriptor.samples_1.1d.comp_compute	NotSupported	Exclusive compute queue not supported. at vktRobustnessExtsTests.cpp:737
dEQP-VK.robustness.robustness2.bind.notemplate.rg32f.unroll.nonvolatile.storage_buffer_dynamic.readwrite.no_fmt_qual.null_descriptor.samples_1.1d.vert	Pass	Pass
dEQP-VK.robustness.robustness2.bind.notemplate.rg32f.unroll.nonvolatile.storage_image.fmt_qual.img.samples_1.1d.rgen	NotSupported	VK_KHR_ray_tracing_pipeline is not supported at vktTestCase.cpp:1394
dEQP-VK.robustness.robustness2.bind.notemplate.rg32f.unroll.nonvolatile.storage_image.fmt_qual.img.samples_1.1d_array.comp_compute	NotSupported	robustImageAccess2 not supported at vktRobustnessExtsTests.cpp:665
dEQP-VK.robustness.robustness2.bind.notemplate.rg32f.unroll.nonvolatile.storage_image.fmt_qual.img.samples_1.1d_array.vert	NotSupported	robustImageAccess2 not supported at vktRobustnessExtsTests.cpp:665
dEQP-VK.robustness.robustness2.bind.notemplate.rg32f.unroll.nonvolatile.storage_image.fmt_qual.img.samples_1.2d.rgen	NotSupported	VK_KHR_ray_tracing_pipeline is not supported at vktTestCase.cpp:1394
dEQP-VK.robustness.robustness2.bind.notemplate.rg32f.unroll.nonvolatile.storage_image.fmt_qual.img.samples_1.2d_array.comp_compute	NotSupported	robustImageAccess2 not supported at vktRobustnessExtsTests.cpp:665
dEQP-VK.robustness.robustness2.bind.notemplate.rg32f.unroll.nonvolatile.storage_image.fmt_qual.img.samples_1.2d_array.vert	NotSupported	robustImageAccess2 not supported at vktRobustnessExtsTests.cpp:665
dEQP-VK.robustness.robustness2.bind.notemplate.rg32f.unroll.nonvolatile.storage_image.fmt_qual.img.samples_1.3d.rgen	NotSupported	VK_KHR_ray_tracing_pipeline is not supported at vktTestCase.cpp:1394
dEQP-VK.robustness.robustness2.bind.notemplate.rg32f.unroll.nonvolatile.storage_image.fmt_qual.img.samples_1.cube.comp_compute	NotSupported	robustImageAccess2 not supported at vktRobustnessExtsTests.cpp:665
dEQP-VK.robustness.robustness2.bind.notemplate.rg32f.unroll.nonvolatile.storage_image.fmt_qual.img.samples_1.cube.vert	NotSupported	robustImageAccess2 not supported at vktRobustnessExtsTests.cpp:665
dEQP-VK.robustness.robustness2.bind.notemplate.rg32f.unroll.nonvolatile.storage_image.fmt_qual.img.samples_1.cube_array.rgen	NotSupported	VK_KHR_ray_tracing_pipeline is not supported at vktTestCase.cpp:1394
dEQP-VK.robustness.robustness2.bind.notemplate.rg32f.unroll.nonvolatile.storage_image.fmt_qual.img.samples_4.2d.comp_compute	NotSupported	robustImageAccess2 not supported at vktRobustnessExtsTests.cpp:665
dEQP-VK.robustness.robustness2.bind.notemplate.rg32f.unroll.nonvolatile.storage_image.fmt_qual.img.samples_4.2d.vert	NotSupported	robustImageAccess2 not supported at vktRobustnessExtsTests.cpp:665
dEQP-VK.robustness.robustness2.bind.notemplate.rg32f.unroll.nonvolatile.storage_image.fmt_qual.img.samples_4.2d_array.rgen	NotSupported	VK_KHR_ray_tracing_pipeline is not supported at vktTestCase.cpp:1394
dEQP-VK.robustness.robustness2.bind.notemplate.rg32f.unroll.nonvolatile.storage_image.fmt_qual.null_descriptor.samples_1.1d.comp_compute	NotSupported	Exclusive compute queue not supported. at vktRobustnessExtsTests.cpp:737
dEQP-VK.robustness.robustness2.bind.notemplate.rg32f.unroll.nonvolatile.storage_image.fmt_qual.null_descriptor.samples_1.1d.vert	Pass	Pass
dEQP-VK.robustness.robustness2.bind.notemplate.rg32f.unroll.nonvolatile.storage_image.fmt_qual.null_descriptor.samples_1.1d_array.rgen	NotSupported	VK_KHR_ray_tracing_pipeline is not supported at vktTestCase.cpp:1394
dEQP-VK.robustness.robustness2.bind.notemplate.rg32f.unroll.nonvolatile.storage_image.fmt_qual.null_descriptor.samples_1.2d.comp_compute	NotSupported	Exclusive compute queue not supported. at vktRobustnessExtsTests.cpp:737
dEQP-VK.robustness.robustness2.bind.notemplate.rg32f.unroll.nonvolatile.storage_image.fmt_qual.null_descriptor.samples_1.2d.vert	Pass	Pass
dEQP-VK.robustness.robustness2.bind.notemplate.rg32f.unroll.nonvolatile.storage_image.fmt_qual.null_descriptor.samples_1.2d_array.rgen	NotSupported	VK_KHR_ray_tracing_pipeline is not supported at vktTestCase.cpp:1394
dEQP-VK.robustness.robustness2.bind.notemplate.rg32f.unroll.nonvolatile.storage_image.fmt_qual.null_descriptor.samples_1.3d.comp_compute	NotSupported	Exclusive compute queue not supported. at vktRobustnessExtsTests.cpp:737
dEQP-VK.robustness.robustness2.bind.notemplate.rg32f.unroll.nonvolatile.storage_image.fmt_qual.null_descriptor.samples_1.3d.vert	Pass	Pass
dEQP-VK.robustness.robustness2.bind.notemplate.rg32f.unroll.nonvolatile.storage_image.fmt_qual.null_descriptor.samples_1.cube.rgen	NotSupported	VK_KHR_ray_tracing_pipeline is not supported at vktTestCase.cpp:1394
dEQP-VK.robustness.robustness2.bind.notemplate.rg32f.unroll.nonvolatile.storage_image.fmt_qual.null_descriptor.samples_1.cube_array.comp_compute	NotSupported	Exclusive compute queue not supported. at vktRobustnessExtsTests.cpp:737
dEQP-VK.robustness.robustness2.bind.notemplate.rg32f.unroll.nonvolatile.storage_image.fmt_qual.null_descriptor.samples_1.cube_array.vert	Pass	Pass
dEQP-VK.robustness.robustness2.bind.notemplate.rg32f.unroll.nonvolatile.storage_image.fmt_qual.null_descriptor.samples_4.2d.rgen	NotSupported	VK_KHR_ray_tracing_pipeline is not supported at vktTestCase.cpp:1394
dEQP-VK.robustness.robustness2.bind.notemplate.rg32f.unroll.nonvolatile.storage_image.fmt_qual.null_descriptor.samples_4.2d_array.comp_compute	NotSupported	shaderStorageImageMultisample not supported at vktRobustnessExtsTests.cpp:685
dEQP-VK.robustness.robustness2.bind.notemplate.rg32f.unroll.nonvolatile.storage_image.fmt_qual.null_descriptor.samples_4.2d_array.vert	NotSupported	shaderStorageImageMultisample not supported at vktRobustnessExtsTests.cpp:685
dEQP-VK.robustness.robustness2.bind.notemplate.rg32f.unroll.nonvolatile.storage_image.no_fmt_qual.img.samples_1.1d.rgen	NotSupported	VK_KHR_ray_tracing_pipeline is not supported at vktTestCase.cpp:1394
dEQP-VK.robustness.robustness2.bind.notemplate.rg32f.unroll.nonvolatile.storage_image.no_fmt_qual.img.samples_1.1d_array.comp_compute	NotSupported	robustImageAccess2 not supported at vktRobustnessExtsTests.cpp:665
dEQP-VK.robustness.robustness2.bind.notemplate.rg32f.unroll.nonvolatile.storage_image.no_fmt_qual.img.samples_1.1d_array.vert	NotSupported	robustImageAccess2 not supported at vktRobustnessExtsTests.cpp:665
dEQP-VK.robustness.robustness2.bind.notemplate.rg32f.unroll.nonvolatile.storage_image.no_fmt_qual.img.samples_1.2d.rgen	NotSupported	VK_KHR_ray_tracing_pipeline is not supported at vktTestCase.cpp:1394
dEQP-VK.robustness.robustness2.bind.notemplate.rg32f.unroll.nonvolatile.storage_image.no_fmt_qual.img.samples_1.2d_array.comp_compute	NotSupported	robustImageAccess2 not supported at vktRobustnessExtsTests.cpp:665
dEQP-VK.robustness.robustness2.bind.notemplate.rg32f.unroll.nonvolatile.storage_image.no_fmt_qual.img.samples_1.2d_array.vert	NotSupported	robustImageAccess2 not supported at vktRobustnessExtsTests.cpp:665
dEQP-VK.robustness.robustness2.bind.notemplate.rg32f.unroll.nonvolatile.storage_image.no_fmt_qual.img.samples_1.3d.rgen	NotSupported	VK_KHR_ray_tracing_pipeline is not supported at vktTestCase.cpp:1394
dEQP-VK.robustness.robustness2.bind.notemplate.rg32f.unroll.nonvolatile.storage_image.no_fmt_qual.img.samples_1.cube.comp_compute	NotSupported	robustImageAccess2 not supported at vktRobustnessExtsTests.cpp:665
dEQP-VK.robustness.robustness2.bind.notemplate.rg32f.unroll.nonvolatile.storage_image.no_fmt_qual.img.samples_1.cube.vert	NotSupported	robustImageAccess2 not supported at vktRobustnessExtsTests.cpp:665
dEQP-VK.robustness.robustness2.bind.notemplate.rg32f.unroll.nonvolatile.storage_image.no_fmt_qual.img.samples_1.cube_array.rgen	NotSupported	VK_KHR_ray_tracing_pipeline is not supported at vktTestCase.cpp:1394
dEQP-VK.robustness.robustness2.bind.notemplate.rg32f.unroll.nonvolatile.storage_image.no_fmt_qual.img.samples_4.2d.comp_compute	NotSupported	robustImageAccess2 not supported at vktRobustnessExtsTests.cpp:665
dEQP-VK.robustness.robustness2.bind.notemplate.rg32f.unroll.nonvolatile.storage_image.no_fmt_qual.img.samples_4.2d.vert	NotSupported	robustImageAccess2 not supported at vktRobustnessExtsTests.cpp:665
dEQP-VK.robustness.robustness2.bind.notemplate.rg32f.unroll.nonvolatile.storage_image.no_fmt_qual.img.samples_4.2d_array.rgen	NotSupported	VK_KHR_ray_tracing_pipeline is not supported at vktTestCase.cpp:1394
dEQP-VK.robustness.robustness2.bind.notemplate.rg32f.unroll.nonvolatile.storage_image.no_fmt_qual.null_descriptor.samples_1.1d.comp_compute	NotSupported	Exclusive compute queue not supported. at vktRobustnessExtsTests.cpp:737
dEQP-VK.robustness.robustness2.bind.notemplate.rg32f.unroll.nonvolatile.storage_image.no_fmt_qual.null_descriptor.samples_1.1d.vert	Pass	Pass
dEQP-VK.robustness.robustness2.bind.notemplate.rg32f.unroll.nonvolatile.storage_image.no_fmt_qual.null_descriptor.samples_1.1d_array.rgen	NotSupported	VK_KHR_ray_tracing_pipeline is not supported at vktTestCase.cpp:1394
dEQP-VK.robustness.robustness2.bind.notemplate.rg32f.unroll.nonvolatile.storage_image.no_fmt_qual.null_descriptor.samples_1.2d.comp_compute	NotSupported	Exclusive compute queue not supported. at vktRobustnessExtsTests.cpp:737
dEQP-VK.robustness.robustness2.bind.notemplate.rg32f.unroll.nonvolatile.storage_image.no_fmt_qual.null_descriptor.samples_1.2d.vert	Pass	Pass
dEQP-VK.robustness.robustness2.bind.notemplate.rg32f.unroll.nonvolatile.storage_image.no_fmt_qual.null_descriptor.samples_1.2d_array.rgen	NotSupported	VK_KHR_ray_tracing_pipeline is not supported at vktTestCase.cpp:1394
dEQP-VK.robustness.robustness2.bind.notemplate.rg32f.unroll.nonvolatile.storage_image.no_fmt_qual.null_descriptor.samples_1.3d.comp_compute	NotSupported	Exclusive compute queue not supported. at vktRobustnessExtsTests.cpp:737
dEQP-VK.robustness.robustness2.bind.notemplate.rg32f.unroll.nonvolatile.storage_image.no_fmt_qual.null_descriptor.samples_1.3d.vert	Pass	Pass
dEQP-VK.robustness.robustness2.bind.notemplate.rg32f.unroll.nonvolatile.storage_image.no_fmt_qual.null_descriptor.samples_1.cube.rgen	NotSupported	VK_KHR_ray_tracing_pipeline is not supported at vktTestCase.cpp:1394
dEQP-VK.robustness.robustness2.bind.notemplate.rg32f.unroll.nonvolatile.storage_image.no_fmt_qual.null_descriptor.samples_1.cube_array.comp_compute	NotSupported	Exclusive compute queue not supported. at vktRobustnessExtsTests.cpp:737
dEQP-VK.robustness.robustness2.bind.notemplate.rg32f.unroll.nonvolatile.storage_image.no_fmt_qual.null_descriptor.samples_1.cube_array.vert	Pass	Pass
dEQP-VK.robustness.robustness2.bind.notemplate.rg32f.unroll.nonvolatile.storage_image.no_fmt_qual.null_descriptor.samples_4.2d.rgen	NotSupported	VK_KHR_ray_tracing_pipeline is not supported at vktTestCase.cpp:1394
dEQP-VK.robustness.robustness2.bind.notemplate.rg32f.unroll.nonvolatile.storage_image.no_fmt_qual.null_descriptor.samples_4.2d_array.comp_compute	NotSupported	shaderStorageImageMultisample not supported at vktRobustnessExtsTests.cpp:685
dEQP-VK.robustness.robustness2.bind.notemplate.rg32f.unroll.nonvolatile.storage_image.no_fmt_qual.null_descriptor.samples_4.2d_array.vert	NotSupported	shaderStorageImageMultisample not supported at vktRobustnessExtsTests.cpp:685
dEQP-VK.robustness.robustness2.bind.notemplate.rg32f.unroll.nonvolatile.storage_texel_buffer.fmt_qual.len_16.samples_1.1d.comp	Fail	Fail
dEQP-VK.robustness.robustness2.bind.notemplate.rg32f.unroll.nonvolatile.storage_texel_buffer.fmt_qual.len_16.samples_1.1d.comp_compute	NotSupported	Exclusive compute queue not supported. at vktRobustnessExtsTests.cpp:737
dEQP-VK.robustness.robustness2.bind.notemplate.rg32f.unroll.nonvolatile.storage_texel_buffer.fmt_qual.len_16.samples_1.1d.frag	Fail	Fail
dEQP-VK.robustness.robustness2.bind.notemplate.rg32f.unroll.nonvolatile.storage_texel_buffer.fmt_qual.len_16.samples_1.1d.rgen	NotSupported	VK_KHR_ray_tracing_pipeline is not supported at vktTestCase.cpp:1394
dEQP-VK.robustness.robustness2.bind.notemplate.rg32f.unroll.nonvolatile.storage_texel_buffer.fmt_qual.len_16.samples_1.1d.rgen_compute	NotSupported	VK_KHR_ray_tracing_pipeline is not supported at vktTestCase.cpp:1394
dEQP-VK.robustness.robustness2.bind.notemplate.rg32f.unroll.nonvolatile.storage_texel_buffer.fmt_qual.len_16.samples_1.1d.vert	Fail	Fail
dEQP-VK.robustness.robustness2.bind.notemplate.rg32f.unroll.nonvolatile.storage_texel_buffer.fmt_qual.len_256.samples_1.1d.comp	Fail	Fail
dEQP-VK.robustness.robustness2.bind.notemplate.rg32f.unroll.nonvolatile.storage_texel_buffer.fmt_qual.len_256.samples_1.1d.comp_compute	NotSupported	Exclusive compute queue not supported. at vktRobustnessExtsTests.cpp:737
dEQP-VK.robustness.robustness2.bind.notemplate.rg32f.unroll.nonvolatile.storage_texel_buffer.fmt_qual.len_256.samples_1.1d.frag	Fail	Fail
dEQP-VK.robustness.robustness2.bind.notemplate.rg32f.unroll.nonvolatile.storage_texel_buffer.fmt_qual.len_256.samples_1.1d.rgen	NotSupported	VK_KHR_ray_tracing_pipeline is not supported at vktTestCase.cpp:1394
dEQP-VK.robustness.robustness2.bind.notemplate.rg32f.unroll.nonvolatile.storage_texel_buffer.fmt_qual.len_256.samples_1.1d.rgen_compute	NotSupported	VK_KHR_ray_tracing_pipeline is not supported at vktTestCase.cpp:1394
dEQP-VK.robustness.robustness2.bind.notemplate.rg32f.unroll.nonvolatile.storage_texel_buffer.fmt_qual.len_256.samples_1.1d.vert	Fail	Fail
dEQP-VK.robustness.robustness2.bind.notemplate.rg32f.unroll.nonvolatile.storage_texel_buffer.fmt_qual.len_32.samples_1.1d.comp	Fail	Fail
dEQP-VK.robustness.robustness2.bind.notemplate.rg32f.unroll.nonvolatile.storage_texel_buffer.fmt_qual.len_32.samples_1.1d.comp_compute	NotSupported	Exclusive compute queue not supported. at vktRobustnessExtsTests.cpp:737
dEQP-VK.robustness.robustness2.bind.notemplate.rg32f.unroll.nonvolatile.storage_texel_buffer.fmt_qual.len_32.samples_1.1d.frag	Fail	Fail
dEQP-VK.robustness.robustness2.bind.notemplate.rg32f.unroll.nonvolatile.storage_texel_buffer.fmt_qual.len_32.samples_1.1d.rgen	NotSupported	VK_KHR_ray_tracing_pipeline is not supported at vktTestCase.cpp:1394
dEQP-VK.robustness.robustness2.bind.notemplate.rg32f.unroll.nonvolatile.storage_texel_buffer.fmt_qual.len_32.samples_1.1d.rgen_compute	NotSupported	VK_KHR_ray_tracing_pipeline is not supported at vktTestCase.cpp:1394
dEQP-VK.robustness.robustness2.bind.notemplate.rg32f.unroll.nonvolatile.storage_texel_buffer.fmt_qual.len_32.samples_1.1d.vert	Fail	Fail
dEQP-VK.robustness.robustness2.bind.notemplate.rg32f.unroll.nonvolatile.storage_texel_buffer.fmt_qual.len_41.samples_1.1d.comp	Fail	Fail
dEQP-VK.robustness.robustness2.bind.notemplate.rg32f.unroll.nonvolatile.storage_texel_buffer.fmt_qual.len_41.samples_1.1d.comp_compute	NotSupported	Exclusive compute queue not supported. at vktRobustnessExtsTests.cpp:737
dEQP-VK.robustness.robustness2.bind.notemplate.rg32f.unroll.nonvolatile.storage_texel_buffer.fmt_qual.len_41.samples_1.1d.frag	Fail	Fail
dEQP-VK.robustness.robustness2.bind.notemplate.rg32f.unroll.nonvolatile.storage_texel_buffer.fmt_qual.len_41.samples_1.1d.rgen	NotSupported	VK_KHR_ray_tracing_pipeline is not supported at vktTestCase.cpp:1394
dEQP-VK.robustness.robustness2.bind.notemplate.rg32f.unroll.nonvolatile.storage_texel_buffer.fmt_qual.len_41.samples_1.1d.rgen_compute	NotSupported	VK_KHR_ray_tracing_pipeline is not supported at vktTestCase.cpp:1394
dEQP-VK.robustness.robustness2.bind.notemplate.rg32f.unroll.nonvolatile.storage_texel_buffer.fmt_qual.len_41.samples_1.1d.vert	Fail	Fail
dEQP-VK.robustness.robustness2.bind.notemplate.rg32f.unroll.nonvolatile.storage_texel_buffer.fmt_qual.len_8.samples_1.1d.comp	Fail	Fail
dEQP-VK.robustness.robustness2.bind.notemplate.rg32f.unroll.nonvolatile.storage_texel_buffer.fmt_qual.len_8.samples_1.1d.comp_compute	NotSupported	Exclusive compute queue not supported. at vktRobustnessExtsTests.cpp:737
dEQP-VK.robustness.robustness2.bind.notemplate.rg32f.unroll.nonvolatile.storage_texel_buffer.fmt_qual.len_8.samples_1.1d.frag	Fail	Fail
dEQP-VK.robustness.robustness2.bind.notemplate.rg32f.unroll.nonvolatile.storage_texel_buffer.fmt_qual.len_8.samples_1.1d.rgen	NotSupported	VK_KHR_ray_tracing_pipeline is not supported at vktTestCase.cpp:1394
dEQP-VK.robustness.robustness2.bind.notemplate.rg32f.unroll.nonvolatile.storage_texel_buffer.fmt_qual.len_8.samples_1.1d.rgen_compute	NotSupported	VK_KHR_ray_tracing_pipeline is not supported at vktTestCase.cpp:1394
dEQP-VK.robustness.robustness2.bind.notemplate.rg32f.unroll.nonvolatile.storage_texel_buffer.fmt_qual.len_8.samples_1.1d.vert	Fail	Fail
dEQP-VK.robustness.robustness2.bind.notemplate.rg32f.unroll.nonvolatile.storage_texel_buffer.fmt_qual.null_descriptor.samples_1.1d.comp	Pass	Pass
dEQP-VK.robustness.robustness2.bind.notemplate.rg32f.unroll.nonvolatile.storage_texel_buffer.fmt_qual.null_descriptor.samples_1.1d.comp_compute	NotSupported	Exclusive compute queue not supported. at vktRobustnessExtsTests.cpp:737
dEQP-VK.robustness.robustness2.bind.notemplate.rg32f.unroll.nonvolatile.storage_texel_buffer.fmt_qual.null_descriptor.samples_1.1d.frag	Pass	Pass
dEQP-VK.robustness.robustness2.bind.notemplate.rg32f.unroll.nonvolatile.storage_texel_buffer.fmt_qual.null_descriptor.samples_1.1d.rgen	NotSupported	VK_KHR_ray_tracing_pipeline is not supported at vktTestCase.cpp:1394
dEQP-VK.robustness.robustness2.bind.notemplate.rg32f.unroll.nonvolatile.storage_texel_buffer.fmt_qual.null_descriptor.samples_1.1d.rgen_compute	NotSupported	VK_KHR_ray_tracing_pipeline is not supported at vktTestCase.cpp:1394
dEQP-VK.robustness.robustness2.bind.notemplate.rg32f.unroll.nonvolatile.storage_texel_buffer.fmt_qual.null_descriptor.samples_1.1d.vert	Pass	Pass
dEQP-VK.robustness.robustness2.bind.notemplate.rg32f.unroll.nonvolatile.storage_texel_buffer.no_fmt_qual.len_16.samples_1.1d.comp	Fail	Fail
dEQP-VK.robustness.robustness2.bind.notemplate.rg32f.unroll.nonvolatile.storage_texel_buffer.no_fmt_qual.len_16.samples_1.1d.comp_compute	NotSupported	Exclusive compute queue not supported. at vktRobustnessExtsTests.cpp:737
dEQP-VK.robustness.robustness2.bind.notemplate.rg32f.unroll.nonvolatile.storage_texel_buffer.no_fmt_qual.len_16.samples_1.1d.frag	Fail	Fail
dEQP-VK.robustness.robustness2.bind.notemplate.rg32f.unroll.nonvolatile.storage_texel_buffer.no_fmt_qual.len_16.samples_1.1d.rgen	NotSupported	VK_KHR_ray_tracing_pipeline is not supported at vktTestCase.cpp:1394
dEQP-VK.robustness.robustness2.bind.notemplate.rg32f.unroll.nonvolatile.storage_texel_buffer.no_fmt_qual.len_16.samples_1.1d.rgen_compute	NotSupported	VK_KHR_ray_tracing_pipeline is not supported at vktTestCase.cpp:1394
dEQP-VK.robustness.robustness2.bind.notemplate.rg32f.unroll.nonvolatile.storage_texel_buffer.no_fmt_qual.len_16.samples_1.1d.vert	Fail	Fail
dEQP-VK.robustness.robustness2.bind.notemplate.rg32f.unroll.nonvolatile.storage_texel_buffer.no_fmt_qual.len_256.samples_1.1d.comp	Fail	Fail
dEQP-VK.robustness.robustness2.bind.notemplate.rg32f.unroll.nonvolatile.storage_texel_buffer.no_fmt_qual.len_256.samples_1.1d.comp_compute	NotSupported	Exclusive compute queue not supported. at vktRobustnessExtsTests.cpp:737
dEQP-VK.robustness.robustness2.bind.notemplate.rg32f.unroll.nonvolatile.storage_texel_buffer.no_fmt_qual.len_256.samples_1.1d.frag	Fail	Fail
dEQP-VK.robustness.robustness2.bind.notemplate.rg32f.unroll.nonvolatile.storage_texel_buffer.no_fmt_qual.len_256.samples_1.1d.rgen	NotSupported	VK_KHR_ray_tracing_pipeline is not supported at vktTestCase.cpp:1394
dEQP-VK.robustness.robustness2.bind.notemplate.rg32f.unroll.nonvolatile.storage_texel_buffer.no_fmt_qual.len_256.samples_1.1d.rgen_compute	NotSupported	VK_KHR_ray_tracing_pipeline is not supported at vktTestCase.cpp:1394
dEQP-VK.robustness.robustness2.bind.notemplate.rg32f.unroll.nonvolatile.storage_texel_buffer.no_fmt_qual.len_256.samples_1.1d.vert	Fail	Fail
dEQP-VK.robustness.robustness2.bind.notemplate.rg32f.unroll.nonvolatile.storage_texel_buffer.no_fmt_qual.len_32.samples_1.1d.comp	Fail	Fail
dEQP-VK.robustness.robustness2.bind.notemplate.rg32f.unroll.nonvolatile.storage_texel_buffer.no_fmt_qual.len_32.samples_1.1d.comp_compute	NotSupported	Exclusive compute queue not supported. at vktRobustnessExtsTests.cpp:737
dEQP-VK.robustness.robustness2.bind.notemplate.rg32f.unroll.nonvolatile.storage_texel_buffer.no_fmt_qual.len_32.samples_1.1d.frag	Fail	Fail
dEQP-VK.robustness.robustness2.bind.notemplate.rg32f.unroll.nonvolatile.storage_texel_buffer.no_fmt_qual.len_32.samples_1.1d.rgen	NotSupported	VK_KHR_ray_tracing_pipeline is not supported at vktTestCase.cpp:1394
dEQP-VK.robustness.robustness2.bind.notemplate.rg32f.unroll.nonvolatile.storage_texel_buffer.no_fmt_qual.len_32.samples_1.1d.rgen_compute	NotSupported	VK_KHR_ray_tracing_pipeline is not supported at vktTestCase.cpp:1394
dEQP-VK.robustness.robustness2.bind.notemplate.rg32f.unroll.nonvolatile.storage_texel_buffer.no_fmt_qual.len_32.samples_1.1d.vert	Fail	Fail
dEQP-VK.robustness.robustness2.bind.notemplate.rg32f.unroll.nonvolatile.storage_texel_buffer.no_fmt_qual.len_41.samples_1.1d.comp	Fail	Fail
dEQP-VK.robustness.robustness2.bind.notemplate.rg32f.unroll.nonvolatile.storage_texel_buffer.no_fmt_qual.len_41.samples_1.1d.comp_compute	NotSupported	Exclusive compute queue not supported. at vktRobustnessExtsTests.cpp:737
dEQP-VK.robustness.robustness2.bind.notemplate.rg32f.unroll.nonvolatile.storage_texel_buffer.no_fmt_qual.len_41.samples_1.1d.frag	Fail	Fail
dEQP-VK.robustness.robustness2.bind.notemplate.rg32f.unroll.nonvolatile.storage_texel_buffer.no_fmt_qual.len_41.samples_1.1d.rgen	NotSupported	VK_KHR_ray_tracing_pipeline is not supported at vktTestCase.cpp:1394
dEQP-VK.robustness.robustness2.bind.notemplate.rg32f.unroll.nonvolatile.storage_texel_buffer.no_fmt_qual.len_41.samples_1.1d.rgen_compute	NotSupported	VK_KHR_ray_tracing_pipeline is not supported at vktTestCase.cpp:1394
dEQP-VK.robustness.robustness2.bind.notemplate.rg32f.unroll.nonvolatile.storage_texel_buffer.no_fmt_qual.len_41.samples_1.1d.vert	Fail	Fail
dEQP-VK.robustness.robustness2.bind.notemplate.rg32f.unroll.nonvolatile.storage_texel_buffer.no_fmt_qual.len_8.samples_1.1d.comp	Fail	Fail
dEQP-VK.robustness.robustness2.bind.notemplate.rg32f.unroll.nonvolatile.storage_texel_buffer.no_fmt_qual.len_8.samples_1.1d.comp_compute	NotSupported	Exclusive compute queue not supported. at vktRobustnessExtsTests.cpp:737
dEQP-VK.robustness.robustness2.bind.notemplate.rg32f.unroll.nonvolatile.storage_texel_buffer.no_fmt_qual.len_8.samples_1.1d.frag	Fail	Fail
dEQP-VK.robustness.robustness2.bind.notemplate.rg32f.unroll.nonvolatile.storage_texel_buffer.no_fmt_qual.len_8.samples_1.1d.rgen	NotSupported	VK_KHR_ray_tracing_pipeline is not supported at vktTestCase.cpp:1394
dEQP-VK.robustness.robustness2.bind.notemplate.rg32f.unroll.nonvolatile.storage_texel_buffer.no_fmt_qual.len_8.samples_1.1d.rgen_compute	NotSupported	VK_KHR_ray_tracing_pipeline is not supported at vktTestCase.cpp:1394
dEQP-VK.robustness.robustness2.bind.notemplate.rg32f.unroll.nonvolatile.storage_texel_buffer.no_fmt_qual.len_8.samples_1.1d.vert	Fail	Fail
dEQP-VK.robustness.robustness2.bind.notemplate.rg32f.unroll.nonvolatile.storage_texel_buffer.no_fmt_qual.null_descriptor.samples_1.1d.comp	Pass	Pass
dEQP-VK.robustness.robustness2.bind.notemplate.rg32f.unroll.nonvolatile.storage_texel_buffer.no_fmt_qual.null_descriptor.samples_1.1d.comp_compute	NotSupported	Exclusive compute queue not supported. at vktRobustnessExtsTests.cpp:737
dEQP-VK.robustness.robustness2.bind.notemplate.rg32f.unroll.nonvolatile.storage_texel_buffer.no_fmt_qual.null_descriptor.samples_1.1d.frag	Pass	Pass
dEQP-VK.robustness.robustness2.bind.notemplate.rg32f.unroll.nonvolatile.storage_texel_buffer.no_fmt_qual.null_descriptor.samples_1.1d.rgen	NotSupported	VK_KHR_ray_tracing_pipeline is not supported at vktTestCase.cpp:1394
dEQP-VK.robustness.robustness2.bind.notemplate.rg32f.unroll.nonvolatile.storage_texel_buffer.no_fmt_qual.null_descriptor.samples_1.1d.rgen_compute	NotSupported	VK_KHR_ray_tracing_pipeline is not supported at vktTestCase.cpp:1394
dEQP-VK.robustness.robustness2.bind.notemplate.rg32f.unroll.nonvolatile.storage_texel_buffer.no_fmt_qual.null_descriptor.samples_1.1d.vert	Pass	Pass
dEQP-VK.robustness.robustness2.bind.notemplate.rg32f.unroll.nonvolatile.uniform_buffer.no_fmt_qual.len_12.samples_1.1d.rgen	NotSupported	VK_KHR_ray_tracing_pipeline is not supported at vktTestCase.cpp:1394
dEQP-VK.robustness.robustness2.bind.notemplate.rg32f.unroll.nonvolatile.uniform_buffer.no_fmt_qual.len_16.samples_1.1d.comp_compute	NotSupported	Exclusive compute queue not supported. at vktRobustnessExtsTests.cpp:737
dEQP-VK.robustness.robustness2.bind.notemplate.rg32f.unroll.nonvolatile.uniform_buffer.no_fmt_qual.len_16.samples_1.1d.vert	Pass	Pass
dEQP-VK.robustness.robustness2.bind.notemplate.rg32f.unroll.nonvolatile.uniform_buffer.no_fmt_qual.len_20.samples_1.1d.rgen	NotSupported	VK_KHR_ray_tracing_pipeline is not supported at vktTestCase.cpp:1394
dEQP-VK.robustness.robustness2.bind.notemplate.rg32f.unroll.nonvolatile.uniform_buffer.no_fmt_qual.len_252.samples_1.1d.comp_compute	NotSupported	Exclusive compute queue not supported. at vktRobustnessExtsTests.cpp:737
dEQP-VK.robustness.robustness2.bind.notemplate.rg32f.unroll.nonvolatile.uniform_buffer.no_fmt_qual.len_252.samples_1.1d.vert	Pass	Pass
dEQP-VK.robustness.robustness2.bind.notemplate.rg32f.unroll.nonvolatile.uniform_buffer.no_fmt_qual.len_256.samples_1.1d.rgen	NotSupported	VK_KHR_ray_tracing_pipeline is not supported at vktTestCase.cpp:1394
dEQP-VK.robustness.robustness2.bind.notemplate.rg32f.unroll.nonvolatile.uniform_buffer.no_fmt_qual.len_260.samples_1.1d.comp_compute	NotSupported	Exclusive compute queue not supported. at vktRobustnessExtsTests.cpp:737
dEQP-VK.robustness.robustness2.bind.notemplate.rg32f.unroll.nonvolatile.uniform_buffer.no_fmt_qual.len_260.samples_1.1d.vert	Pass	Pass
dEQP-VK.robustness.robustness2.bind.notemplate.rg32f.unroll.nonvolatile.uniform_buffer.no_fmt_qual.len_31.samples_1.1d.rgen	NotSupported	VK_KHR_ray_tracing_pipeline is not supported at vktTestCase.cpp:1394
dEQP-VK.robustness.robustness2.bind.notemplate.rg32f.unroll.nonvolatile.uniform_buffer.no_fmt_qual.len_32.samples_1.1d.comp_compute	NotSupported	Exclusive compute queue not supported. at vktRobustnessExtsTests.cpp:737
dEQP-VK.robustness.robustness2.bind.notemplate.rg32f.unroll.nonvolatile.uniform_buffer.no_fmt_qual.len_32.samples_1.1d.vert	Pass	Pass
dEQP-VK.robustness.robustness2.bind.notemplate.rg32f.unroll.nonvolatile.uniform_buffer.no_fmt_qual.len_33.samples_1.1d.rgen	NotSupported	VK_KHR_ray_tracing_pipeline is not supported at vktTestCase.cpp:1394
dEQP-VK.robustness.robustness2.bind.notemplate.rg32f.unroll.nonvolatile.uniform_buffer.no_fmt_qual.len_35.samples_1.1d.comp_compute	NotSupported	Exclusive compute queue not supported. at vktRobustnessExtsTests.cpp:737
dEQP-VK.robustness.robustness2.bind.notemplate.rg32f.unroll.nonvolatile.uniform_buffer.no_fmt_qual.len_35.samples_1.1d.vert	Pass	Pass
dEQP-VK.robustness.robustness2.bind.notemplate.rg32f.unroll.nonvolatile.uniform_buffer.no_fmt_qual.len_36.samples_1.1d.rgen	NotSupported	VK_KHR_ray_tracing_pipeline is not supported at vktTestCase.cpp:1394
dEQP-VK.robustness.robustness2.bind.notemplate.rg32f.unroll.nonvolatile.uniform_buffer.no_fmt_qual.len_39.samples_1.1d.comp_compute	NotSupported	Exclusive compute queue not supported. at vktRobustnessExtsTests.cpp:737
dEQP-VK.robustness.robustness2.bind.notemplate.rg32f.unroll.nonvolatile.uniform_buffer.no_fmt_qual.len_39.samples_1.1d.vert	Pass	Pass
dEQP-VK.robustness.robustness2.bind.notemplate.rg32f.unroll.nonvolatile.uniform_buffer.no_fmt_qual.len_4.samples_1.1d.rgen	NotSupported	VK_KHR_ray_tracing_pipeline is not supported at vktTestCase.cpp:1394
dEQP-VK.robustness.robustness2.bind.notemplate.rg32f.unroll.nonvolatile.uniform_buffer.no_fmt_qual.len_41.samples_1.1d.comp_compute	NotSupported	Exclusive compute queue not supported. at vktRobustnessExtsTests.cpp:737
dEQP-VK.robustness.robustness2.bind.notemplate.rg32f.unroll.nonvolatile.uniform_buffer.no_fmt_qual.len_41.samples_1.1d.vert	Pass	Pass
dEQP-VK.robustness.robustness2.bind.notemplate.rg32f.unroll.nonvolatile.uniform_buffer.no_fmt_qual.len_8.samples_1.1d.rgen	NotSupported	VK_KHR_ray_tracing_pipeline is not supported at vktTestCase.cpp:1394
dEQP-VK.robustness.robustness2.bind.notemplate.rg32f.unroll.nonvolatile.uniform_buffer.no_fmt_qual.null_descriptor.samples_1.1d.comp_compute	NotSupported	Exclusive compute queue not supported. at vktRobustnessExtsTests.cpp:737
dEQP-VK.robustness.robustness2.bind.notemplate.rg32f.unroll.nonvolatile.uniform_buffer.no_fmt_qual.null_descriptor.samples_1.1d.vert	Pass	Pass
dEQP-VK.robustness.robustness2.bind.notemplate.rg32f.unroll.nonvolatile.uniform_buffer_dynamic.no_fmt_qual.len_12.samples_1.1d.rgen	NotSupported	VK_KHR_ray_tracing_pipeline is not supported at vktTestCase.cpp:1394
dEQP-VK.robustness.robustness2.bind.notemplate.rg32f.unroll.nonvolatile.uniform_buffer_dynamic.no_fmt_qual.len_16.samples_1.1d.comp_compute	NotSupported	Exclusive compute queue not supported. at vktRobustnessExtsTests.cpp:737
dEQP-VK.robustness.robustness2.bind.notemplate.rg32f.unroll.nonvolatile.uniform_buffer_dynamic.no_fmt_qual.len_16.samples_1.1d.vert	Pass	Pass
dEQP-VK.robustness.robustness2.bind.notemplate.rg32f.unroll.nonvolatile.uniform_buffer_dynamic.no_fmt_qual.len_20.samples_1.1d.rgen	NotSupported	VK_KHR_ray_tracing_pipeline is not supported at vktTestCase.cpp:1394
dEQP-VK.robustness.robustness2.bind.notemplate.rg32f.unroll.nonvolatile.uniform_buffer_dynamic.no_fmt_qual.len_252.samples_1.1d.comp_compute	NotSupported	Exclusive compute queue not supported. at vktRobustnessExtsTests.cpp:737
dEQP-VK.robustness.robustness2.bind.notemplate.rg32f.unroll.nonvolatile.uniform_buffer_dynamic.no_fmt_qual.len_252.samples_1.1d.vert	Pass	Pass
dEQP-VK.robustness.robustness2.bind.notemplate.rg32f.unroll.nonvolatile.uniform_buffer_dynamic.no_fmt_qual.len_256.samples_1.1d.rgen	NotSupported	VK_KHR_ray_tracing_pipeline is not supported at vktTestCase.cpp:1394
dEQP-VK.robustness.robustness2.bind.notemplate.rg32f.unroll.nonvolatile.uniform_buffer_dynamic.no_fmt_qual.len_260.samples_1.1d.comp_compute	NotSupported	Exclusive compute queue not supported. at vktRobustnessExtsTests.cpp:737
dEQP-VK.robustness.robustness2.bind.notemplate.rg32f.unroll.nonvolatile.uniform_buffer_dynamic.no_fmt_qual.len_260.samples_1.1d.vert	Pass	Pass
dEQP-VK.robustness.robustness2.bind.notemplate.rg32f.unroll.nonvolatile.uniform_buffer_dynamic.no_fmt_qual.len_31.samples_1.1d.rgen	NotSupported	VK_KHR_ray_tracing_pipeline is not supported at vktTestCase.cpp:1394
dEQP-VK.robustness.robustness2.bind.notemplate.rg32f.unroll.nonvolatile.uniform_buffer_dynamic.no_fmt_qual.len_32.samples_1.1d.comp_compute	NotSupported	Exclusive compute queue not supported. at vktRobustnessExtsTests.cpp:737
dEQP-VK.robustness.robustness2.bind.notemplate.rg32f.unroll.nonvolatile.uniform_buffer_dynamic.no_fmt_qual.len_32.samples_1.1d.vert	Pass	Pass
dEQP-VK.robustness.robustness2.bind.notemplate.rg32f.unroll.nonvolatile.uniform_buffer_dynamic.no_fmt_qual.len_33.samples_1.1d.rgen	NotSupported	VK_KHR_ray_tracing_pipeline is not supported at vktTestCase.cpp:1394
dEQP-VK.robustness.robustness2.bind.notemplate.rg32f.unroll.nonvolatile.uniform_buffer_dynamic.no_fmt_qual.len_35.samples_1.1d.comp_compute	NotSupported	Exclusive compute queue not supported. at vktRobustnessExtsTests.cpp:737
dEQP-VK.robustness.robustness2.bind.notemplate.rg32f.unroll.nonvolatile.uniform_buffer_dynamic.no_fmt_qual.len_35.samples_1.1d.vert	Pass	Pass
dEQP-VK.robustness.robustness2.bind.notemplate.rg32f.unroll.nonvolatile.uniform_buffer_dynamic.no_fmt_qual.len_36.samples_1.1d.rgen	NotSupported	VK_KHR_ray_tracing_pipeline is not supported at vktTestCase.cpp:1394
dEQP-VK.robustness.robustness2.bind.notemplate.rg32f.unroll.nonvolatile.uniform_buffer_dynamic.no_fmt_qual.len_39.samples_1.1d.comp_compute	NotSupported	Exclusive compute queue not supported. at vktRobustnessExtsTests.cpp:737
dEQP-VK.robustness.robustness2.bind.notemplate.rg32f.unroll.nonvolatile.uniform_buffer_dynamic.no_fmt_qual.len_39.samples_1.1d.vert	Pass	Pass
dEQP-VK.robustness.robustness2.bind.notemplate.rg32f.unroll.nonvolatile.uniform_buffer_dynamic.no_fmt_qual.len_4.samples_1.1d.rgen	NotSupported	VK_KHR_ray_tracing_pipeline is not supported at vktTestCase.cpp:1394
dEQP-VK.robustness.robustness2.bind.notemplate.rg32f.unroll.nonvolatile.uniform_buffer_dynamic.no_fmt_qual.len_41.samples_1.1d.comp_compute	NotSupported	Exclusive compute queue not supported. at vktRobustnessExtsTests.cpp:737
dEQP-VK.robustness.robustness2.bind.notemplate.rg32f.unroll.nonvolatile.uniform_buffer_dynamic.no_fmt_qual.len_41.samples_1.1d.vert	Pass	Pass
dEQP-VK.robustness.robustness2.bind.notemplate.rg32f.unroll.nonvolatile.uniform_buffer_dynamic.no_fmt_qual.len_8.samples_1.1d.rgen	NotSupported	VK_KHR_ray_tracing_pipeline is not supported at vktTestCase.cpp:1394
dEQP-VK.robustness.robustness2.bind.notemplate.rg32f.unroll.nonvolatile.uniform_buffer_dynamic.no_fmt_qual.null_descriptor.samples_1.1d.comp_compute	NotSupported	Exclusive compute queue not supported. at vktRobustnessExtsTests.cpp:737
dEQP-VK.robustness.robustness2.bind.notemplate.rg32f.unroll.nonvolatile.uniform_buffer_dynamic.no_fmt_qual.null_descriptor.samples_1.1d.vert	Pass	Pass
dEQP-VK.robustness.robustness2.bind.notemplate.rg32f.unroll.nonvolatile.uniform_texel_buffer.no_fmt_qual.len_16.samples_1.1d.comp	Fail	Fail
dEQP-VK.robustness.robustness2.bind.notemplate.rg32f.unroll.nonvolatile.uniform_texel_buffer.no_fmt_qual.len_16.samples_1.1d.comp_compute	NotSupported	Exclusive compute queue not supported. at vktRobustnessExtsTests.cpp:737
dEQP-VK.robustness.robustness2.bind.notemplate.rg32f.unroll.nonvolatile.uniform_texel_buffer.no_fmt_qual.len_16.samples_1.1d.frag	Fail	Fail
dEQP-VK.robustness.robustness2.bind.notemplate.rg32f.unroll.nonvolatile.uniform_texel_buffer.no_fmt_qual.len_16.samples_1.1d.rgen	NotSupported	VK_KHR_ray_tracing_pipeline is not supported at vktTestCase.cpp:1394
dEQP-VK.robustness.robustness2.bind.notemplate.rg32f.unroll.nonvolatile.uniform_texel_buffer.no_fmt_qual.len_16.samples_1.1d.rgen_compute	NotSupported	VK_KHR_ray_tracing_pipeline is not supported at vktTestCase.cpp:1394
dEQP-VK.robustness.robustness2.bind.notemplate.rg32f.unroll.nonvolatile.uniform_texel_buffer.no_fmt_qual.len_16.samples_1.1d.vert	Fail	Fail
dEQP-VK.robustness.robustness2.bind.notemplate.rg32f.unroll.nonvolatile.uniform_texel_buffer.no_fmt_qual.len_256.samples_1.1d.comp	Fail	Fail
dEQP-VK.robustness.robustness2.bind.notemplate.rg32f.unroll.nonvolatile.uniform_texel_buffer.no_fmt_qual.len_256.samples_1.1d.comp_compute	NotSupported	Exclusive compute queue not supported. at vktRobustnessExtsTests.cpp:737
dEQP-VK.robustness.robustness2.bind.notemplate.rg32f.unroll.nonvolatile.uniform_texel_buffer.no_fmt_qual.len_256.samples_1.1d.frag	Fail	Fail
dEQP-VK.robustness.robustness2.bind.notemplate.rg32f.unroll.nonvolatile.uniform_texel_buffer.no_fmt_qual.len_256.samples_1.1d.rgen	NotSupported	VK_KHR_ray_tracing_pipeline is not supported at vktTestCase.cpp:1394
dEQP-VK.robustness.robustness2.bind.notemplate.rg32f.unroll.nonvolatile.uniform_texel_buffer.no_fmt_qual.len_256.samples_1.1d.rgen_compute	NotSupported	VK_KHR_ray_tracing_pipeline is not supported at vktTestCase.cpp:1394
dEQP-VK.robustness.robustness2.bind.notemplate.rg32f.unroll.nonvolatile.uniform_texel_buffer.no_fmt_qual.len_256.samples_1.1d.vert	Fail	Fail
dEQP-VK.robustness.robustness2.bind.notemplate.rg32f.unroll.nonvolatile.uniform_texel_buffer.no_fmt_qual.len_32.samples_1.1d.comp	Fail	Fail
dEQP-VK.robustness.robustness2.bind.notemplate.rg32f.unroll.nonvolatile.uniform_texel_buffer.no_fmt_qual.len_32.samples_1.1d.comp_compute	NotSupported	Exclusive compute queue not supported. at vktRobustnessExtsTests.cpp:737
dEQP-VK.robustness.robustness2.bind.notemplate.rg32f.unroll.nonvolatile.uniform_texel_buffer.no_fmt_qual.len_32.samples_1.1d.frag	Fail	Fail
dEQP-VK.robustness.robustness2.bind.notemplate.rg32f.unroll.nonvolatile.uniform_texel_buffer.no_fmt_qual.len_32.samples_1.1d.rgen	NotSupported	VK_KHR_ray_tracing_pipeline is not supported at vktTestCase.cpp:1394
dEQP-VK.robustness.robustness2.bind.notemplate.rg32f.unroll.nonvolatile.uniform_texel_buffer.no_fmt_qual.len_32.samples_1.1d.rgen_compute	NotSupported	VK_KHR_ray_tracing_pipeline is not supported at vktTestCase.cpp:1394
dEQP-VK.robustness.robustness2.bind.notemplate.rg32f.unroll.nonvolatile.uniform_texel_buffer.no_fmt_qual.len_32.samples_1.1d.vert	Fail	Fail
dEQP-VK.robustness.robustness2.bind.notemplate.rg32f.unroll.nonvolatile.uniform_texel_buffer.no_fmt_qual.len_41.samples_1.1d.comp	Fail	Fail
dEQP-VK.robustness.robustness2.bind.notemplate.rg32f.unroll.nonvolatile.uniform_texel_buffer.no_fmt_qual.len_41.samples_1.1d.comp_compute	NotSupported	Exclusive compute queue not supported. at vktRobustnessExtsTests.cpp:737
dEQP-VK.robustness.robustness2.bind.notemplate.rg32f.unroll.nonvolatile.uniform_texel_buffer.no_fmt_qual.len_41.samples_1.1d.frag	Fail	Fail
dEQP-VK.robustness.robustness2.bind.notemplate.rg32f.unroll.nonvolatile.uniform_texel_buffer.no_fmt_qual.len_41.samples_1.1d.rgen	NotSupported	VK_KHR_ray_tracing_pipeline is not supported at vktTestCase.cpp:1394
dEQP-VK.robustness.robustness2.bind.notemplate.rg32f.unroll.nonvolatile.uniform_texel_buffer.no_fmt_qual.len_41.samples_1.1d.rgen_compute	NotSupported	VK_KHR_ray_tracing_pipeline is not supported at vktTestCase.cpp:1394
dEQP-VK.robustness.robustness2.bind.notemplate.rg32f.unroll.nonvolatile.uniform_texel_buffer.no_fmt_qual.len_41.samples_1.1d.vert	Fail	Fail
dEQP-VK.robustness.robustness2.bind.notemplate.rg32f.unroll.nonvolatile.uniform_texel_buffer.no_fmt_qual.len_8.samples_1.1d.comp	Fail	Fail
dEQP-VK.robustness.robustness2.bind.notemplate.rg32f.unroll.nonvolatile.uniform_texel_buffer.no_fmt_qual.len_8.samples_1.1d.comp_compute	NotSupported	Exclusive compute queue not supported. at vktRobustnessExtsTests.cpp:737
dEQP-VK.robustness.robustness2.bind.notemplate.rg32f.unroll.nonvolatile.uniform_texel_buffer.no_fmt_qual.len_8.samples_1.1d.frag	Fail	Fail
dEQP-VK.robustness.robustness2.bind.notemplate.rg32f.unroll.nonvolatile.uniform_texel_buffer.no_fmt_qual.len_8.samples_1.1d.rgen	NotSupported	VK_KHR_ray_tracing_pipeline is not supported at vktTestCase.cpp:1394
dEQP-VK.robustness.robustness2.bind.notemplate.rg32f.unroll.nonvolatile.uniform_texel_buffer.no_fmt_qual.len_8.samples_1.1d.rgen_compute	NotSupported	VK_KHR_ray_tracing_pipeline is not supported at vktTestCase.cpp:1394
dEQP-VK.robustness.robustness2.bind.notemplate.rg32f.unroll.nonvolatile.uniform_texel_buffer.no_fmt_qual.len_8.samples_1.1d.vert	Fail	Fail
dEQP-VK.robustness.robustness2.bind.notemplate.rg32f.unroll.nonvolatile.uniform_texel_buffer.no_fmt_qual.null_descriptor.samples_1.1d.comp	Pass	Pass
dEQP-VK.robustness.robustness2.bind.notemplate.rg32f.unroll.nonvolatile.uniform_texel_buffer.no_fmt_qual.null_descriptor.samples_1.1d.comp_compute	NotSupported	Exclusive compute queue not supported. at vktRobustnessExtsTests.cpp:737
dEQP-VK.robustness.robustness2.bind.notemplate.rg32f.unroll.nonvolatile.uniform_texel_buffer.no_fmt_qual.null_descriptor.samples_1.1d.frag	Pass	Pass
dEQP-VK.robustness.robustness2.bind.notemplate.rg32f.unroll.nonvolatile.uniform_texel_buffer.no_fmt_qual.null_descriptor.samples_1.1d.rgen	NotSupported	VK_KHR_ray_tracing_pipeline is not supported at vktTestCase.cpp:1394
dEQP-VK.robustness.robustness2.bind.notemplate.rg32f.unroll.nonvolatile.uniform_texel_buffer.no_fmt_qual.null_descriptor.samples_1.1d.rgen_compute	NotSupported	VK_KHR_ray_tracing_pipeline is not supported at vktTestCase.cpp:1394
dEQP-VK.robustness.robustness2.bind.notemplate.rg32f.unroll.nonvolatile.uniform_texel_buffer.no_fmt_qual.null_descriptor.samples_1.1d.vert	Pass	Pass
dEQP-VK.robustness.robustness2.bind.notemplate.rg32f.unroll.nonvolatile.vertex_attribute_fetch.no_fmt_qual.len_252.samples_1.1d.vert	Fail	Fail
dEQP-VK.robustness.robustness2.bind.notemplate.rg32f.unroll.nonvolatile.vertex_attribute_fetch.no_fmt_qual.len_32.samples_1.1d.vert	Fail	Fail
dEQP-VK.robustness.robustness2.bind.notemplate.rg32f.unroll.nonvolatile.vertex_attribute_fetch.no_fmt_qual.len_39.samples_1.1d.vert	Fail	Fail
dEQP-VK.robustness.robustness2.bind.notemplate.rg32f.unroll.nonvolatile.vertex_attribute_fetch.no_fmt_qual.null_descriptor.samples_1.1d.vert	Fail	Fail
dEQP-VK.robustness.robustness2.bind.notemplate.rg32ui.unroll.nonvolatile.sampled_image.no_fmt_qual.img.samples_1.1d.rgen	NotSupported	VK_KHR_ray_tracing_pipeline is not supported at vktTestCase.cpp:1394
dEQP-VK.robustness.robustness2.bind.notemplate.rg32ui.unroll.nonvolatile.sampled_image.no_fmt_qual.img.samples_1.1d_array.comp_compute	NotSupported	robustImageAccess2 not supported at vktRobustnessExtsTests.cpp:665
dEQP-VK.robustness.robustness2.bind.notemplate.rg32ui.unroll.nonvolatile.sampled_image.no_fmt_qual.img.samples_1.1d_array.vert	NotSupported	robustImageAccess2 not supported at vktRobustnessExtsTests.cpp:665
dEQP-VK.robustness.robustness2.bind.notemplate.rg32ui.unroll.nonvolatile.sampled_image.no_fmt_qual.img.samples_1.2d.rgen	NotSupported	VK_KHR_ray_tracing_pipeline is not supported at vktTestCase.cpp:1394
dEQP-VK.robustness.robustness2.bind.notemplate.rg32ui.unroll.nonvolatile.sampled_image.no_fmt_qual.img.samples_1.2d_array.comp_compute	NotSupported	robustImageAccess2 not supported at vktRobustnessExtsTests.cpp:665
dEQP-VK.robustness.robustness2.bind.notemplate.rg32ui.unroll.nonvolatile.sampled_image.no_fmt_qual.img.samples_1.2d_array.vert	NotSupported	robustImageAccess2 not supported at vktRobustnessExtsTests.cpp:665
dEQP-VK.robustness.robustness2.bind.notemplate.rg32ui.unroll.nonvolatile.sampled_image.no_fmt_qual.img.samples_1.3d.rgen	NotSupported	VK_KHR_ray_tracing_pipeline is not supported at vktTestCase.cpp:1394
dEQP-VK.robustness.robustness2.bind.notemplate.rg32ui.unroll.nonvolatile.sampled_image.no_fmt_qual.img.samples_1.cube.comp_compute	NotSupported	robustImageAccess2 not supported at vktRobustnessExtsTests.cpp:665
dEQP-VK.robustness.robustness2.bind.notemplate.rg32ui.unroll.nonvolatile.sampled_image.no_fmt_qual.img.samples_1.cube.vert	NotSupported	robustImageAccess2 not supported at vktRobustnessExtsTests.cpp:665
dEQP-VK.robustness.robustness2.bind.notemplate.rg32ui.unroll.nonvolatile.sampled_image.no_fmt_qual.img.samples_1.cube_array.rgen	NotSupported	VK_KHR_ray_tracing_pipeline is not supported at vktTestCase.cpp:1394
dEQP-VK.robustness.robustness2.bind.notemplate.rg32ui.unroll.nonvolatile.sampled_image.no_fmt_qual.img.samples_4.2d.comp_compute	NotSupported	robustImageAccess2 not supported at vktRobustnessExtsTests.cpp:665
dEQP-VK.robustness.robustness2.bind.notemplate.rg32ui.unroll.nonvolatile.sampled_image.no_fmt_qual.img.samples_4.2d.vert	NotSupported	robustImageAccess2 not supported at vktRobustnessExtsTests.cpp:665
dEQP-VK.robustness.robustness2.bind.notemplate.rg32ui.unroll.nonvolatile.sampled_image.no_fmt_qual.img.samples_4.2d_array.rgen	NotSupported	VK_KHR_ray_tracing_pipeline is not supported at vktTestCase.cpp:1394
dEQP-VK.robustness.robustness2.bind.notemplate.rg32ui.unroll.nonvolatile.sampled_image.no_fmt_qual.null_descriptor.samples_1.1d.comp_compute	NotSupported	Exclusive compute queue not supported. at vktRobustnessExtsTests.cpp:737
dEQP-VK.robustness.robustness2.bind.notemplate.rg32ui.unroll.nonvolatile.sampled_image.no_fmt_qual.null_descriptor.samples_1.1d.vert	Fail	Fail
dEQP-VK.robustness.robustness2.bind.notemplate.rg32ui.unroll.nonvolatile.sampled_image.no_fmt_qual.null_descriptor.samples_1.1d_array.rgen	NotSupported	VK_KHR_ray_tracing_pipeline is not supported at vktTestCase.cpp:1394
dEQP-VK.robustness.robustness2.bind.notemplate.rg32ui.unroll.nonvolatile.sampled_image.no_fmt_qual.null_descriptor.samples_1.2d.comp_compute	NotSupported	Exclusive compute queue not supported. at vktRobustnessExtsTests.cpp:737
dEQP-VK.robustness.robustness2.bind.notemplate.rg32ui.unroll.nonvolatile.sampled_image.no_fmt_qual.null_descriptor.samples_1.2d.vert	Fail	Fail
dEQP-VK.robustness.robustness2.bind.notemplate.rg32ui.unroll.nonvolatile.sampled_image.no_fmt_qual.null_descriptor.samples_1.2d_array.rgen	NotSupported	VK_KHR_ray_tracing_pipeline is not supported at vktTestCase.cpp:1394
dEQP-VK.robustness.robustness2.bind.notemplate.rg32ui.unroll.nonvolatile.sampled_image.no_fmt_qual.null_descriptor.samples_1.3d.comp_compute	NotSupported	Exclusive compute queue not supported. at vktRobustnessExtsTests.cpp:737
dEQP-VK.robustness.robustness2.bind.notemplate.rg32ui.unroll.nonvolatile.sampled_image.no_fmt_qual.null_descriptor.samples_1.3d.vert	Fail	Fail
dEQP-VK.robustness.robustness2.bind.notemplate.rg32ui.unroll.nonvolatile.sampled_image.no_fmt_qual.null_descriptor.samples_1.cube.rgen	NotSupported	VK_KHR_ray_tracing_pipeline is not supported at vktTestCase.cpp:1394
dEQP-VK.robustness.robustness2.bind.notemplate.rg32ui.unroll.nonvolatile.sampled_image.no_fmt_qual.null_descriptor.samples_1.cube_array.comp_compute	NotSupported	Exclusive compute queue not supported. at vktRobustnessExtsTests.cpp:737
dEQP-VK.robustness.robustness2.bind.notemplate.rg32ui.unroll.nonvolatile.sampled_image.no_fmt_qual.null_descriptor.samples_1.cube_array.vert	Fail	Fail
dEQP-VK.robustness.robustness2.bind.notemplate.rg32ui.unroll.nonvolatile.sampled_image.no_fmt_qual.null_descriptor.samples_4.2d.rgen	NotSupported	VK_KHR_ray_tracing_pipeline is not supported at vktTestCase.cpp:1394
dEQP-VK.robustness.robustness2.bind.notemplate.rg32ui.unroll.nonvolatile.sampled_image.no_fmt_qual.null_descriptor.samples_4.2d_array.comp_compute	NotSupported	Exclusive compute queue not supported. at vktRobustnessExtsTests.cpp:737
dEQP-VK.robustness.robustness2.bind.notemplate.rg32ui.unroll.nonvolatile.sampled_image.no_fmt_qual.null_descriptor.samples_4.2d_array.vert	Fail	Fail
dEQP-VK.robustness.robustness2.bind.notemplate.rg32ui.unroll.nonvolatile.storage_buffer.readonly.no_fmt_qual.len_12.samples_1.1d.rgen	NotSupported	VK_KHR_ray_tracing_pipeline is not supported at vktTestCase.cpp:1394
dEQP-VK.robustness.robustness2.bind.notemplate.rg32ui.unroll.nonvolatile.storage_buffer.readonly.no_fmt_qual.len_16.samples_1.1d.comp_compute	NotSupported	Exclusive compute queue not supported. at vktRobustnessExtsTests.cpp:737
dEQP-VK.robustness.robustness2.bind.notemplate.rg32ui.unroll.nonvolatile.storage_buffer.readonly.no_fmt_qual.len_16.samples_1.1d.vert	Pass	Pass
dEQP-VK.robustness.robustness2.bind.notemplate.rg32ui.unroll.nonvolatile.storage_buffer.readonly.no_fmt_qual.len_20.samples_1.1d.rgen	NotSupported	VK_KHR_ray_tracing_pipeline is not supported at vktTestCase.cpp:1394
dEQP-VK.robustness.robustness2.bind.notemplate.rg32ui.unroll.nonvolatile.storage_buffer.readonly.no_fmt_qual.len_252.samples_1.1d.comp_compute	NotSupported	Exclusive compute queue not supported. at vktRobustnessExtsTests.cpp:737
dEQP-VK.robustness.robustness2.bind.notemplate.rg32ui.unroll.nonvolatile.storage_buffer.readonly.no_fmt_qual.len_252.samples_1.1d.vert	Pass	Pass
dEQP-VK.robustness.robustness2.bind.notemplate.rg32ui.unroll.nonvolatile.storage_buffer.readonly.no_fmt_qual.len_256.samples_1.1d.rgen	NotSupported	VK_KHR_ray_tracing_pipeline is not supported at vktTestCase.cpp:1394
dEQP-VK.robustness.robustness2.bind.notemplate.rg32ui.unroll.nonvolatile.storage_buffer.readonly.no_fmt_qual.len_260.samples_1.1d.comp_compute	NotSupported	Exclusive compute queue not supported. at vktRobustnessExtsTests.cpp:737
dEQP-VK.robustness.robustness2.bind.notemplate.rg32ui.unroll.nonvolatile.storage_buffer.readonly.no_fmt_qual.len_260.samples_1.1d.vert	Pass	Pass
dEQP-VK.robustness.robustness2.bind.notemplate.rg32ui.unroll.nonvolatile.storage_buffer.readonly.no_fmt_qual.len_31.samples_1.1d.rgen	NotSupported	VK_KHR_ray_tracing_pipeline is not supported at vktTestCase.cpp:1394
dEQP-VK.robustness.robustness2.bind.notemplate.rg32ui.unroll.nonvolatile.storage_buffer.readonly.no_fmt_qual.len_32.samples_1.1d.comp_compute	NotSupported	Exclusive compute queue not supported. at vktRobustnessExtsTests.cpp:737
dEQP-VK.robustness.robustness2.bind.notemplate.rg32ui.unroll.nonvolatile.storage_buffer.readonly.no_fmt_qual.len_32.samples_1.1d.vert	Pass	Pass
dEQP-VK.robustness.robustness2.bind.notemplate.rg32ui.unroll.nonvolatile.storage_buffer.readonly.no_fmt_qual.len_33.samples_1.1d.rgen	NotSupported	VK_KHR_ray_tracing_pipeline is not supported at vktTestCase.cpp:1394
dEQP-VK.robustness.robustness2.bind.notemplate.rg32ui.unroll.nonvolatile.storage_buffer.readonly.no_fmt_qual.len_35.samples_1.1d.comp_compute	NotSupported	Exclusive compute queue not supported. at vktRobustnessExtsTests.cpp:737
dEQP-VK.robustness.robustness2.bind.notemplate.rg32ui.unroll.nonvolatile.storage_buffer.readonly.no_fmt_qual.len_35.samples_1.1d.vert	Pass	Pass
dEQP-VK.robustness.robustness2.bind.notemplate.rg32ui.unroll.nonvolatile.storage_buffer.readonly.no_fmt_qual.len_36.samples_1.1d.rgen	NotSupported	VK_KHR_ray_tracing_pipeline is not supported at vktTestCase.cpp:1394
dEQP-VK.robustness.robustness2.bind.notemplate.rg32ui.unroll.nonvolatile.storage_buffer.readonly.no_fmt_qual.len_39.samples_1.1d.comp_compute	NotSupported	Exclusive compute queue not supported. at vktRobustnessExtsTests.cpp:737
dEQP-VK.robustness.robustness2.bind.notemplate.rg32ui.unroll.nonvolatile.storage_buffer.readonly.no_fmt_qual.len_39.samples_1.1d.vert	Pass	Pass
dEQP-VK.robustness.robustness2.bind.notemplate.rg32ui.unroll.nonvolatile.storage_buffer.readonly.no_fmt_qual.len_4.samples_1.1d.rgen	NotSupported	VK_KHR_ray_tracing_pipeline is not supported at vktTestCase.cpp:1394
dEQP-VK.robustness.robustness2.bind.notemplate.rg32ui.unroll.nonvolatile.storage_buffer.readonly.no_fmt_qual.len_41.samples_1.1d.comp_compute	NotSupported	Exclusive compute queue not supported. at vktRobustnessExtsTests.cpp:737
dEQP-VK.robustness.robustness2.bind.notemplate.rg32ui.unroll.nonvolatile.storage_buffer.readonly.no_fmt_qual.len_41.samples_1.1d.vert	Pass	Pass
dEQP-VK.robustness.robustness2.bind.notemplate.rg32ui.unroll.nonvolatile.storage_buffer.readonly.no_fmt_qual.len_8.samples_1.1d.rgen	NotSupported	VK_KHR_ray_tracing_pipeline is not supported at vktTestCase.cpp:1394
dEQP-VK.robustness.robustness2.bind.notemplate.rg32ui.unroll.nonvolatile.storage_buffer.readonly.no_fmt_qual.null_descriptor.samples_1.1d.comp_compute	NotSupported	Exclusive compute queue not supported. at vktRobustnessExtsTests.cpp:737
dEQP-VK.robustness.robustness2.bind.notemplate.rg32ui.unroll.nonvolatile.storage_buffer.readonly.no_fmt_qual.null_descriptor.samples_1.1d.vert	Pass	Pass
dEQP-VK.robustness.robustness2.bind.notemplate.rg32ui.unroll.nonvolatile.storage_buffer.readwrite.no_fmt_qual.len_12.samples_1.1d.rgen	NotSupported	VK_KHR_ray_tracing_pipeline is not supported at vktTestCase.cpp:1394
dEQP-VK.robustness.robustness2.bind.notemplate.rg32ui.unroll.nonvolatile.storage_buffer.readwrite.no_fmt_qual.len_16.samples_1.1d.comp_compute	NotSupported	Exclusive compute queue not supported. at vktRobustnessExtsTests.cpp:737
dEQP-VK.robustness.robustness2.bind.notemplate.rg32ui.unroll.nonvolatile.storage_buffer.readwrite.no_fmt_qual.len_16.samples_1.1d.vert	Pass	Pass
dEQP-VK.robustness.robustness2.bind.notemplate.rg32ui.unroll.nonvolatile.storage_buffer.readwrite.no_fmt_qual.len_20.samples_1.1d.rgen	NotSupported	VK_KHR_ray_tracing_pipeline is not supported at vktTestCase.cpp:1394
dEQP-VK.robustness.robustness2.bind.notemplate.rg32ui.unroll.nonvolatile.storage_buffer.readwrite.no_fmt_qual.len_252.samples_1.1d.comp_compute	NotSupported	Exclusive compute queue not supported. at vktRobustnessExtsTests.cpp:737
dEQP-VK.robustness.robustness2.bind.notemplate.rg32ui.unroll.nonvolatile.storage_buffer.readwrite.no_fmt_qual.len_252.samples_1.1d.vert	Pass	Pass
dEQP-VK.robustness.robustness2.bind.notemplate.rg32ui.unroll.nonvolatile.storage_buffer.readwrite.no_fmt_qual.len_256.samples_1.1d.rgen	NotSupported	VK_KHR_ray_tracing_pipeline is not supported at vktTestCase.cpp:1394
dEQP-VK.robustness.robustness2.bind.notemplate.rg32ui.unroll.nonvolatile.storage_buffer.readwrite.no_fmt_qual.len_260.samples_1.1d.comp_compute	NotSupported	Exclusive compute queue not supported. at vktRobustnessExtsTests.cpp:737
dEQP-VK.robustness.robustness2.bind.notemplate.rg32ui.unroll.nonvolatile.storage_buffer.readwrite.no_fmt_qual.len_260.samples_1.1d.vert	Pass	Pass
dEQP-VK.robustness.robustness2.bind.notemplate.rg32ui.unroll.nonvolatile.storage_buffer.readwrite.no_fmt_qual.len_31.samples_1.1d.rgen	NotSupported	VK_KHR_ray_tracing_pipeline is not supported at vktTestCase.cpp:1394
dEQP-VK.robustness.robustness2.bind.notemplate.rg32ui.unroll.nonvolatile.storage_buffer.readwrite.no_fmt_qual.len_32.samples_1.1d.comp_compute	NotSupported	Exclusive compute queue not supported. at vktRobustnessExtsTests.cpp:737
dEQP-VK.robustness.robustness2.bind.notemplate.rg32ui.unroll.nonvolatile.storage_buffer.readwrite.no_fmt_qual.len_32.samples_1.1d.vert	Pass	Pass
dEQP-VK.robustness.robustness2.bind.notemplate.rg32ui.unroll.nonvolatile.storage_buffer.readwrite.no_fmt_qual.len_33.samples_1.1d.rgen	NotSupported	VK_KHR_ray_tracing_pipeline is not supported at vktTestCase.cpp:1394
dEQP-VK.robustness.robustness2.bind.notemplate.rg32ui.unroll.nonvolatile.storage_buffer.readwrite.no_fmt_qual.len_35.samples_1.1d.comp_compute	NotSupported	Exclusive compute queue not supported. at vktRobustnessExtsTests.cpp:737
dEQP-VK.robustness.robustness2.bind.notemplate.rg32ui.unroll.nonvolatile.storage_buffer.readwrite.no_fmt_qual.len_35.samples_1.1d.vert	Pass	Pass
dEQP-VK.robustness.robustness2.bind.notemplate.rg32ui.unroll.nonvolatile.storage_buffer.readwrite.no_fmt_qual.len_36.samples_1.1d.rgen	NotSupported	VK_KHR_ray_tracing_pipeline is not supported at vktTestCase.cpp:1394
dEQP-VK.robustness.robustness2.bind.notemplate.rg32ui.unroll.nonvolatile.storage_buffer.readwrite.no_fmt_qual.len_39.samples_1.1d.comp_compute	NotSupported	Exclusive compute queue not supported. at vktRobustnessExtsTests.cpp:737
dEQP-VK.robustness.robustness2.bind.notemplate.rg32ui.unroll.nonvolatile.storage_buffer.readwrite.no_fmt_qual.len_39.samples_1.1d.vert	Pass	Pass
dEQP-VK.robustness.robustness2.bind.notemplate.rg32ui.unroll.nonvolatile.storage_buffer.readwrite.no_fmt_qual.len_4.samples_1.1d.rgen	NotSupported	VK_KHR_ray_tracing_pipeline is not supported at vktTestCase.cpp:1394
dEQP-VK.robustness.robustness2.bind.notemplate.rg32ui.unroll.nonvolatile.storage_buffer.readwrite.no_fmt_qual.len_41.samples_1.1d.comp_compute	NotSupported	Exclusive compute queue not supported. at vktRobustnessExtsTests.cpp:737
dEQP-VK.robustness.robustness2.bind.notemplate.rg32ui.unroll.nonvolatile.storage_buffer.readwrite.no_fmt_qual.len_41.samples_1.1d.vert	Pass	Pass
dEQP-VK.robustness.robustness2.bind.notemplate.rg32ui.unroll.nonvolatile.storage_buffer.readwrite.no_fmt_qual.len_8.samples_1.1d.rgen	NotSupported	VK_KHR_ray_tracing_pipeline is not supported at vktTestCase.cpp:1394
dEQP-VK.robustness.robustness2.bind.notemplate.rg32ui.unroll.nonvolatile.storage_buffer.readwrite.no_fmt_qual.null_descriptor.samples_1.1d.comp_compute	NotSupported	Exclusive compute queue not supported. at vktRobustnessExtsTests.cpp:737
dEQP-VK.robustness.robustness2.bind.notemplate.rg32ui.unroll.nonvolatile.storage_buffer.readwrite.no_fmt_qual.null_descriptor.samples_1.1d.vert	Pass	Pass
dEQP-VK.robustness.robustness2.bind.notemplate.rg32ui.unroll.nonvolatile.storage_buffer_dynamic.readonly.no_fmt_qual.len_12.samples_1.1d.rgen	NotSupported	VK_KHR_ray_tracing_pipeline is not supported at vktTestCase.cpp:1394
dEQP-VK.robustness.robustness2.bind.notemplate.rg32ui.unroll.nonvolatile.storage_buffer_dynamic.readonly.no_fmt_qual.len_16.samples_1.1d.comp_compute	NotSupported	Exclusive compute queue not supported. at vktRobustnessExtsTests.cpp:737
dEQP-VK.robustness.robustness2.bind.notemplate.rg32ui.unroll.nonvolatile.storage_buffer_dynamic.readonly.no_fmt_qual.len_16.samples_1.1d.vert	Pass	Pass
dEQP-VK.robustness.robustness2.bind.notemplate.rg32ui.unroll.nonvolatile.storage_buffer_dynamic.readonly.no_fmt_qual.len_20.samples_1.1d.rgen	NotSupported	VK_KHR_ray_tracing_pipeline is not supported at vktTestCase.cpp:1394
dEQP-VK.robustness.robustness2.bind.notemplate.rg32ui.unroll.nonvolatile.storage_buffer_dynamic.readonly.no_fmt_qual.len_252.samples_1.1d.comp_compute	NotSupported	Exclusive compute queue not supported. at vktRobustnessExtsTests.cpp:737
dEQP-VK.robustness.robustness2.bind.notemplate.rg32ui.unroll.nonvolatile.storage_buffer_dynamic.readonly.no_fmt_qual.len_252.samples_1.1d.vert	Pass	Pass
dEQP-VK.robustness.robustness2.bind.notemplate.rg32ui.unroll.nonvolatile.storage_buffer_dynamic.readonly.no_fmt_qual.len_256.samples_1.1d.rgen	NotSupported	VK_KHR_ray_tracing_pipeline is not supported at vktTestCase.cpp:1394
dEQP-VK.robustness.robustness2.bind.notemplate.rg32ui.unroll.nonvolatile.storage_buffer_dynamic.readonly.no_fmt_qual.len_260.samples_1.1d.comp_compute	NotSupported	Exclusive compute queue not supported. at vktRobustnessExtsTests.cpp:737
dEQP-VK.robustness.robustness2.bind.notemplate.rg32ui.unroll.nonvolatile.storage_buffer_dynamic.readonly.no_fmt_qual.len_260.samples_1.1d.vert	Pass	Pass
dEQP-VK.robustness.robustness2.bind.notemplate.rg32ui.unroll.nonvolatile.storage_buffer_dynamic.readonly.no_fmt_qual.len_31.samples_1.1d.rgen	NotSupported	VK_KHR_ray_tracing_pipeline is not supported at vktTestCase.cpp:1394
dEQP-VK.robustness.robustness2.bind.notemplate.rg32ui.unroll.nonvolatile.storage_buffer_dynamic.readonly.no_fmt_qual.len_32.samples_1.1d.comp_compute	NotSupported	Exclusive compute queue not supported. at vktRobustnessExtsTests.cpp:737
dEQP-VK.robustness.robustness2.bind.notemplate.rg32ui.unroll.nonvolatile.storage_buffer_dynamic.readonly.no_fmt_qual.len_32.samples_1.1d.vert	Pass	Pass
dEQP-VK.robustness.robustness2.bind.notemplate.rg32ui.unroll.nonvolatile.storage_buffer_dynamic.readonly.no_fmt_qual.len_33.samples_1.1d.rgen	NotSupported	VK_KHR_ray_tracing_pipeline is not supported at vktTestCase.cpp:1394
dEQP-VK.robustness.robustness2.bind.notemplate.rg32ui.unroll.nonvolatile.storage_buffer_dynamic.readonly.no_fmt_qual.len_35.samples_1.1d.comp_compute	NotSupported	Exclusive compute queue not supported. at vktRobustnessExtsTests.cpp:737
dEQP-VK.robustness.robustness2.bind.notemplate.rg32ui.unroll.nonvolatile.storage_buffer_dynamic.readonly.no_fmt_qual.len_35.samples_1.1d.vert	Pass	Pass
dEQP-VK.robustness.robustness2.bind.notemplate.rg32ui.unroll.nonvolatile.storage_buffer_dynamic.readonly.no_fmt_qual.len_36.samples_1.1d.rgen	NotSupported	VK_KHR_ray_tracing_pipeline is not supported at vktTestCase.cpp:1394
dEQP-VK.robustness.robustness2.bind.notemplate.rg32ui.unroll.nonvolatile.storage_buffer_dynamic.readonly.no_fmt_qual.len_39.samples_1.1d.comp_compute	NotSupported	Exclusive compute queue not supported. at vktRobustnessExtsTests.cpp:737
dEQP-VK.robustness.robustness2.bind.notemplate.rg32ui.unroll.nonvolatile.storage_buffer_dynamic.readonly.no_fmt_qual.len_39.samples_1.1d.vert	Pass	Pass
dEQP-VK.robustness.robustness2.bind.notemplate.rg32ui.unroll.nonvolatile.storage_buffer_dynamic.readonly.no_fmt_qual.len_4.samples_1.1d.rgen	NotSupported	VK_KHR_ray_tracing_pipeline is not supported at vktTestCase.cpp:1394
dEQP-VK.robustness.robustness2.bind.notemplate.rg32ui.unroll.nonvolatile.storage_buffer_dynamic.readonly.no_fmt_qual.len_41.samples_1.1d.comp_compute	NotSupported	Exclusive compute queue not supported. at vktRobustnessExtsTests.cpp:737
dEQP-VK.robustness.robustness2.bind.notemplate.rg32ui.unroll.nonvolatile.storage_buffer_dynamic.readonly.no_fmt_qual.len_41.samples_1.1d.vert	Pass	Pass
dEQP-VK.robustness.robustness2.bind.notemplate.rg32ui.unroll.nonvolatile.storage_buffer_dynamic.readonly.no_fmt_qual.len_8.samples_1.1d.rgen	NotSupported	VK_KHR_ray_tracing_pipeline is not supported at vktTestCase.cpp:1394
dEQP-VK.robustness.robustness2.bind.notemplate.rg32ui.unroll.nonvolatile.storage_buffer_dynamic.readonly.no_fmt_qual.null_descriptor.samples_1.1d.comp_compute	NotSupported	Exclusive compute queue not supported. at vktRobustnessExtsTests.cpp:737
dEQP-VK.robustness.robustness2.bind.notemplate.rg32ui.unroll.nonvolatile.storage_buffer_dynamic.readonly.no_fmt_qual.null_descriptor.samples_1.1d.vert	Pass	Pass
dEQP-VK.robustness.robustness2.bind.notemplate.rg32ui.unroll.nonvolatile.storage_buffer_dynamic.readwrite.no_fmt_qual.len_12.samples_1.1d.rgen	NotSupported	VK_KHR_ray_tracing_pipeline is not supported at vktTestCase.cpp:1394
dEQP-VK.robustness.robustness2.bind.notemplate.rg32ui.unroll.nonvolatile.storage_buffer_dynamic.readwrite.no_fmt_qual.len_16.samples_1.1d.comp_compute	NotSupported	Exclusive compute queue not supported. at vktRobustnessExtsTests.cpp:737
dEQP-VK.robustness.robustness2.bind.notemplate.rg32ui.unroll.nonvolatile.storage_buffer_dynamic.readwrite.no_fmt_qual.len_16.samples_1.1d.vert	Pass	Pass
dEQP-VK.robustness.robustness2.bind.notemplate.rg32ui.unroll.nonvolatile.storage_buffer_dynamic.readwrite.no_fmt_qual.len_20.samples_1.1d.rgen	NotSupported	VK_KHR_ray_tracing_pipeline is not supported at vktTestCase.cpp:1394
dEQP-VK.robustness.robustness2.bind.notemplate.rg32ui.unroll.nonvolatile.storage_buffer_dynamic.readwrite.no_fmt_qual.len_252.samples_1.1d.comp_compute	NotSupported	Exclusive compute queue not supported. at vktRobustnessExtsTests.cpp:737
dEQP-VK.robustness.robustness2.bind.notemplate.rg32ui.unroll.nonvolatile.storage_buffer_dynamic.readwrite.no_fmt_qual.len_252.samples_1.1d.vert	Pass	Pass
dEQP-VK.robustness.robustness2.bind.notemplate.rg32ui.unroll.nonvolatile.storage_buffer_dynamic.readwrite.no_fmt_qual.len_256.samples_1.1d.rgen	NotSupported	VK_KHR_ray_tracing_pipeline is not supported at vktTestCase.cpp:1394
dEQP-VK.robustness.robustness2.bind.notemplate.rg32ui.unroll.nonvolatile.storage_buffer_dynamic.readwrite.no_fmt_qual.len_260.samples_1.1d.comp_compute	NotSupported	Exclusive compute queue not supported. at vktRobustnessExtsTests.cpp:737
dEQP-VK.robustness.robustness2.bind.notemplate.rg32ui.unroll.nonvolatile.storage_buffer_dynamic.readwrite.no_fmt_qual.len_260.samples_1.1d.vert	Pass	Pass
dEQP-VK.robustness.robustness2.bind.notemplate.rg32ui.unroll.nonvolatile.storage_buffer_dynamic.readwrite.no_fmt_qual.len_31.samples_1.1d.rgen	NotSupported	VK_KHR_ray_tracing_pipeline is not supported at vktTestCase.cpp:1394
dEQP-VK.robustness.robustness2.bind.notemplate.rg32ui.unroll.nonvolatile.storage_buffer_dynamic.readwrite.no_fmt_qual.len_32.samples_1.1d.comp_compute	NotSupported	Exclusive compute queue not supported. at vktRobustnessExtsTests.cpp:737
dEQP-VK.robustness.robustness2.bind.notemplate.rg32ui.unroll.nonvolatile.storage_buffer_dynamic.readwrite.no_fmt_qual.len_32.samples_1.1d.vert	Pass	Pass
dEQP-VK.robustness.robustness2.bind.notemplate.rg32ui.unroll.nonvolatile.storage_buffer_dynamic.readwrite.no_fmt_qual.len_33.samples_1.1d.rgen	NotSupported	VK_KHR_ray_tracing_pipeline is not supported at vktTestCase.cpp:1394
dEQP-VK.robustness.robustness2.bind.notemplate.rg32ui.unroll.nonvolatile.storage_buffer_dynamic.readwrite.no_fmt_qual.len_35.samples_1.1d.comp_compute	NotSupported	Exclusive compute queue not supported. at vktRobustnessExtsTests.cpp:737
dEQP-VK.robustness.robustness2.bind.notemplate.rg32ui.unroll.nonvolatile.storage_buffer_dynamic.readwrite.no_fmt_qual.len_35.samples_1.1d.vert	Pass	Pass
dEQP-VK.robustness.robustness2.bind.notemplate.rg32ui.unroll.nonvolatile.storage_buffer_dynamic.readwrite.no_fmt_qual.len_36.samples_1.1d.rgen	NotSupported	VK_KHR_ray_tracing_pipeline is not supported at vktTestCase.cpp:1394
dEQP-VK.robustness.robustness2.bind.notemplate.rg32ui.unroll.nonvolatile.storage_buffer_dynamic.readwrite.no_fmt_qual.len_39.samples_1.1d.comp_compute	NotSupported	Exclusive compute queue not supported. at vktRobustnessExtsTests.cpp:737
dEQP-VK.robustness.robustness2.bind.notemplate.rg32ui.unroll.nonvolatile.storage_buffer_dynamic.readwrite.no_fmt_qual.len_39.samples_1.1d.vert	Pass	Pass
dEQP-VK.robustness.robustness2.bind.notemplate.rg32ui.unroll.nonvolatile.storage_buffer_dynamic.readwrite.no_fmt_qual.len_4.samples_1.1d.rgen	NotSupported	VK_KHR_ray_tracing_pipeline is not supported at vktTestCase.cpp:1394
dEQP-VK.robustness.robustness2.bind.notemplate.rg32ui.unroll.nonvolatile.storage_buffer_dynamic.readwrite.no_fmt_qual.len_41.samples_1.1d.comp_compute	NotSupported	Exclusive compute queue not supported. at vktRobustnessExtsTests.cpp:737
dEQP-VK.robustness.robustness2.bind.notemplate.rg32ui.unroll.nonvolatile.storage_buffer_dynamic.readwrite.no_fmt_qual.len_41.samples_1.1d.vert	Pass	Pass
dEQP-VK.robustness.robustness2.bind.notemplate.rg32ui.unroll.nonvolatile.storage_buffer_dynamic.readwrite.no_fmt_qual.len_8.samples_1.1d.rgen	NotSupported	VK_KHR_ray_tracing_pipeline is not supported at vktTestCase.cpp:1394
dEQP-VK.robustness.robustness2.bind.notemplate.rg32ui.unroll.nonvolatile.storage_buffer_dynamic.readwrite.no_fmt_qual.null_descriptor.samples_1.1d.comp_compute	NotSupported	Exclusive compute queue not supported. at vktRobustnessExtsTests.cpp:737
dEQP-VK.robustness.robustness2.bind.notemplate.rg32ui.unroll.nonvolatile.storage_buffer_dynamic.readwrite.no_fmt_qual.null_descriptor.samples_1.1d.vert	Pass	Pass
dEQP-VK.robustness.robustness2.bind.notemplate.rg32ui.unroll.nonvolatile.storage_image.fmt_qual.img.samples_1.1d.rgen	NotSupported	VK_KHR_ray_tracing_pipeline is not supported at vktTestCase.cpp:1394
dEQP-VK.robustness.robustness2.bind.notemplate.rg32ui.unroll.nonvolatile.storage_image.fmt_qual.img.samples_1.1d_array.comp_compute	NotSupported	robustImageAccess2 not supported at vktRobustnessExtsTests.cpp:665
dEQP-VK.robustness.robustness2.bind.notemplate.rg32ui.unroll.nonvolatile.storage_image.fmt_qual.img.samples_1.1d_array.vert	NotSupported	robustImageAccess2 not supported at vktRobustnessExtsTests.cpp:665
dEQP-VK.robustness.robustness2.bind.notemplate.rg32ui.unroll.nonvolatile.storage_image.fmt_qual.img.samples_1.2d.rgen	NotSupported	VK_KHR_ray_tracing_pipeline is not supported at vktTestCase.cpp:1394
dEQP-VK.robustness.robustness2.bind.notemplate.rg32ui.unroll.nonvolatile.storage_image.fmt_qual.img.samples_1.2d_array.comp_compute	NotSupported	robustImageAccess2 not supported at vktRobustnessExtsTests.cpp:665
dEQP-VK.robustness.robustness2.bind.notemplate.rg32ui.unroll.nonvolatile.storage_image.fmt_qual.img.samples_1.2d_array.vert	NotSupported	robustImageAccess2 not supported at vktRobustnessExtsTests.cpp:665
dEQP-VK.robustness.robustness2.bind.notemplate.rg32ui.unroll.nonvolatile.storage_image.fmt_qual.img.samples_1.3d.rgen	NotSupported	VK_KHR_ray_tracing_pipeline is not supported at vktTestCase.cpp:1394
dEQP-VK.robustness.robustness2.bind.notemplate.rg32ui.unroll.nonvolatile.storage_image.fmt_qual.img.samples_1.cube.comp_compute	NotSupported	robustImageAccess2 not supported at vktRobustnessExtsTests.cpp:665
dEQP-VK.robustness.robustness2.bind.notemplate.rg32ui.unroll.nonvolatile.storage_image.fmt_qual.img.samples_1.cube.vert	NotSupported	robustImageAccess2 not supported at vktRobustnessExtsTests.cpp:665
dEQP-VK.robustness.robustness2.bind.notemplate.rg32ui.unroll.nonvolatile.storage_image.fmt_qual.img.samples_1.cube_array.rgen	NotSupported	VK_KHR_ray_tracing_pipeline is not supported at vktTestCase.cpp:1394
dEQP-VK.robustness.robustness2.bind.notemplate.rg32ui.unroll.nonvolatile.storage_image.fmt_qual.img.samples_4.2d.comp_compute	NotSupported	robustImageAccess2 not supported at vktRobustnessExtsTests.cpp:665
dEQP-VK.robustness.robustness2.bind.notemplate.rg32ui.unroll.nonvolatile.storage_image.fmt_qual.img.samples_4.2d.vert	NotSupported	robustImageAccess2 not supported at vktRobustnessExtsTests.cpp:665
dEQP-VK.robustness.robustness2.bind.notemplate.rg32ui.unroll.nonvolatile.storage_image.fmt_qual.img.samples_4.2d_array.rgen	NotSupported	VK_KHR_ray_tracing_pipeline is not supported at vktTestCase.cpp:1394
dEQP-VK.robustness.robustness2.bind.notemplate.rg32ui.unroll.nonvolatile.storage_image.fmt_qual.null_descriptor.samples_1.1d.comp_compute	NotSupported	Exclusive compute queue not supported. at vktRobustnessExtsTests.cpp:737
dEQP-VK.robustness.robustness2.bind.notemplate.rg32ui.unroll.nonvolatile.storage_image.fmt_qual.null_descriptor.samples_1.1d.vert	Pass	Pass
dEQP-VK.robustness.robustness2.bind.notemplate.rg32ui.unroll.nonvolatile.storage_image.fmt_qual.null_descriptor.samples_1.1d_array.rgen	NotSupported	VK_KHR_ray_tracing_pipeline is not supported at vktTestCase.cpp:1394
dEQP-VK.robustness.robustness2.bind.notemplate.rg32ui.unroll.nonvolatile.storage_image.fmt_qual.null_descriptor.samples_1.2d.comp_compute	NotSupported	Exclusive compute queue not supported. at vktRobustnessExtsTests.cpp:737
dEQP-VK.robustness.robustness2.bind.notemplate.rg32ui.unroll.nonvolatile.storage_image.fmt_qual.null_descriptor.samples_1.2d.vert	Pass	Pass
dEQP-VK.robustness.robustness2.bind.notemplate.rg32ui.unroll.nonvolatile.storage_image.fmt_qual.null_descriptor.samples_1.2d_array.rgen	NotSupported	VK_KHR_ray_tracing_pipeline is not supported at vktTestCase.cpp:1394
dEQP-VK.robustness.robustness2.bind.notemplate.rg32ui.unroll.nonvolatile.storage_image.fmt_qual.null_descriptor.samples_1.3d.comp_compute	NotSupported	Exclusive compute queue not supported. at vktRobustnessExtsTests.cpp:737
dEQP-VK.robustness.robustness2.bind.notemplate.rg32ui.unroll.nonvolatile.storage_image.fmt_qual.null_descriptor.samples_1.3d.vert	Pass	Pass
dEQP-VK.robustness.robustness2.bind.notemplate.rg32ui.unroll.nonvolatile.storage_image.fmt_qual.null_descriptor.samples_1.cube.rgen	NotSupported	VK_KHR_ray_tracing_pipeline is not supported at vktTestCase.cpp:1394
dEQP-VK.robustness.robustness2.bind.notemplate.rg32ui.unroll.nonvolatile.storage_image.fmt_qual.null_descriptor.samples_1.cube_array.comp_compute	NotSupported	Exclusive compute queue not supported. at vktRobustnessExtsTests.cpp:737
dEQP-VK.robustness.robustness2.bind.notemplate.rg32ui.unroll.nonvolatile.storage_image.fmt_qual.null_descriptor.samples_1.cube_array.vert	Pass	Pass
dEQP-VK.robustness.robustness2.bind.notemplate.rg32ui.unroll.nonvolatile.storage_image.fmt_qual.null_descriptor.samples_4.2d.rgen	NotSupported	VK_KHR_ray_tracing_pipeline is not supported at vktTestCase.cpp:1394
dEQP-VK.robustness.robustness2.bind.notemplate.rg32ui.unroll.nonvolatile.storage_image.fmt_qual.null_descriptor.samples_4.2d_array.comp_compute	NotSupported	shaderStorageImageMultisample not supported at vktRobustnessExtsTests.cpp:685
dEQP-VK.robustness.robustness2.bind.notemplate.rg32ui.unroll.nonvolatile.storage_image.fmt_qual.null_descriptor.samples_4.2d_array.vert	NotSupported	shaderStorageImageMultisample not supported at vktRobustnessExtsTests.cpp:685
dEQP-VK.robustness.robustness2.bind.notemplate.rg32ui.unroll.nonvolatile.storage_image.no_fmt_qual.img.samples_1.1d.rgen	NotSupported	VK_KHR_ray_tracing_pipeline is not supported at vktTestCase.cpp:1394
dEQP-VK.robustness.robustness2.bind.notemplate.rg32ui.unroll.nonvolatile.storage_image.no_fmt_qual.img.samples_1.1d_array.comp_compute	NotSupported	robustImageAccess2 not supported at vktRobustnessExtsTests.cpp:665
dEQP-VK.robustness.robustness2.bind.notemplate.rg32ui.unroll.nonvolatile.storage_image.no_fmt_qual.img.samples_1.1d_array.vert	NotSupported	robustImageAccess2 not supported at vktRobustnessExtsTests.cpp:665
dEQP-VK.robustness.robustness2.bind.notemplate.rg32ui.unroll.nonvolatile.storage_image.no_fmt_qual.img.samples_1.2d.rgen	NotSupported	VK_KHR_ray_tracing_pipeline is not supported at vktTestCase.cpp:1394
dEQP-VK.robustness.robustness2.bind.notemplate.rg32ui.unroll.nonvolatile.storage_image.no_fmt_qual.img.samples_1.2d_array.comp_compute	NotSupported	robustImageAccess2 not supported at vktRobustnessExtsTests.cpp:665
dEQP-VK.robustness.robustness2.bind.notemplate.rg32ui.unroll.nonvolatile.storage_image.no_fmt_qual.img.samples_1.2d_array.vert	NotSupported	robustImageAccess2 not supported at vktRobustnessExtsTests.cpp:665
dEQP-VK.robustness.robustness2.bind.notemplate.rg32ui.unroll.nonvolatile.storage_image.no_fmt_qual.img.samples_1.3d.rgen	NotSupported	VK_KHR_ray_tracing_pipeline is not supported at vktTestCase.cpp:1394
dEQP-VK.robustness.robustness2.bind.notemplate.rg32ui.unroll.nonvolatile.storage_image.no_fmt_qual.img.samples_1.cube.comp_compute	NotSupported	robustImageAccess2 not supported at vktRobustnessExtsTests.cpp:665
dEQP-VK.robustness.robustness2.bind.notemplate.rg32ui.unroll.nonvolatile.storage_image.no_fmt_qual.img.samples_1.cube.vert	NotSupported	robustImageAccess2 not supported at vktRobustnessExtsTests.cpp:665
dEQP-VK.robustness.robustness2.bind.notemplate.rg32ui.unroll.nonvolatile.storage_image.no_fmt_qual.img.samples_1.cube_array.rgen	NotSupported	VK_KHR_ray_tracing_pipeline is not supported at vktTestCase.cpp:1394
dEQP-VK.robustness.robustness2.bind.notemplate.rg32ui.unroll.nonvolatile.storage_image.no_fmt_qual.img.samples_4.2d.comp_compute	NotSupported	robustImageAccess2 not supported at vktRobustnessExtsTests.cpp:665
dEQP-VK.robustness.robustness2.bind.notemplate.rg32ui.unroll.nonvolatile.storage_image.no_fmt_qual.img.samples_4.2d.vert	NotSupported	robustImageAccess2 not supported at vktRobustnessExtsTests.cpp:665
dEQP-VK.robustness.robustness2.bind.notemplate.rg32ui.unroll.nonvolatile.storage_image.no_fmt_qual.img.samples_4.2d_array.rgen	NotSupported	VK_KHR_ray_tracing_pipeline is not supported at vktTestCase.cpp:1394
dEQP-VK.robustness.robustness2.bind.notemplate.rg32ui.unroll.nonvolatile.storage_image.no_fmt_qual.null_descriptor.samples_1.1d.comp_compute	NotSupported	Exclusive compute queue not supported. at vktRobustnessExtsTests.cpp:737
dEQP-VK.robustness.robustness2.bind.notemplate.rg32ui.unroll.nonvolatile.storage_image.no_fmt_qual.null_descriptor.samples_1.1d.vert	Pass	Pass
dEQP-VK.robustness.robustness2.bind.notemplate.rg32ui.unroll.nonvolatile.storage_image.no_fmt_qual.null_descriptor.samples_1.1d_array.rgen	NotSupported	VK_KHR_ray_tracing_pipeline is not supported at vktTestCase.cpp:1394
dEQP-VK.robustness.robustness2.bind.notemplate.rg32ui.unroll.nonvolatile.storage_image.no_fmt_qual.null_descriptor.samples_1.2d.comp_compute	NotSupported	Exclusive compute queue not supported. at vktRobustnessExtsTests.cpp:737
dEQP-VK.robustness.robustness2.bind.notemplate.rg32ui.unroll.nonvolatile.storage_image.no_fmt_qual.null_descriptor.samples_1.2d.vert	Pass	Pass
dEQP-VK.robustness.robustness2.bind.notemplate.rg32ui.unroll.nonvolatile.storage_image.no_fmt_qual.null_descriptor.samples_1.2d_array.rgen	NotSupported	VK_KHR_ray_tracing_pipeline is not supported at vktTestCase.cpp:1394
dEQP-VK.robustness.robustness2.bind.notemplate.rg32ui.unroll.nonvolatile.storage_image.no_fmt_qual.null_descriptor.samples_1.3d.comp_compute	NotSupported	Exclusive compute queue not supported. at vktRobustnessExtsTests.cpp:737
dEQP-VK.robustness.robustness2.bind.notemplate.rg32ui.unroll.nonvolatile.storage_image.no_fmt_qual.null_descriptor.samples_1.3d.vert	Pass	Pass
dEQP-VK.robustness.robustness2.bind.notemplate.rg32ui.unroll.nonvolatile.storage_image.no_fmt_qual.null_descriptor.samples_1.cube.rgen	NotSupported	VK_KHR_ray_tracing_pipeline is not supported at vktTestCase.cpp:1394
dEQP-VK.robustness.robustness2.bind.notemplate.rg32ui.unroll.nonvolatile.storage_image.no_fmt_qual.null_descriptor.samples_1.cube_array.comp_compute	NotSupported	Exclusive compute queue not supported. at vktRobustnessExtsTests.cpp:737
dEQP-VK.robustness.robustness2.bind.notemplate.rg32ui.unroll.nonvolatile.storage_image.no_fmt_qual.null_descriptor.samples_1.cube_array.vert	Pass	Pass
dEQP-VK.robustness.robustness2.bind.notemplate.rg32ui.unroll.nonvolatile.storage_image.no_fmt_qual.null_descriptor.samples_4.2d.rgen	NotSupported	VK_KHR_ray_tracing_pipeline is not supported at vktTestCase.cpp:1394
dEQP-VK.robustness.robustness2.bind.notemplate.rg32ui.unroll.nonvolatile.storage_image.no_fmt_qual.null_descriptor.samples_4.2d_array.comp_compute	NotSupported	shaderStorageImageMultisample not supported at vktRobustnessExtsTests.cpp:685
dEQP-VK.robustness.robustness2.bind.notemplate.rg32ui.unroll.nonvolatile.storage_image.no_fmt_qual.null_descriptor.samples_4.2d_array.vert	NotSupported	shaderStorageImageMultisample not supported at vktRobustnessExtsTests.cpp:685
dEQP-VK.robustness.robustness2.bind.notemplate.rg32ui.unroll.nonvolatile.storage_texel_buffer.fmt_qual.len_16.samples_1.1d.comp	Fail	Fail
dEQP-VK.robustness.robustness2.bind.notemplate.rg32ui.unroll.nonvolatile.storage_texel_buffer.fmt_qual.len_16.samples_1.1d.comp_compute	NotSupported	Exclusive compute queue not supported. at vktRobustnessExtsTests.cpp:737
dEQP-VK.robustness.robustness2.bind.notemplate.rg32ui.unroll.nonvolatile.storage_texel_buffer.fmt_qual.len_16.samples_1.1d.frag	Fail	Fail
dEQP-VK.robustness.robustness2.bind.notemplate.rg32ui.unroll.nonvolatile.storage_texel_buffer.fmt_qual.len_16.samples_1.1d.rgen	NotSupported	VK_KHR_ray_tracing_pipeline is not supported at vktTestCase.cpp:1394
dEQP-VK.robustness.robustness2.bind.notemplate.rg32ui.unroll.nonvolatile.storage_texel_buffer.fmt_qual.len_16.samples_1.1d.rgen_compute	NotSupported	VK_KHR_ray_tracing_pipeline is not supported at vktTestCase.cpp:1394
dEQP-VK.robustness.robustness2.bind.notemplate.rg32ui.unroll.nonvolatile.storage_texel_buffer.fmt_qual.len_16.samples_1.1d.vert	Fail	Fail
dEQP-VK.robustness.robustness2.bind.notemplate.rg32ui.unroll.nonvolatile.storage_texel_buffer.fmt_qual.len_256.samples_1.1d.comp	Fail	Fail
dEQP-VK.robustness.robustness2.bind.notemplate.rg32ui.unroll.nonvolatile.storage_texel_buffer.fmt_qual.len_256.samples_1.1d.comp_compute	NotSupported	Exclusive compute queue not supported. at vktRobustnessExtsTests.cpp:737
dEQP-VK.robustness.robustness2.bind.notemplate.rg32ui.unroll.nonvolatile.storage_texel_buffer.fmt_qual.len_256.samples_1.1d.frag	Fail	Fail
dEQP-VK.robustness.robustness2.bind.notemplate.rg32ui.unroll.nonvolatile.storage_texel_buffer.fmt_qual.len_256.samples_1.1d.rgen	NotSupported	VK_KHR_ray_tracing_pipeline is not supported at vktTestCase.cpp:1394
dEQP-VK.robustness.robustness2.bind.notemplate.rg32ui.unroll.nonvolatile.storage_texel_buffer.fmt_qual.len_256.samples_1.1d.rgen_compute	NotSupported	VK_KHR_ray_tracing_pipeline is not supported at vktTestCase.cpp:1394
dEQP-VK.robustness.robustness2.bind.notemplate.rg32ui.unroll.nonvolatile.storage_texel_buffer.fmt_qual.len_256.samples_1.1d.vert	Fail	Fail
dEQP-VK.robustness.robustness2.bind.notemplate.rg32ui.unroll.nonvolatile.storage_texel_buffer.fmt_qual.len_32.samples_1.1d.comp	Fail	Fail
dEQP-VK.robustness.robustness2.bind.notemplate.rg32ui.unroll.nonvolatile.storage_texel_buffer.fmt_qual.len_32.samples_1.1d.comp_compute	NotSupported	Exclusive compute queue not supported. at vktRobustnessExtsTests.cpp:737
dEQP-VK.robustness.robustness2.bind.notemplate.rg32ui.unroll.nonvolatile.storage_texel_buffer.fmt_qual.len_32.samples_1.1d.frag	Fail	Fail
dEQP-VK.robustness.robustness2.bind.notemplate.rg32ui.unroll.nonvolatile.storage_texel_buffer.fmt_qual.len_32.samples_1.1d.rgen	NotSupported	VK_KHR_ray_tracing_pipeline is not supported at vktTestCase.cpp:1394
dEQP-VK.robustness.robustness2.bind.notemplate.rg32ui.unroll.nonvolatile.storage_texel_buffer.fmt_qual.len_32.samples_1.1d.rgen_compute	NotSupported	VK_KHR_ray_tracing_pipeline is not supported at vktTestCase.cpp:1394
dEQP-VK.robustness.robustness2.bind.notemplate.rg32ui.unroll.nonvolatile.storage_texel_buffer.fmt_qual.len_32.samples_1.1d.vert	Fail	Fail
dEQP-VK.robustness.robustness2.bind.notemplate.rg32ui.unroll.nonvolatile.storage_texel_buffer.fmt_qual.len_41.samples_1.1d.comp	Fail	Fail
dEQP-VK.robustness.robustness2.bind.notemplate.rg32ui.unroll.nonvolatile.storage_texel_buffer.fmt_qual.len_41.samples_1.1d.comp_compute	NotSupported	Exclusive compute queue not supported. at vktRobustnessExtsTests.cpp:737
dEQP-VK.robustness.robustness2.bind.notemplate.rg32ui.unroll.nonvolatile.storage_texel_buffer.fmt_qual.len_41.samples_1.1d.frag	Fail	Fail
dEQP-VK.robustness.robustness2.bind.notemplate.rg32ui.unroll.nonvolatile.storage_texel_buffer.fmt_qual.len_41.samples_1.1d.rgen	NotSupported	VK_KHR_ray_tracing_pipeline is not supported at vktTestCase.cpp:1394
dEQP-VK.robustness.robustness2.bind.notemplate.rg32ui.unroll.nonvolatile.storage_texel_buffer.fmt_qual.len_41.samples_1.1d.rgen_compute	NotSupported	VK_KHR_ray_tracing_pipeline is not supported at vktTestCase.cpp:1394
dEQP-VK.robustness.robustness2.bind.notemplate.rg32ui.unroll.nonvolatile.storage_texel_buffer.fmt_qual.len_41.samples_1.1d.vert	Fail	Fail
dEQP-VK.robustness.robustness2.bind.notemplate.rg32ui.unroll.nonvolatile.storage_texel_buffer.fmt_qual.len_8.samples_1.1d.comp	Fail	Fail
dEQP-VK.robustness.robustness2.bind.notemplate.rg32ui.unroll.nonvolatile.storage_texel_buffer.fmt_qual.len_8.samples_1.1d.comp_compute	NotSupported	Exclusive compute queue not supported. at vktRobustnessExtsTests.cpp:737
dEQP-VK.robustness.robustness2.bind.notemplate.rg32ui.unroll.nonvolatile.storage_texel_buffer.fmt_qual.len_8.samples_1.1d.frag	Fail	Fail
dEQP-VK.robustness.robustness2.bind.notemplate.rg32ui.unroll.nonvolatile.storage_texel_buffer.fmt_qual.len_8.samples_1.1d.rgen	NotSupported	VK_KHR_ray_tracing_pipeline is not supported at vktTestCase.cpp:1394
dEQP-VK.robustness.robustness2.bind.notemplate.rg32ui.unroll.nonvolatile.storage_texel_buffer.fmt_qual.len_8.samples_1.1d.rgen_compute	NotSupported	VK_KHR_ray_tracing_pipeline is not supported at vktTestCase.cpp:1394
dEQP-VK.robustness.robustness2.bind.notemplate.rg32ui.unroll.nonvolatile.storage_texel_buffer.fmt_qual.len_8.samples_1.1d.vert	Fail	Fail
dEQP-VK.robustness.robustness2.bind.notemplate.rg32ui.unroll.nonvolatile.storage_texel_buffer.fmt_qual.null_descriptor.samples_1.1d.comp	Pass	Pass
dEQP-VK.robustness.robustness2.bind.notemplate.rg32ui.unroll.nonvolatile.storage_texel_buffer.fmt_qual.null_descriptor.samples_1.1d.comp_compute	NotSupported	Exclusive compute queue not supported. at vktRobustnessExtsTests.cpp:737
dEQP-VK.robustness.robustness2.bind.notemplate.rg32ui.unroll.nonvolatile.storage_texel_buffer.fmt_qual.null_descriptor.samples_1.1d.frag	Pass	Pass
dEQP-VK.robustness.robustness2.bind.notemplate.rg32ui.unroll.nonvolatile.storage_texel_buffer.fmt_qual.null_descriptor.samples_1.1d.rgen	NotSupported	VK_KHR_ray_tracing_pipeline is not supported at vktTestCase.cpp:1394
dEQP-VK.robustness.robustness2.bind.notemplate.rg32ui.unroll.nonvolatile.storage_texel_buffer.fmt_qual.null_descriptor.samples_1.1d.rgen_compute	NotSupported	VK_KHR_ray_tracing_pipeline is not supported at vktTestCase.cpp:1394
dEQP-VK.robustness.robustness2.bind.notemplate.rg32ui.unroll.nonvolatile.storage_texel_buffer.fmt_qual.null_descriptor.samples_1.1d.vert	Pass	Pass
dEQP-VK.robustness.robustness2.bind.notemplate.rg32ui.unroll.nonvolatile.storage_texel_buffer.no_fmt_qual.len_16.samples_1.1d.comp	Fail	Fail
dEQP-VK.robustness.robustness2.bind.notemplate.rg32ui.unroll.nonvolatile.storage_texel_buffer.no_fmt_qual.len_16.samples_1.1d.comp_compute	NotSupported	Exclusive compute queue not supported. at vktRobustnessExtsTests.cpp:737
dEQP-VK.robustness.robustness2.bind.notemplate.rg32ui.unroll.nonvolatile.storage_texel_buffer.no_fmt_qual.len_16.samples_1.1d.frag	Fail	Fail
dEQP-VK.robustness.robustness2.bind.notemplate.rg32ui.unroll.nonvolatile.storage_texel_buffer.no_fmt_qual.len_16.samples_1.1d.rgen	NotSupported	VK_KHR_ray_tracing_pipeline is not supported at vktTestCase.cpp:1394
dEQP-VK.robustness.robustness2.bind.notemplate.rg32ui.unroll.nonvolatile.storage_texel_buffer.no_fmt_qual.len_16.samples_1.1d.rgen_compute	NotSupported	VK_KHR_ray_tracing_pipeline is not supported at vktTestCase.cpp:1394
dEQP-VK.robustness.robustness2.bind.notemplate.rg32ui.unroll.nonvolatile.storage_texel_buffer.no_fmt_qual.len_16.samples_1.1d.vert	Fail	Fail
dEQP-VK.robustness.robustness2.bind.notemplate.rg32ui.unroll.nonvolatile.storage_texel_buffer.no_fmt_qual.len_256.samples_1.1d.comp	Fail	Fail
dEQP-VK.robustness.robustness2.bind.notemplate.rg32ui.unroll.nonvolatile.storage_texel_buffer.no_fmt_qual.len_256.samples_1.1d.comp_compute	NotSupported	Exclusive compute queue not supported. at vktRobustnessExtsTests.cpp:737
dEQP-VK.robustness.robustness2.bind.notemplate.rg32ui.unroll.nonvolatile.storage_texel_buffer.no_fmt_qual.len_256.samples_1.1d.frag	Fail	Fail
dEQP-VK.robustness.robustness2.bind.notemplate.rg32ui.unroll.nonvolatile.storage_texel_buffer.no_fmt_qual.len_256.samples_1.1d.rgen	NotSupported	VK_KHR_ray_tracing_pipeline is not supported at vktTestCase.cpp:1394
dEQP-VK.robustness.robustness2.bind.notemplate.rg32ui.unroll.nonvolatile.storage_texel_buffer.no_fmt_qual.len_256.samples_1.1d.rgen_compute	NotSupported	VK_KHR_ray_tracing_pipeline is not supported at vktTestCase.cpp:1394
dEQP-VK.robustness.robustness2.bind.notemplate.rg32ui.unroll.nonvolatile.storage_texel_buffer.no_fmt_qual.len_256.samples_1.1d.vert	Fail	Fail
dEQP-VK.robustness.robustness2.bind.notemplate.rg32ui.unroll.nonvolatile.storage_texel_buffer.no_fmt_qual.len_32.samples_1.1d.comp	Fail	Fail
dEQP-VK.robustness.robustness2.bind.notemplate.rg32ui.unroll.nonvolatile.storage_texel_buffer.no_fmt_qual.len_32.samples_1.1d.comp_compute	NotSupported	Exclusive compute queue not supported. at vktRobustnessExtsTests.cpp:737
dEQP-VK.robustness.robustness2.bind.notemplate.rg32ui.unroll.nonvolatile.storage_texel_buffer.no_fmt_qual.len_32.samples_1.1d.frag	Fail	Fail
dEQP-VK.robustness.robustness2.bind.notemplate.rg32ui.unroll.nonvolatile.storage_texel_buffer.no_fmt_qual.len_32.samples_1.1d.rgen	NotSupported	VK_KHR_ray_tracing_pipeline is not supported at vktTestCase.cpp:1394
dEQP-VK.robustness.robustness2.bind.notemplate.rg32ui.unroll.nonvolatile.storage_texel_buffer.no_fmt_qual.len_32.samples_1.1d.rgen_compute	NotSupported	VK_KHR_ray_tracing_pipeline is not supported at vktTestCase.cpp:1394
dEQP-VK.robustness.robustness2.bind.notemplate.rg32ui.unroll.nonvolatile.storage_texel_buffer.no_fmt_qual.len_32.samples_1.1d.vert	Fail	Fail
dEQP-VK.robustness.robustness2.bind.notemplate.rg32ui.unroll.nonvolatile.storage_texel_buffer.no_fmt_qual.len_41.samples_1.1d.comp	Fail	Fail
dEQP-VK.robustness.robustness2.bind.notemplate.rg32ui.unroll.nonvolatile.storage_texel_buffer.no_fmt_qual.len_41.samples_1.1d.comp_compute	NotSupported	Exclusive compute queue not supported. at vktRobustnessExtsTests.cpp:737
dEQP-VK.robustness.robustness2.bind.notemplate.rg32ui.unroll.nonvolatile.storage_texel_buffer.no_fmt_qual.len_41.samples_1.1d.frag	Fail	Fail
dEQP-VK.robustness.robustness2.bind.notemplate.rg32ui.unroll.nonvolatile.storage_texel_buffer.no_fmt_qual.len_41.samples_1.1d.rgen	NotSupported	VK_KHR_ray_tracing_pipeline is not supported at vktTestCase.cpp:1394
dEQP-VK.robustness.robustness2.bind.notemplate.rg32ui.unroll.nonvolatile.storage_texel_buffer.no_fmt_qual.len_41.samples_1.1d.rgen_compute	NotSupported	VK_KHR_ray_tracing_pipeline is not supported at vktTestCase.cpp:1394
dEQP-VK.robustness.robustness2.bind.notemplate.rg32ui.unroll.nonvolatile.storage_texel_buffer.no_fmt_qual.len_41.samples_1.1d.vert	Fail	Fail
dEQP-VK.robustness.robustness2.bind.notemplate.rg32ui.unroll.nonvolatile.storage_texel_buffer.no_fmt_qual.len_8.samples_1.1d.comp	Fail	Fail
dEQP-VK.robustness.robustness2.bind.notemplate.rg32ui.unroll.nonvolatile.storage_texel_buffer.no_fmt_qual.len_8.samples_1.1d.comp_compute	NotSupported	Exclusive compute queue not supported. at vktRobustnessExtsTests.cpp:737
dEQP-VK.robustness.robustness2.bind.notemplate.rg32ui.unroll.nonvolatile.storage_texel_buffer.no_fmt_qual.len_8.samples_1.1d.frag	Fail	Fail
dEQP-VK.robustness.robustness2.bind.notemplate.rg32ui.unroll.nonvolatile.storage_texel_buffer.no_fmt_qual.len_8.samples_1.1d.rgen	NotSupported	VK_KHR_ray_tracing_pipeline is not supported at vktTestCase.cpp:1394
dEQP-VK.robustness.robustness2.bind.notemplate.rg32ui.unroll.nonvolatile.storage_texel_buffer.no_fmt_qual.len_8.samples_1.1d.rgen_compute	NotSupported	VK_KHR_ray_tracing_pipeline is not supported at vktTestCase.cpp:1394
dEQP-VK.robustness.robustness2.bind.notemplate.rg32ui.unroll.nonvolatile.storage_texel_buffer.no_fmt_qual.len_8.samples_1.1d.vert	Fail	Fail
dEQP-VK.robustness.robustness2.bind.notemplate.rg32ui.unroll.nonvolatile.storage_texel_buffer.no_fmt_qual.null_descriptor.samples_1.1d.comp	Pass	Pass
dEQP-VK.robustness.robustness2.bind.notemplate.rg32ui.unroll.nonvolatile.storage_texel_buffer.no_fmt_qual.null_descriptor.samples_1.1d.comp_compute	NotSupported	Exclusive compute queue not supported. at vktRobustnessExtsTests.cpp:737
dEQP-VK.robustness.robustness2.bind.notemplate.rg32ui.unroll.nonvolatile.storage_texel_buffer.no_fmt_qual.null_descriptor.samples_1.1d.frag	Pass	Pass
dEQP-VK.robustness.robustness2.bind.notemplate.rg32ui.unroll.nonvolatile.storage_texel_buffer.no_fmt_qual.null_descriptor.samples_1.1d.rgen	NotSupported	VK_KHR_ray_tracing_pipeline is not supported at vktTestCase.cpp:1394
dEQP-VK.robustness.robustness2.bind.notemplate.rg32ui.unroll.nonvolatile.storage_texel_buffer.no_fmt_qual.null_descriptor.samples_1.1d.rgen_compute	NotSupported	VK_KHR_ray_tracing_pipeline is not supported at vktTestCase.cpp:1394
dEQP-VK.robustness.robustness2.bind.notemplate.rg32ui.unroll.nonvolatile.storage_texel_buffer.no_fmt_qual.null_descriptor.samples_1.1d.vert	Pass	Pass
dEQP-VK.robustness.robustness2.bind.notemplate.rg32ui.unroll.nonvolatile.uniform_buffer.no_fmt_qual.len_12.samples_1.1d.rgen	NotSupported	VK_KHR_ray_tracing_pipeline is not supported at vktTestCase.cpp:1394
dEQP-VK.robustness.robustness2.bind.notemplate.rg32ui.unroll.nonvolatile.uniform_buffer.no_fmt_qual.len_16.samples_1.1d.comp_compute	NotSupported	Exclusive compute queue not supported. at vktRobustnessExtsTests.cpp:737
dEQP-VK.robustness.robustness2.bind.notemplate.rg32ui.unroll.nonvolatile.uniform_buffer.no_fmt_qual.len_16.samples_1.1d.vert	Pass	Pass
dEQP-VK.robustness.robustness2.bind.notemplate.rg32ui.unroll.nonvolatile.uniform_buffer.no_fmt_qual.len_20.samples_1.1d.rgen	NotSupported	VK_KHR_ray_tracing_pipeline is not supported at vktTestCase.cpp:1394
dEQP-VK.robustness.robustness2.bind.notemplate.rg32ui.unroll.nonvolatile.uniform_buffer.no_fmt_qual.len_252.samples_1.1d.comp_compute	NotSupported	Exclusive compute queue not supported. at vktRobustnessExtsTests.cpp:737
dEQP-VK.robustness.robustness2.bind.notemplate.rg32ui.unroll.nonvolatile.uniform_buffer.no_fmt_qual.len_252.samples_1.1d.vert	Pass	Pass
dEQP-VK.robustness.robustness2.bind.notemplate.rg32ui.unroll.nonvolatile.uniform_buffer.no_fmt_qual.len_256.samples_1.1d.rgen	NotSupported	VK_KHR_ray_tracing_pipeline is not supported at vktTestCase.cpp:1394
dEQP-VK.robustness.robustness2.bind.notemplate.rg32ui.unroll.nonvolatile.uniform_buffer.no_fmt_qual.len_260.samples_1.1d.comp_compute	NotSupported	Exclusive compute queue not supported. at vktRobustnessExtsTests.cpp:737
dEQP-VK.robustness.robustness2.bind.notemplate.rg32ui.unroll.nonvolatile.uniform_buffer.no_fmt_qual.len_260.samples_1.1d.vert	Pass	Pass
dEQP-VK.robustness.robustness2.bind.notemplate.rg32ui.unroll.nonvolatile.uniform_buffer.no_fmt_qual.len_31.samples_1.1d.rgen	NotSupported	VK_KHR_ray_tracing_pipeline is not supported at vktTestCase.cpp:1394
dEQP-VK.robustness.robustness2.bind.notemplate.rg32ui.unroll.nonvolatile.uniform_buffer.no_fmt_qual.len_32.samples_1.1d.comp_compute	NotSupported	Exclusive compute queue not supported. at vktRobustnessExtsTests.cpp:737
dEQP-VK.robustness.robustness2.bind.notemplate.rg32ui.unroll.nonvolatile.uniform_buffer.no_fmt_qual.len_32.samples_1.1d.vert	Pass	Pass
dEQP-VK.robustness.robustness2.bind.notemplate.rg32ui.unroll.nonvolatile.uniform_buffer.no_fmt_qual.len_33.samples_1.1d.rgen	NotSupported	VK_KHR_ray_tracing_pipeline is not supported at vktTestCase.cpp:1394
dEQP-VK.robustness.robustness2.bind.notemplate.rg32ui.unroll.nonvolatile.uniform_buffer.no_fmt_qual.len_35.samples_1.1d.comp_compute	NotSupported	Exclusive compute queue not supported. at vktRobustnessExtsTests.cpp:737
dEQP-VK.robustness.robustness2.bind.notemplate.rg32ui.unroll.nonvolatile.uniform_buffer.no_fmt_qual.len_35.samples_1.1d.vert	Pass	Pass
dEQP-VK.robustness.robustness2.bind.notemplate.rg32ui.unroll.nonvolatile.uniform_buffer.no_fmt_qual.len_36.samples_1.1d.rgen	NotSupported	VK_KHR_ray_tracing_pipeline is not supported at vktTestCase.cpp:1394
dEQP-VK.robustness.robustness2.bind.notemplate.rg32ui.unroll.nonvolatile.uniform_buffer.no_fmt_qual.len_39.samples_1.1d.comp_compute	NotSupported	Exclusive compute queue not supported. at vktRobustnessExtsTests.cpp:737
dEQP-VK.robustness.robustness2.bind.notemplate.rg32ui.unroll.nonvolatile.uniform_buffer.no_fmt_qual.len_39.samples_1.1d.vert	Pass	Pass
dEQP-VK.robustness.robustness2.bind.notemplate.rg32ui.unroll.nonvolatile.uniform_buffer.no_fmt_qual.len_4.samples_1.1d.rgen	NotSupported	VK_KHR_ray_tracing_pipeline is not supported at vktTestCase.cpp:1394
dEQP-VK.robustness.robustness2.bind.notemplate.rg32ui.unroll.nonvolatile.uniform_buffer.no_fmt_qual.len_41.samples_1.1d.comp_compute	NotSupported	Exclusive compute queue not supported. at vktRobustnessExtsTests.cpp:737
dEQP-VK.robustness.robustness2.bind.notemplate.rg32ui.unroll.nonvolatile.uniform_buffer.no_fmt_qual.len_41.samples_1.1d.vert	Pass	Pass
dEQP-VK.robustness.robustness2.bind.notemplate.rg32ui.unroll.nonvolatile.uniform_buffer.no_fmt_qual.len_8.samples_1.1d.rgen	NotSupported	VK_KHR_ray_tracing_pipeline is not supported at vktTestCase.cpp:1394
dEQP-VK.robustness.robustness2.bind.notemplate.rg32ui.unroll.nonvolatile.uniform_buffer.no_fmt_qual.null_descriptor.samples_1.1d.comp_compute	NotSupported	Exclusive compute queue not supported. at vktRobustnessExtsTests.cpp:737
dEQP-VK.robustness.robustness2.bind.notemplate.rg32ui.unroll.nonvolatile.uniform_buffer.no_fmt_qual.null_descriptor.samples_1.1d.vert	Pass	Pass
dEQP-VK.robustness.robustness2.bind.notemplate.rg32ui.unroll.nonvolatile.uniform_buffer_dynamic.no_fmt_qual.len_12.samples_1.1d.rgen	NotSupported	VK_KHR_ray_tracing_pipeline is not supported at vktTestCase.cpp:1394
dEQP-VK.robustness.robustness2.bind.notemplate.rg32ui.unroll.nonvolatile.uniform_buffer_dynamic.no_fmt_qual.len_16.samples_1.1d.comp_compute	NotSupported	Exclusive compute queue not supported. at vktRobustnessExtsTests.cpp:737
dEQP-VK.robustness.robustness2.bind.notemplate.rg32ui.unroll.nonvolatile.uniform_buffer_dynamic.no_fmt_qual.len_16.samples_1.1d.vert	Pass	Pass
dEQP-VK.robustness.robustness2.bind.notemplate.rg32ui.unroll.nonvolatile.uniform_buffer_dynamic.no_fmt_qual.len_20.samples_1.1d.rgen	NotSupported	VK_KHR_ray_tracing_pipeline is not supported at vktTestCase.cpp:1394
dEQP-VK.robustness.robustness2.bind.notemplate.rg32ui.unroll.nonvolatile.uniform_buffer_dynamic.no_fmt_qual.len_252.samples_1.1d.comp_compute	NotSupported	Exclusive compute queue not supported. at vktRobustnessExtsTests.cpp:737
dEQP-VK.robustness.robustness2.bind.notemplate.rg32ui.unroll.nonvolatile.uniform_buffer_dynamic.no_fmt_qual.len_252.samples_1.1d.vert	Pass	Pass
dEQP-VK.robustness.robustness2.bind.notemplate.rg32ui.unroll.nonvolatile.uniform_buffer_dynamic.no_fmt_qual.len_256.samples_1.1d.rgen	NotSupported	VK_KHR_ray_tracing_pipeline is not supported at vktTestCase.cpp:1394
dEQP-VK.robustness.robustness2.bind.notemplate.rg32ui.unroll.nonvolatile.uniform_buffer_dynamic.no_fmt_qual.len_260.samples_1.1d.comp_compute	NotSupported	Exclusive compute queue not supported. at vktRobustnessExtsTests.cpp:737
dEQP-VK.robustness.robustness2.bind.notemplate.rg32ui.unroll.nonvolatile.uniform_buffer_dynamic.no_fmt_qual.len_260.samples_1.1d.vert	Pass	Pass
dEQP-VK.robustness.robustness2.bind.notemplate.rg32ui.unroll.nonvolatile.uniform_buffer_dynamic.no_fmt_qual.len_31.samples_1.1d.rgen	NotSupported	VK_KHR_ray_tracing_pipeline is not supported at vktTestCase.cpp:1394
dEQP-VK.robustness.robustness2.bind.notemplate.rg32ui.unroll.nonvolatile.uniform_buffer_dynamic.no_fmt_qual.len_32.samples_1.1d.comp_compute	NotSupported	Exclusive compute queue not supported. at vktRobustnessExtsTests.cpp:737
dEQP-VK.robustness.robustness2.bind.notemplate.rg32ui.unroll.nonvolatile.uniform_buffer_dynamic.no_fmt_qual.len_32.samples_1.1d.vert	Pass	Pass
dEQP-VK.robustness.robustness2.bind.notemplate.rg32ui.unroll.nonvolatile.uniform_buffer_dynamic.no_fmt_qual.len_33.samples_1.1d.rgen	NotSupported	VK_KHR_ray_tracing_pipeline is not supported at vktTestCase.cpp:1394
dEQP-VK.robustness.robustness2.bind.notemplate.rg32ui.unroll.nonvolatile.uniform_buffer_dynamic.no_fmt_qual.len_35.samples_1.1d.comp_compute	NotSupported	Exclusive compute queue not supported. at vktRobustnessExtsTests.cpp:737
dEQP-VK.robustness.robustness2.bind.notemplate.rg32ui.unroll.nonvolatile.uniform_buffer_dynamic.no_fmt_qual.len_35.samples_1.1d.vert	Pass	Pass
dEQP-VK.robustness.robustness2.bind.notemplate.rg32ui.unroll.nonvolatile.uniform_buffer_dynamic.no_fmt_qual.len_36.samples_1.1d.rgen	NotSupported	VK_KHR_ray_tracing_pipeline is not supported at vktTestCase.cpp:1394
dEQP-VK.robustness.robustness2.bind.notemplate.rg32ui.unroll.nonvolatile.uniform_buffer_dynamic.no_fmt_qual.len_39.samples_1.1d.comp_compute	NotSupported	Exclusive compute queue not supported. at vktRobustnessExtsTests.cpp:737
dEQP-VK.robustness.robustness2.bind.notemplate.rg32ui.unroll.nonvolatile.uniform_buffer_dynamic.no_fmt_qual.len_39.samples_1.1d.vert	Pass	Pass
dEQP-VK.robustness.robustness2.bind.notemplate.rg32ui.unroll.nonvolatile.uniform_buffer_dynamic.no_fmt_qual.len_4.samples_1.1d.rgen	NotSupported	VK_KHR_ray_tracing_pipeline is not supported at vktTestCase.cpp:1394
dEQP-VK.robustness.robustness2.bind.notemplate.rg32ui.unroll.nonvolatile.uniform_buffer_dynamic.no_fmt_qual.len_41.samples_1.1d.comp_compute	NotSupported	Exclusive compute queue not supported. at vktRobustnessExtsTests.cpp:737
dEQP-VK.robustness.robustness2.bind.notemplate.rg32ui.unroll.nonvolatile.uniform_buffer_dynamic.no_fmt_qual.len_41.samples_1.1d.vert	Pass	Pass
dEQP-VK.robustness.robustness2.bind.notemplate.rg32ui.unroll.nonvolatile.uniform_buffer_dynamic.no_fmt_qual.len_8.samples_1.1d.rgen	NotSupported	VK_KHR_ray_tracing_pipeline is not supported at vktTestCase.cpp:1394
dEQP-VK.robustness.robustness2.bind.notemplate.rg32ui.unroll.nonvolatile.uniform_buffer_dynamic.no_fmt_qual.null_descriptor.samples_1.1d.comp_compute	NotSupported	Exclusive compute queue not supported. at vktRobustnessExtsTests.cpp:737
dEQP-VK.robustness.robustness2.bind.notemplate.rg32ui.unroll.nonvolatile.uniform_buffer_dynamic.no_fmt_qual.null_descriptor.samples_1.1d.vert	Pass	Pass
dEQP-VK.robustness.robustness2.bind.notemplate.rg32ui.unroll.nonvolatile.uniform_texel_buffer.no_fmt_qual.len_16.samples_1.1d.comp	Fail	Fail
dEQP-VK.robustness.robustness2.bind.notemplate.rg32ui.unroll.nonvolatile.uniform_texel_buffer.no_fmt_qual.len_16.samples_1.1d.comp_compute	NotSupported	Exclusive compute queue not supported. at vktRobustnessExtsTests.cpp:737
dEQP-VK.robustness.robustness2.bind.notemplate.rg32ui.unroll.nonvolatile.uniform_texel_buffer.no_fmt_qual.len_16.samples_1.1d.frag	Fail	Fail
dEQP-VK.robustness.robustness2.bind.notemplate.rg32ui.unroll.nonvolatile.uniform_texel_buffer.no_fmt_qual.len_16.samples_1.1d.rgen	NotSupported	VK_KHR_ray_tracing_pipeline is not supported at vktTestCase.cpp:1394
dEQP-VK.robustness.robustness2.bind.notemplate.rg32ui.unroll.nonvolatile.uniform_texel_buffer.no_fmt_qual.len_16.samples_1.1d.rgen_compute	NotSupported	VK_KHR_ray_tracing_pipeline is not supported at vktTestCase.cpp:1394
dEQP-VK.robustness.robustness2.bind.notemplate.rg32ui.unroll.nonvolatile.uniform_texel_buffer.no_fmt_qual.len_16.samples_1.1d.vert	Fail	Fail
dEQP-VK.robustness.robustness2.bind.notemplate.rg32ui.unroll.nonvolatile.uniform_texel_buffer.no_fmt_qual.len_256.samples_1.1d.comp	Fail	Fail
dEQP-VK.robustness.robustness2.bind.notemplate.rg32ui.unroll.nonvolatile.uniform_texel_buffer.no_fmt_qual.len_256.samples_1.1d.comp_compute	NotSupported	Exclusive compute queue not supported. at vktRobustnessExtsTests.cpp:737
dEQP-VK.robustness.robustness2.bind.notemplate.rg32ui.unroll.nonvolatile.uniform_texel_buffer.no_fmt_qual.len_256.samples_1.1d.frag	Fail	Fail
dEQP-VK.robustness.robustness2.bind.notemplate.rg32ui.unroll.nonvolatile.uniform_texel_buffer.no_fmt_qual.len_256.samples_1.1d.rgen	NotSupported	VK_KHR_ray_tracing_pipeline is not supported at vktTestCase.cpp:1394
dEQP-VK.robustness.robustness2.bind.notemplate.rg32ui.unroll.nonvolatile.uniform_texel_buffer.no_fmt_qual.len_256.samples_1.1d.rgen_compute	NotSupported	VK_KHR_ray_tracing_pipeline is not supported at vktTestCase.cpp:1394
dEQP-VK.robustness.robustness2.bind.notemplate.rg32ui.unroll.nonvolatile.uniform_texel_buffer.no_fmt_qual.len_256.samples_1.1d.vert	Fail	Fail
dEQP-VK.robustness.robustness2.bind.notemplate.rg32ui.unroll.nonvolatile.uniform_texel_buffer.no_fmt_qual.len_32.samples_1.1d.comp	Fail	Fail
dEQP-VK.robustness.robustness2.bind.notemplate.rg32ui.unroll.nonvolatile.uniform_texel_buffer.no_fmt_qual.len_32.samples_1.1d.comp_compute	NotSupported	Exclusive compute queue not supported. at vktRobustnessExtsTests.cpp:737
dEQP-VK.robustness.robustness2.bind.notemplate.rg32ui.unroll.nonvolatile.uniform_texel_buffer.no_fmt_qual.len_32.samples_1.1d.frag	Fail	Fail
dEQP-VK.robustness.robustness2.bind.notemplate.rg32ui.unroll.nonvolatile.uniform_texel_buffer.no_fmt_qual.len_32.samples_1.1d.rgen	NotSupported	VK_KHR_ray_tracing_pipeline is not supported at vktTestCase.cpp:1394
dEQP-VK.robustness.robustness2.bind.notemplate.rg32ui.unroll.nonvolatile.uniform_texel_buffer.no_fmt_qual.len_32.samples_1.1d.rgen_compute	NotSupported	VK_KHR_ray_tracing_pipeline is not supported at vktTestCase.cpp:1394
dEQP-VK.robustness.robustness2.bind.notemplate.rg32ui.unroll.nonvolatile.uniform_texel_buffer.no_fmt_qual.len_32.samples_1.1d.vert	Fail	Fail
dEQP-VK.robustness.robustness2.bind.notemplate.rg32ui.unroll.nonvolatile.uniform_texel_buffer.no_fmt_qual.len_41.samples_1.1d.comp	Fail	Fail
dEQP-VK.robustness.robustness2.bind.notemplate.rg32ui.unroll.nonvolatile.uniform_texel_buffer.no_fmt_qual.len_41.samples_1.1d.comp_compute	NotSupported	Exclusive compute queue not supported. at vktRobustnessExtsTests.cpp:737
dEQP-VK.robustness.robustness2.bind.notemplate.rg32ui.unroll.nonvolatile.uniform_texel_buffer.no_fmt_qual.len_41.samples_1.1d.frag	Fail	Fail
dEQP-VK.robustness.robustness2.bind.notemplate.rg32ui.unroll.nonvolatile.uniform_texel_buffer.no_fmt_qual.len_41.samples_1.1d.rgen	NotSupported	VK_KHR_ray_tracing_pipeline is not supported at vktTestCase.cpp:1394
dEQP-VK.robustness.robustness2.bind.notemplate.rg32ui.unroll.nonvolatile.uniform_texel_buffer.no_fmt_qual.len_41.samples_1.1d.rgen_compute	NotSupported	VK_KHR_ray_tracing_pipeline is not supported at vktTestCase.cpp:1394
dEQP-VK.robustness.robustness2.bind.notemplate.rg32ui.unroll.nonvolatile.uniform_texel_buffer.no_fmt_qual.len_41.samples_1.1d.vert	Fail	Fail
dEQP-VK.robustness.robustness2.bind.notemplate.rg32ui.unroll.nonvolatile.uniform_texel_buffer.no_fmt_qual.len_8.samples_1.1d.comp	Fail	Fail
dEQP-VK.robustness.robustness2.bind.notemplate.rg32ui.unroll.nonvolatile.uniform_texel_buffer.no_fmt_qual.len_8.samples_1.1d.comp_compute	NotSupported	Exclusive compute queue not supported. at vktRobustnessExtsTests.cpp:737
dEQP-VK.robustness.robustness2.bind.notemplate.rg32ui.unroll.nonvolatile.uniform_texel_buffer.no_fmt_qual.len_8.samples_1.1d.frag	Fail	Fail
dEQP-VK.robustness.robustness2.bind.notemplate.rg32ui.unroll.nonvolatile.uniform_texel_buffer.no_fmt_qual.len_8.samples_1.1d.rgen	NotSupported	VK_KHR_ray_tracing_pipeline is not supported at vktTestCase.cpp:1394
dEQP-VK.robustness.robustness2.bind.notemplate.rg32ui.unroll.nonvolatile.uniform_texel_buffer.no_fmt_qual.len_8.samples_1.1d.rgen_compute	NotSupported	VK_KHR_ray_tracing_pipeline is not supported at vktTestCase.cpp:1394
dEQP-VK.robustness.robustness2.bind.notemplate.rg32ui.unroll.nonvolatile.uniform_texel_buffer.no_fmt_qual.len_8.samples_1.1d.vert	Fail	Fail
dEQP-VK.robustness.robustness2.bind.notemplate.rg32ui.unroll.nonvolatile.uniform_texel_buffer.no_fmt_qual.null_descriptor.samples_1.1d.comp	Pass	Pass
dEQP-VK.robustness.robustness2.bind.notemplate.rg32ui.unroll.nonvolatile.uniform_texel_buffer.no_fmt_qual.null_descriptor.samples_1.1d.comp_compute	NotSupported	Exclusive compute queue not supported. at vktRobustnessExtsTests.cpp:737
dEQP-VK.robustness.robustness2.bind.notemplate.rg32ui.unroll.nonvolatile.uniform_texel_buffer.no_fmt_qual.null_descriptor.samples_1.1d.frag	Pass	Pass
dEQP-VK.robustness.robustness2.bind.notemplate.rg32ui.unroll.nonvolatile.uniform_texel_buffer.no_fmt_qual.null_descriptor.samples_1.1d.rgen	NotSupported	VK_KHR_ray_tracing_pipeline is not supported at vktTestCase.cpp:1394
dEQP-VK.robustness.robustness2.bind.notemplate.rg32ui.unroll.nonvolatile.uniform_texel_buffer.no_fmt_qual.null_descriptor.samples_1.1d.rgen_compute	NotSupported	VK_KHR_ray_tracing_pipeline is not supported at vktTestCase.cpp:1394
dEQP-VK.robustness.robustness2.bind.notemplate.rg32ui.unroll.nonvolatile.uniform_texel_buffer.no_fmt_qual.null_descriptor.samples_1.1d.vert	Pass	Pass
dEQP-VK.robustness.robustness2.bind.notemplate.rg32ui.unroll.nonvolatile.vertex_attribute_fetch.no_fmt_qual.len_252.samples_1.1d.vert	Fail	Fail
dEQP-VK.robustness.robustness2.bind.notemplate.rg32ui.unroll.nonvolatile.vertex_attribute_fetch.no_fmt_qual.len_32.samples_1.1d.vert	Fail	Fail
dEQP-VK.robustness.robustness2.bind.notemplate.rg32ui.unroll.nonvolatile.vertex_attribute_fetch.no_fmt_qual.len_39.samples_1.1d.vert	Fail	Fail
dEQP-VK.robustness.robustness2.bind.notemplate.rg32ui.unroll.nonvolatile.vertex_attribute_fetch.no_fmt_qual.null_descriptor.samples_1.1d.vert	Fail	Fail
dEQP-VK.robustness.robustness2.bind.notemplate.rgba32f.unroll.nonvolatile.sampled_image.no_fmt_qual.img.samples_1.1d.rgen	NotSupported	VK_KHR_ray_tracing_pipeline is not supported at vktTestCase.cpp:1394
dEQP-VK.robustness.robustness2.bind.notemplate.rgba32f.unroll.nonvolatile.sampled_image.no_fmt_qual.img.samples_1.1d_array.comp_compute	NotSupported	robustImageAccess2 not supported at vktRobustnessExtsTests.cpp:665
dEQP-VK.robustness.robustness2.bind.notemplate.rgba32f.unroll.nonvolatile.sampled_image.no_fmt_qual.img.samples_1.1d_array.vert	NotSupported	robustImageAccess2 not supported at vktRobustnessExtsTests.cpp:665
dEQP-VK.robustness.robustness2.bind.notemplate.rgba32f.unroll.nonvolatile.sampled_image.no_fmt_qual.img.samples_1.2d.rgen	NotSupported	VK_KHR_ray_tracing_pipeline is not supported at vktTestCase.cpp:1394
dEQP-VK.robustness.robustness2.bind.notemplate.rgba32f.unroll.nonvolatile.sampled_image.no_fmt_qual.img.samples_1.2d_array.comp_compute	NotSupported	robustImageAccess2 not supported at vktRobustnessExtsTests.cpp:665
dEQP-VK.robustness.robustness2.bind.notemplate.rgba32f.unroll.nonvolatile.sampled_image.no_fmt_qual.img.samples_1.2d_array.vert	NotSupported	robustImageAccess2 not supported at vktRobustnessExtsTests.cpp:665
dEQP-VK.robustness.robustness2.bind.notemplate.rgba32f.unroll.nonvolatile.sampled_image.no_fmt_qual.img.samples_1.3d.rgen	NotSupported	VK_KHR_ray_tracing_pipeline is not supported at vktTestCase.cpp:1394
dEQP-VK.robustness.robustness2.bind.notemplate.rgba32f.unroll.nonvolatile.sampled_image.no_fmt_qual.img.samples_1.cube.comp_compute	NotSupported	robustImageAccess2 not supported at vktRobustnessExtsTests.cpp:665
dEQP-VK.robustness.robustness2.bind.notemplate.rgba32f.unroll.nonvolatile.sampled_image.no_fmt_qual.img.samples_1.cube.vert	NotSupported	robustImageAccess2 not supported at vktRobustnessExtsTests.cpp:665
dEQP-VK.robustness.robustness2.bind.notemplate.rgba32f.unroll.nonvolatile.sampled_image.no_fmt_qual.img.samples_1.cube_array.rgen	NotSupported	VK_KHR_ray_tracing_pipeline is not supported at vktTestCase.cpp:1394
dEQP-VK.robustness.robustness2.bind.notemplate.rgba32f.unroll.nonvolatile.sampled_image.no_fmt_qual.img.samples_4.2d.comp_compute	NotSupported	robustImageAccess2 not supported at vktRobustnessExtsTests.cpp:665
dEQP-VK.robustness.robustness2.bind.notemplate.rgba32f.unroll.nonvolatile.sampled_image.no_fmt_qual.img.samples_4.2d.vert	NotSupported	robustImageAccess2 not supported at vktRobustnessExtsTests.cpp:665
dEQP-VK.robustness.robustness2.bind.notemplate.rgba32f.unroll.nonvolatile.sampled_image.no_fmt_qual.img.samples_4.2d_array.rgen	NotSupported	VK_KHR_ray_tracing_pipeline is not supported at vktTestCase.cpp:1394
dEQP-VK.robustness.robustness2.bind.notemplate.rgba32f.unroll.nonvolatile.sampled_image.no_fmt_qual.null_descriptor.samples_1.1d.comp_compute	NotSupported	Exclusive compute queue not supported. at vktRobustnessExtsTests.cpp:737
dEQP-VK.robustness.robustness2.bind.notemplate.rgba32f.unroll.nonvolatile.sampled_image.no_fmt_qual.null_descriptor.samples_1.1d.vert	Fail	Fail
dEQP-VK.robustness.robustness2.bind.notemplate.rgba32f.unroll.nonvolatile.sampled_image.no_fmt_qual.null_descriptor.samples_1.1d_array.rgen	NotSupported	VK_KHR_ray_tracing_pipeline is not supported at vktTestCase.cpp:1394
dEQP-VK.robustness.robustness2.bind.notemplate.rgba32f.unroll.nonvolatile.sampled_image.no_fmt_qual.null_descriptor.samples_1.2d.comp_compute	NotSupported	Exclusive compute queue not supported. at vktRobustnessExtsTests.cpp:737
dEQP-VK.robustness.robustness2.bind.notemplate.rgba32f.unroll.nonvolatile.sampled_image.no_fmt_qual.null_descriptor.samples_1.2d.vert	Fail	Fail
dEQP-VK.robustness.robustness2.bind.notemplate.rgba32f.unroll.nonvolatile.sampled_image.no_fmt_qual.null_descriptor.samples_1.2d_array.rgen	NotSupported	VK_KHR_ray_tracing_pipeline is not supported at vktTestCase.cpp:1394
dEQP-VK.robustness.robustness2.bind.notemplate.rgba32f.unroll.nonvolatile.sampled_image.no_fmt_qual.null_descriptor.samples_1.3d.comp_compute	NotSupported	Exclusive compute queue not supported. at vktRobustnessExtsTests.cpp:737
dEQP-VK.robustness.robustness2.bind.notemplate.rgba32f.unroll.nonvolatile.sampled_image.no_fmt_qual.null_descriptor.samples_1.3d.vert	Fail	Fail
dEQP-VK.robustness.robustness2.bind.notemplate.rgba32f.unroll.nonvolatile.sampled_image.no_fmt_qual.null_descriptor.samples_1.cube.rgen	NotSupported	VK_KHR_ray_tracing_pipeline is not supported at vktTestCase.cpp:1394
dEQP-VK.robustness.robustness2.bind.notemplate.rgba32f.unroll.nonvolatile.sampled_image.no_fmt_qual.null_descriptor.samples_1.cube_array.comp_compute	NotSupported	Exclusive compute queue not supported. at vktRobustnessExtsTests.cpp:737
dEQP-VK.robustness.robustness2.bind.notemplate.rgba32f.unroll.nonvolatile.sampled_image.no_fmt_qual.null_descriptor.samples_1.cube_array.vert	Fail	Fail
dEQP-VK.robustness.robustness2.bind.notemplate.rgba32f.unroll.nonvolatile.sampled_image.no_fmt_qual.null_descriptor.samples_4.2d.rgen	NotSupported	VK_KHR_ray_tracing_pipeline is not supported at vktTestCase.cpp:1394
dEQP-VK.robustness.robustness2.bind.notemplate.rgba32f.unroll.nonvolatile.sampled_image.no_fmt_qual.null_descriptor.samples_4.2d_array.comp_compute	NotSupported	Exclusive compute queue not supported. at vktRobustnessExtsTests.cpp:737
dEQP-VK.robustness.robustness2.bind.notemplate.rgba32f.unroll.nonvolatile.sampled_image.no_fmt_qual.null_descriptor.samples_4.2d_array.vert	Fail	Fail
dEQP-VK.robustness.robustness2.bind.notemplate.rgba32f.unroll.nonvolatile.storage_buffer.readonly.no_fmt_qual.len_12.samples_1.1d.rgen	NotSupported	VK_KHR_ray_tracing_pipeline is not supported at vktTestCase.cpp:1394
dEQP-VK.robustness.robustness2.bind.notemplate.rgba32f.unroll.nonvolatile.storage_buffer.readonly.no_fmt_qual.len_16.samples_1.1d.comp_compute	NotSupported	Exclusive compute queue not supported. at vktRobustnessExtsTests.cpp:737
dEQP-VK.robustness.robustness2.bind.notemplate.rgba32f.unroll.nonvolatile.storage_buffer.readonly.no_fmt_qual.len_16.samples_1.1d.vert	Pass	Pass
dEQP-VK.robustness.robustness2.bind.notemplate.rgba32f.unroll.nonvolatile.storage_buffer.readonly.no_fmt_qual.len_20.samples_1.1d.rgen	NotSupported	VK_KHR_ray_tracing_pipeline is not supported at vktTestCase.cpp:1394
dEQP-VK.robustness.robustness2.bind.notemplate.rgba32f.unroll.nonvolatile.storage_buffer.readonly.no_fmt_qual.len_252.samples_1.1d.comp_compute	NotSupported	Exclusive compute queue not supported. at vktRobustnessExtsTests.cpp:737
dEQP-VK.robustness.robustness2.bind.notemplate.rgba32f.unroll.nonvolatile.storage_buffer.readonly.no_fmt_qual.len_252.samples_1.1d.vert	Pass	Pass
dEQP-VK.robustness.robustness2.bind.notemplate.rgba32f.unroll.nonvolatile.storage_buffer.readonly.no_fmt_qual.len_256.samples_1.1d.rgen	NotSupported	VK_KHR_ray_tracing_pipeline is not supported at vktTestCase.cpp:1394
dEQP-VK.robustness.robustness2.bind.notemplate.rgba32f.unroll.nonvolatile.storage_buffer.readonly.no_fmt_qual.len_260.samples_1.1d.comp_compute	NotSupported	Exclusive compute queue not supported. at vktRobustnessExtsTests.cpp:737
dEQP-VK.robustness.robustness2.bind.notemplate.rgba32f.unroll.nonvolatile.storage_buffer.readonly.no_fmt_qual.len_260.samples_1.1d.vert	Pass	Pass
dEQP-VK.robustness.robustness2.bind.notemplate.rgba32f.unroll.nonvolatile.storage_buffer.readonly.no_fmt_qual.len_31.samples_1.1d.rgen	NotSupported	VK_KHR_ray_tracing_pipeline is not supported at vktTestCase.cpp:1394
dEQP-VK.robustness.robustness2.bind.notemplate.rgba32f.unroll.nonvolatile.storage_buffer.readonly.no_fmt_qual.len_32.samples_1.1d.comp_compute	NotSupported	Exclusive compute queue not supported. at vktRobustnessExtsTests.cpp:737
dEQP-VK.robustness.robustness2.bind.notemplate.rgba32f.unroll.nonvolatile.storage_buffer.readonly.no_fmt_qual.len_32.samples_1.1d.vert	Pass	Pass
dEQP-VK.robustness.robustness2.bind.notemplate.rgba32f.unroll.nonvolatile.storage_buffer.readonly.no_fmt_qual.len_33.samples_1.1d.rgen	NotSupported	VK_KHR_ray_tracing_pipeline is not supported at vktTestCase.cpp:1394
dEQP-VK.robustness.robustness2.bind.notemplate.rgba32f.unroll.nonvolatile.storage_buffer.readonly.no_fmt_qual.len_35.samples_1.1d.comp_compute	NotSupported	Exclusive compute queue not supported. at vktRobustnessExtsTests.cpp:737
dEQP-VK.robustness.robustness2.bind.notemplate.rgba32f.unroll.nonvolatile.storage_buffer.readonly.no_fmt_qual.len_35.samples_1.1d.vert	Pass	Pass
dEQP-VK.robustness.robustness2.bind.notemplate.rgba32f.unroll.nonvolatile.storage_buffer.readonly.no_fmt_qual.len_36.samples_1.1d.rgen	NotSupported	VK_KHR_ray_tracing_pipeline is not supported at vktTestCase.cpp:1394
dEQP-VK.robustness.robustness2.bind.notemplate.rgba32f.unroll.nonvolatile.storage_buffer.readonly.no_fmt_qual.len_39.samples_1.1d.comp_compute	NotSupported	Exclusive compute queue not supported. at vktRobustnessExtsTests.cpp:737
dEQP-VK.robustness.robustness2.bind.notemplate.rgba32f.unroll.nonvolatile.storage_buffer.readonly.no_fmt_qual.len_39.samples_1.1d.vert	Pass	Pass
dEQP-VK.robustness.robustness2.bind.notemplate.rgba32f.unroll.nonvolatile.storage_buffer.readonly.no_fmt_qual.len_4.samples_1.1d.rgen	NotSupported	VK_KHR_ray_tracing_pipeline is not supported at vktTestCase.cpp:1394
dEQP-VK.robustness.robustness2.bind.notemplate.rgba32f.unroll.nonvolatile.storage_buffer.readonly.no_fmt_qual.len_41.samples_1.1d.comp_compute	NotSupported	Exclusive compute queue not supported. at vktRobustnessExtsTests.cpp:737
dEQP-VK.robustness.robustness2.bind.notemplate.rgba32f.unroll.nonvolatile.storage_buffer.readonly.no_fmt_qual.len_41.samples_1.1d.vert	Pass	Pass
dEQP-VK.robustness.robustness2.bind.notemplate.rgba32f.unroll.nonvolatile.storage_buffer.readonly.no_fmt_qual.len_8.samples_1.1d.rgen	NotSupported	VK_KHR_ray_tracing_pipeline is not supported at vktTestCase.cpp:1394
dEQP-VK.robustness.robustness2.bind.notemplate.rgba32f.unroll.nonvolatile.storage_buffer.readonly.no_fmt_qual.null_descriptor.samples_1.1d.comp_compute	NotSupported	Exclusive compute queue not supported. at vktRobustnessExtsTests.cpp:737
dEQP-VK.robustness.robustness2.bind.notemplate.rgba32f.unroll.nonvolatile.storage_buffer.readonly.no_fmt_qual.null_descriptor.samples_1.1d.vert	Pass	Pass
dEQP-VK.robustness.robustness2.bind.notemplate.rgba32f.unroll.nonvolatile.storage_buffer.readwrite.no_fmt_qual.len_12.samples_1.1d.rgen	NotSupported	VK_KHR_ray_tracing_pipeline is not supported at vktTestCase.cpp:1394
dEQP-VK.robustness.robustness2.bind.notemplate.rgba32f.unroll.nonvolatile.storage_buffer.readwrite.no_fmt_qual.len_16.samples_1.1d.comp_compute	NotSupported	Exclusive compute queue not supported. at vktRobustnessExtsTests.cpp:737
dEQP-VK.robustness.robustness2.bind.notemplate.rgba32f.unroll.nonvolatile.storage_buffer.readwrite.no_fmt_qual.len_16.samples_1.1d.vert	Pass	Pass
dEQP-VK.robustness.robustness2.bind.notemplate.rgba32f.unroll.nonvolatile.storage_buffer.readwrite.no_fmt_qual.len_20.samples_1.1d.rgen	NotSupported	VK_KHR_ray_tracing_pipeline is not supported at vktTestCase.cpp:1394
dEQP-VK.robustness.robustness2.bind.notemplate.rgba32f.unroll.nonvolatile.storage_buffer.readwrite.no_fmt_qual.len_252.samples_1.1d.comp_compute	NotSupported	Exclusive compute queue not supported. at vktRobustnessExtsTests.cpp:737
dEQP-VK.robustness.robustness2.bind.notemplate.rgba32f.unroll.nonvolatile.storage_buffer.readwrite.no_fmt_qual.len_252.samples_1.1d.vert	Pass	Pass
dEQP-VK.robustness.robustness2.bind.notemplate.rgba32f.unroll.nonvolatile.storage_buffer.readwrite.no_fmt_qual.len_256.samples_1.1d.rgen	NotSupported	VK_KHR_ray_tracing_pipeline is not supported at vktTestCase.cpp:1394
dEQP-VK.robustness.robustness2.bind.notemplate.rgba32f.unroll.nonvolatile.storage_buffer.readwrite.no_fmt_qual.len_260.samples_1.1d.comp_compute	NotSupported	Exclusive compute queue not supported. at vktRobustnessExtsTests.cpp:737
dEQP-VK.robustness.robustness2.bind.notemplate.rgba32f.unroll.nonvolatile.storage_buffer.readwrite.no_fmt_qual.len_260.samples_1.1d.vert	Pass	Pass
dEQP-VK.robustness.robustness2.bind.notemplate.rgba32f.unroll.nonvolatile.storage_buffer.readwrite.no_fmt_qual.len_31.samples_1.1d.rgen	NotSupported	VK_KHR_ray_tracing_pipeline is not supported at vktTestCase.cpp:1394
dEQP-VK.robustness.robustness2.bind.notemplate.rgba32f.unroll.nonvolatile.storage_buffer.readwrite.no_fmt_qual.len_32.samples_1.1d.comp_compute	NotSupported	Exclusive compute queue not supported. at vktRobustnessExtsTests.cpp:737
dEQP-VK.robustness.robustness2.bind.notemplate.rgba32f.unroll.nonvolatile.storage_buffer.readwrite.no_fmt_qual.len_32.samples_1.1d.vert	Pass	Pass
dEQP-VK.robustness.robustness2.bind.notemplate.rgba32f.unroll.nonvolatile.storage_buffer.readwrite.no_fmt_qual.len_33.samples_1.1d.rgen	NotSupported	VK_KHR_ray_tracing_pipeline is not supported at vktTestCase.cpp:1394
dEQP-VK.robustness.robustness2.bind.notemplate.rgba32f.unroll.nonvolatile.storage_buffer.readwrite.no_fmt_qual.len_35.samples_1.1d.comp_compute	NotSupported	Exclusive compute queue not supported. at vktRobustnessExtsTests.cpp:737
dEQP-VK.robustness.robustness2.bind.notemplate.rgba32f.unroll.nonvolatile.storage_buffer.readwrite.no_fmt_qual.len_35.samples_1.1d.vert	Pass	Pass
dEQP-VK.robustness.robustness2.bind.notemplate.rgba32f.unroll.nonvolatile.storage_buffer.readwrite.no_fmt_qual.len_36.samples_1.1d.rgen	NotSupported	VK_KHR_ray_tracing_pipeline is not supported at vktTestCase.cpp:1394
dEQP-VK.robustness.robustness2.bind.notemplate.rgba32f.unroll.nonvolatile.storage_buffer.readwrite.no_fmt_qual.len_39.samples_1.1d.comp_compute	NotSupported	Exclusive compute queue not supported. at vktRobustnessExtsTests.cpp:737
dEQP-VK.robustness.robustness2.bind.notemplate.rgba32f.unroll.nonvolatile.storage_buffer.readwrite.no_fmt_qual.len_39.samples_1.1d.vert	Pass	Pass
dEQP-VK.robustness.robustness2.bind.notemplate.rgba32f.unroll.nonvolatile.storage_buffer.readwrite.no_fmt_qual.len_4.samples_1.1d.rgen	NotSupported	VK_KHR_ray_tracing_pipeline is not supported at vktTestCase.cpp:1394
dEQP-VK.robustness.robustness2.bind.notemplate.rgba32f.unroll.nonvolatile.storage_buffer.readwrite.no_fmt_qual.len_41.samples_1.1d.comp_compute	NotSupported	Exclusive compute queue not supported. at vktRobustnessExtsTests.cpp:737
dEQP-VK.robustness.robustness2.bind.notemplate.rgba32f.unroll.nonvolatile.storage_buffer.readwrite.no_fmt_qual.len_41.samples_1.1d.vert	Pass	Pass
dEQP-VK.robustness.robustness2.bind.notemplate.rgba32f.unroll.nonvolatile.storage_buffer.readwrite.no_fmt_qual.len_8.samples_1.1d.rgen	NotSupported	VK_KHR_ray_tracing_pipeline is not supported at vktTestCase.cpp:1394
dEQP-VK.robustness.robustness2.bind.notemplate.rgba32f.unroll.nonvolatile.storage_buffer.readwrite.no_fmt_qual.null_descriptor.samples_1.1d.comp_compute	NotSupported	Exclusive compute queue not supported. at vktRobustnessExtsTests.cpp:737
dEQP-VK.robustness.robustness2.bind.notemplate.rgba32f.unroll.nonvolatile.storage_buffer.readwrite.no_fmt_qual.null_descriptor.samples_1.1d.vert	Pass	Pass
dEQP-VK.robustness.robustness2.bind.notemplate.rgba32f.unroll.nonvolatile.storage_buffer_dynamic.readonly.no_fmt_qual.len_12.samples_1.1d.rgen	NotSupported	VK_KHR_ray_tracing_pipeline is not supported at vktTestCase.cpp:1394
dEQP-VK.robustness.robustness2.bind.notemplate.rgba32f.unroll.nonvolatile.storage_buffer_dynamic.readonly.no_fmt_qual.len_16.samples_1.1d.comp_compute	NotSupported	Exclusive compute queue not supported. at vktRobustnessExtsTests.cpp:737
dEQP-VK.robustness.robustness2.bind.notemplate.rgba32f.unroll.nonvolatile.storage_buffer_dynamic.readonly.no_fmt_qual.len_16.samples_1.1d.vert	Pass	Pass
dEQP-VK.robustness.robustness2.bind.notemplate.rgba32f.unroll.nonvolatile.storage_buffer_dynamic.readonly.no_fmt_qual.len_20.samples_1.1d.rgen	NotSupported	VK_KHR_ray_tracing_pipeline is not supported at vktTestCase.cpp:1394
dEQP-VK.robustness.robustness2.bind.notemplate.rgba32f.unroll.nonvolatile.storage_buffer_dynamic.readonly.no_fmt_qual.len_252.samples_1.1d.comp_compute	NotSupported	Exclusive compute queue not supported. at vktRobustnessExtsTests.cpp:737
dEQP-VK.robustness.robustness2.bind.notemplate.rgba32f.unroll.nonvolatile.storage_buffer_dynamic.readonly.no_fmt_qual.len_252.samples_1.1d.vert	Pass	Pass
dEQP-VK.robustness.robustness2.bind.notemplate.rgba32f.unroll.nonvolatile.storage_buffer_dynamic.readonly.no_fmt_qual.len_256.samples_1.1d.rgen	NotSupported	VK_KHR_ray_tracing_pipeline is not supported at vktTestCase.cpp:1394
dEQP-VK.robustness.robustness2.bind.notemplate.rgba32f.unroll.nonvolatile.storage_buffer_dynamic.readonly.no_fmt_qual.len_260.samples_1.1d.comp_compute	NotSupported	Exclusive compute queue not supported. at vktRobustnessExtsTests.cpp:737
dEQP-VK.robustness.robustness2.bind.notemplate.rgba32f.unroll.nonvolatile.storage_buffer_dynamic.readonly.no_fmt_qual.len_260.samples_1.1d.vert	Pass	Pass
dEQP-VK.robustness.robustness2.bind.notemplate.rgba32f.unroll.nonvolatile.storage_buffer_dynamic.readonly.no_fmt_qual.len_31.samples_1.1d.rgen	NotSupported	VK_KHR_ray_tracing_pipeline is not supported at vktTestCase.cpp:1394
dEQP-VK.robustness.robustness2.bind.notemplate.rgba32f.unroll.nonvolatile.storage_buffer_dynamic.readonly.no_fmt_qual.len_32.samples_1.1d.comp_compute	NotSupported	Exclusive compute queue not supported. at vktRobustnessExtsTests.cpp:737
dEQP-VK.robustness.robustness2.bind.notemplate.rgba32f.unroll.nonvolatile.storage_buffer_dynamic.readonly.no_fmt_qual.len_32.samples_1.1d.vert	Pass	Pass
dEQP-VK.robustness.robustness2.bind.notemplate.rgba32f.unroll.nonvolatile.storage_buffer_dynamic.readonly.no_fmt_qual.len_33.samples_1.1d.rgen	NotSupported	VK_KHR_ray_tracing_pipeline is not supported at vktTestCase.cpp:1394
dEQP-VK.robustness.robustness2.bind.notemplate.rgba32f.unroll.nonvolatile.storage_buffer_dynamic.readonly.no_fmt_qual.len_35.samples_1.1d.comp_compute	NotSupported	Exclusive compute queue not supported. at vktRobustnessExtsTests.cpp:737
dEQP-VK.robustness.robustness2.bind.notemplate.rgba32f.unroll.nonvolatile.storage_buffer_dynamic.readonly.no_fmt_qual.len_35.samples_1.1d.vert	Pass	Pass
dEQP-VK.robustness.robustness2.bind.notemplate.rgba32f.unroll.nonvolatile.storage_buffer_dynamic.readonly.no_fmt_qual.len_36.samples_1.1d.rgen	NotSupported	VK_KHR_ray_tracing_pipeline is not supported at vktTestCase.cpp:1394
dEQP-VK.robustness.robustness2.bind.notemplate.rgba32f.unroll.nonvolatile.storage_buffer_dynamic.readonly.no_fmt_qual.len_39.samples_1.1d.comp_compute	NotSupported	Exclusive compute queue not supported. at vktRobustnessExtsTests.cpp:737
dEQP-VK.robustness.robustness2.bind.notemplate.rgba32f.unroll.nonvolatile.storage_buffer_dynamic.readonly.no_fmt_qual.len_39.samples_1.1d.vert	Pass	Pass
dEQP-VK.robustness.robustness2.bind.notemplate.rgba32f.unroll.nonvolatile.storage_buffer_dynamic.readonly.no_fmt_qual.len_4.samples_1.1d.rgen	NotSupported	VK_KHR_ray_tracing_pipeline is not supported at vktTestCase.cpp:1394
dEQP-VK.robustness.robustness2.bind.notemplate.rgba32f.unroll.nonvolatile.storage_buffer_dynamic.readonly.no_fmt_qual.len_41.samples_1.1d.comp_compute	NotSupported	Exclusive compute queue not supported. at vktRobustnessExtsTests.cpp:737
dEQP-VK.robustness.robustness2.bind.notemplate.rgba32f.unroll.nonvolatile.storage_buffer_dynamic.readonly.no_fmt_qual.len_41.samples_1.1d.vert	Pass	Pass
dEQP-VK.robustness.robustness2.bind.notemplate.rgba32f.unroll.nonvolatile.storage_buffer_dynamic.readonly.no_fmt_qual.len_8.samples_1.1d.rgen	NotSupported	VK_KHR_ray_tracing_pipeline is not supported at vktTestCase.cpp:1394
dEQP-VK.robustness.robustness2.bind.notemplate.rgba32f.unroll.nonvolatile.storage_buffer_dynamic.readonly.no_fmt_qual.null_descriptor.samples_1.1d.comp_compute	NotSupported	Exclusive compute queue not supported. at vktRobustnessExtsTests.cpp:737
dEQP-VK.robustness.robustness2.bind.notemplate.rgba32f.unroll.nonvolatile.storage_buffer_dynamic.readonly.no_fmt_qual.null_descriptor.samples_1.1d.vert	Pass	Pass
dEQP-VK.robustness.robustness2.bind.notemplate.rgba32f.unroll.nonvolatile.storage_buffer_dynamic.readwrite.no_fmt_qual.len_12.samples_1.1d.rgen	NotSupported	VK_KHR_ray_tracing_pipeline is not supported at vktTestCase.cpp:1394
dEQP-VK.robustness.robustness2.bind.notemplate.rgba32f.unroll.nonvolatile.storage_buffer_dynamic.readwrite.no_fmt_qual.len_16.samples_1.1d.comp_compute	NotSupported	Exclusive compute queue not supported. at vktRobustnessExtsTests.cpp:737
dEQP-VK.robustness.robustness2.bind.notemplate.rgba32f.unroll.nonvolatile.storage_buffer_dynamic.readwrite.no_fmt_qual.len_16.samples_1.1d.vert	Pass	Pass
dEQP-VK.robustness.robustness2.bind.notemplate.rgba32f.unroll.nonvolatile.storage_buffer_dynamic.readwrite.no_fmt_qual.len_20.samples_1.1d.rgen	NotSupported	VK_KHR_ray_tracing_pipeline is not supported at vktTestCase.cpp:1394
dEQP-VK.robustness.robustness2.bind.notemplate.rgba32f.unroll.nonvolatile.storage_buffer_dynamic.readwrite.no_fmt_qual.len_252.samples_1.1d.comp_compute	NotSupported	Exclusive compute queue not supported. at vktRobustnessExtsTests.cpp:737
dEQP-VK.robustness.robustness2.bind.notemplate.rgba32f.unroll.nonvolatile.storage_buffer_dynamic.readwrite.no_fmt_qual.len_252.samples_1.1d.vert	Pass	Pass
dEQP-VK.robustness.robustness2.bind.notemplate.rgba32f.unroll.nonvolatile.storage_buffer_dynamic.readwrite.no_fmt_qual.len_256.samples_1.1d.rgen	NotSupported	VK_KHR_ray_tracing_pipeline is not supported at vktTestCase.cpp:1394
dEQP-VK.robustness.robustness2.bind.notemplate.rgba32f.unroll.nonvolatile.storage_buffer_dynamic.readwrite.no_fmt_qual.len_260.samples_1.1d.comp_compute	NotSupported	Exclusive compute queue not supported. at vktRobustnessExtsTests.cpp:737
dEQP-VK.robustness.robustness2.bind.notemplate.rgba32f.unroll.nonvolatile.storage_buffer_dynamic.readwrite.no_fmt_qual.len_260.samples_1.1d.vert	Pass	Pass
dEQP-VK.robustness.robustness2.bind.notemplate.rgba32f.unroll.nonvolatile.storage_buffer_dynamic.readwrite.no_fmt_qual.len_31.samples_1.1d.rgen	NotSupported	VK_KHR_ray_tracing_pipeline is not supported at vktTestCase.cpp:1394
dEQP-VK.robustness.robustness2.bind.notemplate.rgba32f.unroll.nonvolatile.storage_buffer_dynamic.readwrite.no_fmt_qual.len_32.samples_1.1d.comp_compute	NotSupported	Exclusive compute queue not supported. at vktRobustnessExtsTests.cpp:737
dEQP-VK.robustness.robustness2.bind.notemplate.rgba32f.unroll.nonvolatile.storage_buffer_dynamic.readwrite.no_fmt_qual.len_32.samples_1.1d.vert	Pass	Pass
dEQP-VK.robustness.robustness2.bind.notemplate.rgba32f.unroll.nonvolatile.storage_buffer_dynamic.readwrite.no_fmt_qual.len_33.samples_1.1d.rgen	NotSupported	VK_KHR_ray_tracing_pipeline is not supported at vktTestCase.cpp:1394
dEQP-VK.robustness.robustness2.bind.notemplate.rgba32f.unroll.nonvolatile.storage_buffer_dynamic.readwrite.no_fmt_qual.len_35.samples_1.1d.comp_compute	NotSupported	Exclusive compute queue not supported. at vktRobustnessExtsTests.cpp:737
dEQP-VK.robustness.robustness2.bind.notemplate.rgba32f.unroll.nonvolatile.storage_buffer_dynamic.readwrite.no_fmt_qual.len_35.samples_1.1d.vert	Pass	Pass
dEQP-VK.robustness.robustness2.bind.notemplate.rgba32f.unroll.nonvolatile.storage_buffer_dynamic.readwrite.no_fmt_qual.len_36.samples_1.1d.rgen	NotSupported	VK_KHR_ray_tracing_pipeline is not supported at vktTestCase.cpp:1394
dEQP-VK.robustness.robustness2.bind.notemplate.rgba32f.unroll.nonvolatile.storage_buffer_dynamic.readwrite.no_fmt_qual.len_39.samples_1.1d.comp_compute	NotSupported	Exclusive compute queue not supported. at vktRobustnessExtsTests.cpp:737
dEQP-VK.robustness.robustness2.bind.notemplate.rgba32f.unroll.nonvolatile.storage_buffer_dynamic.readwrite.no_fmt_qual.len_39.samples_1.1d.vert	Pass	Pass
dEQP-VK.robustness.robustness2.bind.notemplate.rgba32f.unroll.nonvolatile.storage_buffer_dynamic.readwrite.no_fmt_qual.len_4.samples_1.1d.rgen	NotSupported	VK_KHR_ray_tracing_pipeline is not supported at vktTestCase.cpp:1394
dEQP-VK.robustness.robustness2.bind.notemplate.rgba32f.unroll.nonvolatile.storage_buffer_dynamic.readwrite.no_fmt_qual.len_41.samples_1.1d.comp_compute	NotSupported	Exclusive compute queue not supported. at vktRobustnessExtsTests.cpp:737
dEQP-VK.robustness.robustness2.bind.notemplate.rgba32f.unroll.nonvolatile.storage_buffer_dynamic.readwrite.no_fmt_qual.len_41.samples_1.1d.vert	Pass	Pass
dEQP-VK.robustness.robustness2.bind.notemplate.rgba32f.unroll.nonvolatile.storage_buffer_dynamic.readwrite.no_fmt_qual.len_8.samples_1.1d.rgen	NotSupported	VK_KHR_ray_tracing_pipeline is not supported at vktTestCase.cpp:1394
dEQP-VK.robustness.robustness2.bind.notemplate.rgba32f.unroll.nonvolatile.storage_buffer_dynamic.readwrite.no_fmt_qual.null_descriptor.samples_1.1d.comp_compute	NotSupported	Exclusive compute queue not supported. at vktRobustnessExtsTests.cpp:737
dEQP-VK.robustness.robustness2.bind.notemplate.rgba32f.unroll.nonvolatile.storage_buffer_dynamic.readwrite.no_fmt_qual.null_descriptor.samples_1.1d.vert	Pass	Pass
dEQP-VK.robustness.robustness2.bind.notemplate.rgba32f.unroll.nonvolatile.storage_image.fmt_qual.img.samples_1.1d.rgen	NotSupported	VK_KHR_ray_tracing_pipeline is not supported at vktTestCase.cpp:1394
dEQP-VK.robustness.robustness2.bind.notemplate.rgba32f.unroll.nonvolatile.storage_image.fmt_qual.img.samples_1.1d_array.comp_compute	NotSupported	robustImageAccess2 not supported at vktRobustnessExtsTests.cpp:665
dEQP-VK.robustness.robustness2.bind.notemplate.rgba32f.unroll.nonvolatile.storage_image.fmt_qual.img.samples_1.1d_array.vert	NotSupported	robustImageAccess2 not supported at vktRobustnessExtsTests.cpp:665
dEQP-VK.robustness.robustness2.bind.notemplate.rgba32f.unroll.nonvolatile.storage_image.fmt_qual.img.samples_1.2d.rgen	NotSupported	VK_KHR_ray_tracing_pipeline is not supported at vktTestCase.cpp:1394
dEQP-VK.robustness.robustness2.bind.notemplate.rgba32f.unroll.nonvolatile.storage_image.fmt_qual.img.samples_1.2d_array.comp_compute	NotSupported	robustImageAccess2 not supported at vktRobustnessExtsTests.cpp:665
dEQP-VK.robustness.robustness2.bind.notemplate.rgba32f.unroll.nonvolatile.storage_image.fmt_qual.img.samples_1.2d_array.vert	NotSupported	robustImageAccess2 not supported at vktRobustnessExtsTests.cpp:665
dEQP-VK.robustness.robustness2.bind.notemplate.rgba32f.unroll.nonvolatile.storage_image.fmt_qual.img.samples_1.3d.rgen	NotSupported	VK_KHR_ray_tracing_pipeline is not supported at vktTestCase.cpp:1394
dEQP-VK.robustness.robustness2.bind.notemplate.rgba32f.unroll.nonvolatile.storage_image.fmt_qual.img.samples_1.cube.comp_compute	NotSupported	robustImageAccess2 not supported at vktRobustnessExtsTests.cpp:665
dEQP-VK.robustness.robustness2.bind.notemplate.rgba32f.unroll.nonvolatile.storage_image.fmt_qual.img.samples_1.cube.vert	NotSupported	robustImageAccess2 not supported at vktRobustnessExtsTests.cpp:665
dEQP-VK.robustness.robustness2.bind.notemplate.rgba32f.unroll.nonvolatile.storage_image.fmt_qual.img.samples_1.cube_array.rgen	NotSupported	VK_KHR_ray_tracing_pipeline is not supported at vktTestCase.cpp:1394
dEQP-VK.robustness.robustness2.bind.notemplate.rgba32f.unroll.nonvolatile.storage_image.fmt_qual.img.samples_4.2d.comp_compute	NotSupported	robustImageAccess2 not supported at vktRobustnessExtsTests.cpp:665
dEQP-VK.robustness.robustness2.bind.notemplate.rgba32f.unroll.nonvolatile.storage_image.fmt_qual.img.samples_4.2d.vert	NotSupported	robustImageAccess2 not supported at vktRobustnessExtsTests.cpp:665
dEQP-VK.robustness.robustness2.bind.notemplate.rgba32f.unroll.nonvolatile.storage_image.fmt_qual.img.samples_4.2d_array.rgen	NotSupported	VK_KHR_ray_tracing_pipeline is not supported at vktTestCase.cpp:1394
dEQP-VK.robustness.robustness2.bind.notemplate.rgba32f.unroll.nonvolatile.storage_image.fmt_qual.null_descriptor.samples_1.1d.comp_compute	NotSupported	Exclusive compute queue not supported. at vktRobustnessExtsTests.cpp:737
dEQP-VK.robustness.robustness2.bind.notemplate.rgba32f.unroll.nonvolatile.storage_image.fmt_qual.null_descriptor.samples_1.1d.vert	Pass	Pass
dEQP-VK.robustness.robustness2.bind.notemplate.rgba32f.unroll.nonvolatile.storage_image.fmt_qual.null_descriptor.samples_1.1d_array.rgen	NotSupported	VK_KHR_ray_tracing_pipeline is not supported at vktTestCase.cpp:1394
dEQP-VK.robustness.robustness2.bind.notemplate.rgba32f.unroll.nonvolatile.storage_image.fmt_qual.null_descriptor.samples_1.2d.comp_compute	NotSupported	Exclusive compute queue not supported. at vktRobustnessExtsTests.cpp:737
dEQP-VK.robustness.robustness2.bind.notemplate.rgba32f.unroll.nonvolatile.storage_image.fmt_qual.null_descriptor.samples_1.2d.vert	Pass	Pass
dEQP-VK.robustness.robustness2.bind.notemplate.rgba32f.unroll.nonvolatile.storage_image.fmt_qual.null_descriptor.samples_1.2d_array.rgen	NotSupported	VK_KHR_ray_tracing_pipeline is not supported at vktTestCase.cpp:1394
dEQP-VK.robustness.robustness2.bind.notemplate.rgba32f.unroll.nonvolatile.storage_image.fmt_qual.null_descriptor.samples_1.3d.comp_compute	NotSupported	Exclusive compute queue not supported. at vktRobustnessExtsTests.cpp:737
dEQP-VK.robustness.robustness2.bind.notemplate.rgba32f.unroll.nonvolatile.storage_image.fmt_qual.null_descriptor.samples_1.3d.vert	Pass	Pass
dEQP-VK.robustness.robustness2.bind.notemplate.rgba32f.unroll.nonvolatile.storage_image.fmt_qual.null_descriptor.samples_1.cube.rgen	NotSupported	VK_KHR_ray_tracing_pipeline is not supported at vktTestCase.cpp:1394
dEQP-VK.robustness.robustness2.bind.notemplate.rgba32f.unroll.nonvolatile.storage_image.fmt_qual.null_descriptor.samples_1.cube_array.comp_compute	NotSupported	Exclusive compute queue not supported. at vktRobustnessExtsTests.cpp:737
dEQP-VK.robustness.robustness2.bind.notemplate.rgba32f.unroll.nonvolatile.storage_image.fmt_qual.null_descriptor.samples_1.cube_array.vert	Pass	Pass
dEQP-VK.robustness.robustness2.bind.notemplate.rgba32f.unroll.nonvolatile.storage_image.fmt_qual.null_descriptor.samples_4.2d.rgen	NotSupported	VK_KHR_ray_tracing_pipeline is not supported at vktTestCase.cpp:1394
dEQP-VK.robustness.robustness2.bind.notemplate.rgba32f.unroll.nonvolatile.storage_image.fmt_qual.null_descriptor.samples_4.2d_array.comp_compute	NotSupported	shaderStorageImageMultisample not supported at vktRobustnessExtsTests.cpp:685
dEQP-VK.robustness.robustness2.bind.notemplate.rgba32f.unroll.nonvolatile.storage_image.fmt_qual.null_descriptor.samples_4.2d_array.vert	NotSupported	shaderStorageImageMultisample not supported at vktRobustnessExtsTests.cpp:685
dEQP-VK.robustness.robustness2.bind.notemplate.rgba32f.unroll.nonvolatile.storage_image.no_fmt_qual.img.samples_1.1d.rgen	NotSupported	VK_KHR_ray_tracing_pipeline is not supported at vktTestCase.cpp:1394
dEQP-VK.robustness.robustness2.bind.notemplate.rgba32f.unroll.nonvolatile.storage_image.no_fmt_qual.img.samples_1.1d_array.comp_compute	NotSupported	robustImageAccess2 not supported at vktRobustnessExtsTests.cpp:665
dEQP-VK.robustness.robustness2.bind.notemplate.rgba32f.unroll.nonvolatile.storage_image.no_fmt_qual.img.samples_1.1d_array.vert	NotSupported	robustImageAccess2 not supported at vktRobustnessExtsTests.cpp:665
dEQP-VK.robustness.robustness2.bind.notemplate.rgba32f.unroll.nonvolatile.storage_image.no_fmt_qual.img.samples_1.2d.rgen	NotSupported	VK_KHR_ray_tracing_pipeline is not supported at vktTestCase.cpp:1394
dEQP-VK.robustness.robustness2.bind.notemplate.rgba32f.unroll.nonvolatile.storage_image.no_fmt_qual.img.samples_1.2d_array.comp_compute	NotSupported	robustImageAccess2 not supported at vktRobustnessExtsTests.cpp:665
dEQP-VK.robustness.robustness2.bind.notemplate.rgba32f.unroll.nonvolatile.storage_image.no_fmt_qual.img.samples_1.2d_array.vert	NotSupported	robustImageAccess2 not supported at vktRobustnessExtsTests.cpp:665
dEQP-VK.robustness.robustness2.bind.notemplate.rgba32f.unroll.nonvolatile.storage_image.no_fmt_qual.img.samples_1.3d.rgen	NotSupported	VK_KHR_ray_tracing_pipeline is not supported at vktTestCase.cpp:1394
dEQP-VK.robustness.robustness2.bind.notemplate.rgba32f.unroll.nonvolatile.storage_image.no_fmt_qual.img.samples_1.cube.comp_compute	NotSupported	robustImageAccess2 not supported at vktRobustnessExtsTests.cpp:665
dEQP-VK.robustness.robustness2.bind.notemplate.rgba32f.unroll.nonvolatile.storage_image.no_fmt_qual.img.samples_1.cube.vert	NotSupported	robustImageAccess2 not supported at vktRobustnessExtsTests.cpp:665
dEQP-VK.robustness.robustness2.bind.notemplate.rgba32f.unroll.nonvolatile.storage_image.no_fmt_qual.img.samples_1.cube_array.rgen	NotSupported	VK_KHR_ray_tracing_pipeline is not supported at vktTestCase.cpp:1394
dEQP-VK.robustness.robustness2.bind.notemplate.rgba32f.unroll.nonvolatile.storage_image.no_fmt_qual.img.samples_4.2d.comp_compute	NotSupported	robustImageAccess2 not supported at vktRobustnessExtsTests.cpp:665
dEQP-VK.robustness.robustness2.bind.notemplate.rgba32f.unroll.nonvolatile.storage_image.no_fmt_qual.img.samples_4.2d.vert	NotSupported	robustImageAccess2 not supported at vktRobustnessExtsTests.cpp:665
dEQP-VK.robustness.robustness2.bind.notemplate.rgba32f.unroll.nonvolatile.storage_image.no_fmt_qual.img.samples_4.2d_array.rgen	NotSupported	VK_KHR_ray_tracing_pipeline is not supported at vktTestCase.cpp:1394
dEQP-VK.robustness.robustness2.bind.notemplate.rgba32f.unroll.nonvolatile.storage_image.no_fmt_qual.null_descriptor.samples_1.1d.comp_compute	NotSupported	Exclusive compute queue not supported. at vktRobustnessExtsTests.cpp:737
dEQP-VK.robustness.robustness2.bind.notemplate.rgba32f.unroll.nonvolatile.storage_image.no_fmt_qual.null_descriptor.samples_1.1d.vert	Pass	Pass
dEQP-VK.robustness.robustness2.bind.notemplate.rgba32f.unroll.nonvolatile.storage_image.no_fmt_qual.null_descriptor.samples_1.1d_array.rgen	NotSupported	VK_KHR_ray_tracing_pipeline is not supported at vktTestCase.cpp:1394
dEQP-VK.robustness.robustness2.bind.notemplate.rgba32f.unroll.nonvolatile.storage_image.no_fmt_qual.null_descriptor.samples_1.2d.comp_compute	NotSupported	Exclusive compute queue not supported. at vktRobustnessExtsTests.cpp:737
dEQP-VK.robustness.robustness2.bind.notemplate.rgba32f.unroll.nonvolatile.storage_image.no_fmt_qual.null_descriptor.samples_1.2d.vert	Pass	Pass
dEQP-VK.robustness.robustness2.bind.notemplate.rgba32f.unroll.nonvolatile.storage_image.no_fmt_qual.null_descriptor.samples_1.2d_array.rgen	NotSupported	VK_KHR_ray_tracing_pipeline is not supported at vktTestCase.cpp:1394
dEQP-VK.robustness.robustness2.bind.notemplate.rgba32f.unroll.nonvolatile.storage_image.no_fmt_qual.null_descriptor.samples_1.3d.comp_compute	NotSupported	Exclusive compute queue not supported. at vktRobustnessExtsTests.cpp:737
dEQP-VK.robustness.robustness2.bind.notemplate.rgba32f.unroll.nonvolatile.storage_image.no_fmt_qual.null_descriptor.samples_1.3d.vert	Pass	Pass
dEQP-VK.robustness.robustness2.bind.notemplate.rgba32f.unroll.nonvolatile.storage_image.no_fmt_qual.null_descriptor.samples_1.cube.rgen	NotSupported	VK_KHR_ray_tracing_pipeline is not supported at vktTestCase.cpp:1394
dEQP-VK.robustness.robustness2.bind.notemplate.rgba32f.unroll.nonvolatile.storage_image.no_fmt_qual.null_descriptor.samples_1.cube_array.comp_compute	NotSupported	Exclusive compute queue not supported. at vktRobustnessExtsTests.cpp:737
dEQP-VK.robustness.robustness2.bind.notemplate.rgba32f.unroll.nonvolatile.storage_image.no_fmt_qual.null_descriptor.samples_1.cube_array.vert	Pass	Pass
dEQP-VK.robustness.robustness2.bind.notemplate.rgba32f.unroll.nonvolatile.storage_image.no_fmt_qual.null_descriptor.samples_4.2d.rgen	NotSupported	VK_KHR_ray_tracing_pipeline is not supported at vktTestCase.cpp:1394
dEQP-VK.robustness.robustness2.bind.notemplate.rgba32f.unroll.nonvolatile.storage_image.no_fmt_qual.null_descriptor.samples_4.2d_array.comp_compute	NotSupported	shaderStorageImageMultisample not supported at vktRobustnessExtsTests.cpp:685
dEQP-VK.robustness.robustness2.bind.notemplate.rgba32f.unroll.nonvolatile.storage_image.no_fmt_qual.null_descriptor.samples_4.2d_array.vert	NotSupported	shaderStorageImageMultisample not supported at vktRobustnessExtsTests.cpp:685
dEQP-VK.robustness.robustness2.bind.notemplate.rgba32f.unroll.nonvolatile.storage_texel_buffer.fmt_qual.len_16.samples_1.1d.comp	Fail	Fail
dEQP-VK.robustness.robustness2.bind.notemplate.rgba32f.unroll.nonvolatile.storage_texel_buffer.fmt_qual.len_16.samples_1.1d.comp_compute	NotSupported	Exclusive compute queue not supported. at vktRobustnessExtsTests.cpp:737
dEQP-VK.robustness.robustness2.bind.notemplate.rgba32f.unroll.nonvolatile.storage_texel_buffer.fmt_qual.len_16.samples_1.1d.frag	Fail	Fail
dEQP-VK.robustness.robustness2.bind.notemplate.rgba32f.unroll.nonvolatile.storage_texel_buffer.fmt_qual.len_16.samples_1.1d.rgen	NotSupported	VK_KHR_ray_tracing_pipeline is not supported at vktTestCase.cpp:1394
dEQP-VK.robustness.robustness2.bind.notemplate.rgba32f.unroll.nonvolatile.storage_texel_buffer.fmt_qual.len_16.samples_1.1d.rgen_compute	NotSupported	VK_KHR_ray_tracing_pipeline is not supported at vktTestCase.cpp:1394
dEQP-VK.robustness.robustness2.bind.notemplate.rgba32f.unroll.nonvolatile.storage_texel_buffer.fmt_qual.len_16.samples_1.1d.vert	Fail	Fail
dEQP-VK.robustness.robustness2.bind.notemplate.rgba32f.unroll.nonvolatile.storage_texel_buffer.fmt_qual.len_256.samples_1.1d.comp	Fail	Fail
dEQP-VK.robustness.robustness2.bind.notemplate.rgba32f.unroll.nonvolatile.storage_texel_buffer.fmt_qual.len_256.samples_1.1d.comp_compute	NotSupported	Exclusive compute queue not supported. at vktRobustnessExtsTests.cpp:737
dEQP-VK.robustness.robustness2.bind.notemplate.rgba32f.unroll.nonvolatile.storage_texel_buffer.fmt_qual.len_256.samples_1.1d.frag	Fail	Fail
dEQP-VK.robustness.robustness2.bind.notemplate.rgba32f.unroll.nonvolatile.storage_texel_buffer.fmt_qual.len_256.samples_1.1d.rgen	NotSupported	VK_KHR_ray_tracing_pipeline is not supported at vktTestCase.cpp:1394
dEQP-VK.robustness.robustness2.bind.notemplate.rgba32f.unroll.nonvolatile.storage_texel_buffer.fmt_qual.len_256.samples_1.1d.rgen_compute	NotSupported	VK_KHR_ray_tracing_pipeline is not supported at vktTestCase.cpp:1394
dEQP-VK.robustness.robustness2.bind.notemplate.rgba32f.unroll.nonvolatile.storage_texel_buffer.fmt_qual.len_256.samples_1.1d.vert	Fail	Fail
dEQP-VK.robustness.robustness2.bind.notemplate.rgba32f.unroll.nonvolatile.storage_texel_buffer.fmt_qual.len_32.samples_1.1d.comp	Fail	Fail
dEQP-VK.robustness.robustness2.bind.notemplate.rgba32f.unroll.nonvolatile.storage_texel_buffer.fmt_qual.len_32.samples_1.1d.comp_compute	NotSupported	Exclusive compute queue not supported. at vktRobustnessExtsTests.cpp:737
dEQP-VK.robustness.robustness2.bind.notemplate.rgba32f.unroll.nonvolatile.storage_texel_buffer.fmt_qual.len_32.samples_1.1d.frag	Fail	Fail
dEQP-VK.robustness.robustness2.bind.notemplate.rgba32f.unroll.nonvolatile.storage_texel_buffer.fmt_qual.len_32.samples_1.1d.rgen	NotSupported	VK_KHR_ray_tracing_pipeline is not supported at vktTestCase.cpp:1394
dEQP-VK.robustness.robustness2.bind.notemplate.rgba32f.unroll.nonvolatile.storage_texel_buffer.fmt_qual.len_32.samples_1.1d.rgen_compute	NotSupported	VK_KHR_ray_tracing_pipeline is not supported at vktTestCase.cpp:1394
dEQP-VK.robustness.robustness2.bind.notemplate.rgba32f.unroll.nonvolatile.storage_texel_buffer.fmt_qual.len_32.samples_1.1d.vert	Fail	Fail
dEQP-VK.robustness.robustness2.bind.notemplate.rgba32f.unroll.nonvolatile.storage_texel_buffer.fmt_qual.null_descriptor.samples_1.1d.comp	Pass	Pass
dEQP-VK.robustness.robustness2.bind.notemplate.rgba32f.unroll.nonvolatile.storage_texel_buffer.fmt_qual.null_descriptor.samples_1.1d.comp_compute	NotSupported	Exclusive compute queue not supported. at vktRobustnessExtsTests.cpp:737
dEQP-VK.robustness.robustness2.bind.notemplate.rgba32f.unroll.nonvolatile.storage_texel_buffer.fmt_qual.null_descriptor.samples_1.1d.frag	Pass	Pass
dEQP-VK.robustness.robustness2.bind.notemplate.rgba32f.unroll.nonvolatile.storage_texel_buffer.fmt_qual.null_descriptor.samples_1.1d.rgen	NotSupported	VK_KHR_ray_tracing_pipeline is not supported at vktTestCase.cpp:1394
dEQP-VK.robustness.robustness2.bind.notemplate.rgba32f.unroll.nonvolatile.storage_texel_buffer.fmt_qual.null_descriptor.samples_1.1d.rgen_compute	NotSupported	VK_KHR_ray_tracing_pipeline is not supported at vktTestCase.cpp:1394
dEQP-VK.robustness.robustness2.bind.notemplate.rgba32f.unroll.nonvolatile.storage_texel_buffer.fmt_qual.null_descriptor.samples_1.1d.vert	Pass	Pass
dEQP-VK.robustness.robustness2.bind.notemplate.rgba32f.unroll.nonvolatile.storage_texel_buffer.no_fmt_qual.len_16.samples_1.1d.comp	Fail	Fail
dEQP-VK.robustness.robustness2.bind.notemplate.rgba32f.unroll.nonvolatile.storage_texel_buffer.no_fmt_qual.len_16.samples_1.1d.comp_compute	NotSupported	Exclusive compute queue not supported. at vktRobustnessExtsTests.cpp:737
dEQP-VK.robustness.robustness2.bind.notemplate.rgba32f.unroll.nonvolatile.storage_texel_buffer.no_fmt_qual.len_16.samples_1.1d.frag	Fail	Fail
dEQP-VK.robustness.robustness2.bind.notemplate.rgba32f.unroll.nonvolatile.storage_texel_buffer.no_fmt_qual.len_16.samples_1.1d.rgen	NotSupported	VK_KHR_ray_tracing_pipeline is not supported at vktTestCase.cpp:1394
dEQP-VK.robustness.robustness2.bind.notemplate.rgba32f.unroll.nonvolatile.storage_texel_buffer.no_fmt_qual.len_16.samples_1.1d.rgen_compute	NotSupported	VK_KHR_ray_tracing_pipeline is not supported at vktTestCase.cpp:1394
dEQP-VK.robustness.robustness2.bind.notemplate.rgba32f.unroll.nonvolatile.storage_texel_buffer.no_fmt_qual.len_16.samples_1.1d.vert	Fail	Fail
dEQP-VK.robustness.robustness2.bind.notemplate.rgba32f.unroll.nonvolatile.storage_texel_buffer.no_fmt_qual.len_256.samples_1.1d.comp	Fail	Fail
dEQP-VK.robustness.robustness2.bind.notemplate.rgba32f.unroll.nonvolatile.storage_texel_buffer.no_fmt_qual.len_256.samples_1.1d.comp_compute	NotSupported	Exclusive compute queue not supported. at vktRobustnessExtsTests.cpp:737
dEQP-VK.robustness.robustness2.bind.notemplate.rgba32f.unroll.nonvolatile.storage_texel_buffer.no_fmt_qual.len_256.samples_1.1d.frag	Fail	Fail
dEQP-VK.robustness.robustness2.bind.notemplate.rgba32f.unroll.nonvolatile.storage_texel_buffer.no_fmt_qual.len_256.samples_1.1d.rgen	NotSupported	VK_KHR_ray_tracing_pipeline is not supported at vktTestCase.cpp:1394
dEQP-VK.robustness.robustness2.bind.notemplate.rgba32f.unroll.nonvolatile.storage_texel_buffer.no_fmt_qual.len_256.samples_1.1d.rgen_compute	NotSupported	VK_KHR_ray_tracing_pipeline is not supported at vktTestCase.cpp:1394
dEQP-VK.robustness.robustness2.bind.notemplate.rgba32f.unroll.nonvolatile.storage_texel_buffer.no_fmt_qual.len_256.samples_1.1d.vert	Fail	Fail
dEQP-VK.robustness.robustness2.bind.notemplate.rgba32f.unroll.nonvolatile.storage_texel_buffer.no_fmt_qual.len_32.samples_1.1d.comp	Fail	Fail
dEQP-VK.robustness.robustness2.bind.notemplate.rgba32f.unroll.nonvolatile.storage_texel_buffer.no_fmt_qual.len_32.samples_1.1d.comp_compute	NotSupported	Exclusive compute queue not supported. at vktRobustnessExtsTests.cpp:737
dEQP-VK.robustness.robustness2.bind.notemplate.rgba32f.unroll.nonvolatile.storage_texel_buffer.no_fmt_qual.len_32.samples_1.1d.frag	Fail	Fail
dEQP-VK.robustness.robustness2.bind.notemplate.rgba32f.unroll.nonvolatile.storage_texel_buffer.no_fmt_qual.len_32.samples_1.1d.rgen	NotSupported	VK_KHR_ray_tracing_pipeline is not supported at vktTestCase.cpp:1394
dEQP-VK.robustness.robustness2.bind.notemplate.rgba32f.unroll.nonvolatile.storage_texel_buffer.no_fmt_qual.len_32.samples_1.1d.rgen_compute	NotSupported	VK_KHR_ray_tracing_pipeline is not supported at vktTestCase.cpp:1394
dEQP-VK.robustness.robustness2.bind.notemplate.rgba32f.unroll.nonvolatile.storage_texel_buffer.no_fmt_qual.len_32.samples_1.1d.vert	Fail	Fail
dEQP-VK.robustness.robustness2.bind.notemplate.rgba32f.unroll.nonvolatile.storage_texel_buffer.no_fmt_qual.null_descriptor.samples_1.1d.comp	Pass	Pass
dEQP-VK.robustness.robustness2.bind.notemplate.rgba32f.unroll.nonvolatile.storage_texel_buffer.no_fmt_qual.null_descriptor.samples_1.1d.comp_compute	NotSupported	Exclusive compute queue not supported. at vktRobustnessExtsTests.cpp:737
dEQP-VK.robustness.robustness2.bind.notemplate.rgba32f.unroll.nonvolatile.storage_texel_buffer.no_fmt_qual.null_descriptor.samples_1.1d.frag	Pass	Pass
dEQP-VK.robustness.robustness2.bind.notemplate.rgba32f.unroll.nonvolatile.storage_texel_buffer.no_fmt_qual.null_descriptor.samples_1.1d.rgen	NotSupported	VK_KHR_ray_tracing_pipeline is not supported at vktTestCase.cpp:1394
dEQP-VK.robustness.robustness2.bind.notemplate.rgba32f.unroll.nonvolatile.storage_texel_buffer.no_fmt_qual.null_descriptor.samples_1.1d.rgen_compute	NotSupported	VK_KHR_ray_tracing_pipeline is not supported at vktTestCase.cpp:1394
dEQP-VK.robustness.robustness2.bind.notemplate.rgba32f.unroll.nonvolatile.storage_texel_buffer.no_fmt_qual.null_descriptor.samples_1.1d.vert	Pass	Pass
dEQP-VK.robustness.robustness2.bind.notemplate.rgba32f.unroll.nonvolatile.uniform_buffer.no_fmt_qual.len_12.samples_1.1d.rgen	NotSupported	VK_KHR_ray_tracing_pipeline is not supported at vktTestCase.cpp:1394
dEQP-VK.robustness.robustness2.bind.notemplate.rgba32f.unroll.nonvolatile.uniform_buffer.no_fmt_qual.len_16.samples_1.1d.comp_compute	NotSupported	Exclusive compute queue not supported. at vktRobustnessExtsTests.cpp:737
dEQP-VK.robustness.robustness2.bind.notemplate.rgba32f.unroll.nonvolatile.uniform_buffer.no_fmt_qual.len_16.samples_1.1d.vert	Pass	Pass
dEQP-VK.robustness.robustness2.bind.notemplate.rgba32f.unroll.nonvolatile.uniform_buffer.no_fmt_qual.len_20.samples_1.1d.rgen	NotSupported	VK_KHR_ray_tracing_pipeline is not supported at vktTestCase.cpp:1394
dEQP-VK.robustness.robustness2.bind.notemplate.rgba32f.unroll.nonvolatile.uniform_buffer.no_fmt_qual.len_252.samples_1.1d.comp_compute	NotSupported	Exclusive compute queue not supported. at vktRobustnessExtsTests.cpp:737
dEQP-VK.robustness.robustness2.bind.notemplate.rgba32f.unroll.nonvolatile.uniform_buffer.no_fmt_qual.len_252.samples_1.1d.vert	Pass	Pass
dEQP-VK.robustness.robustness2.bind.notemplate.rgba32f.unroll.nonvolatile.uniform_buffer.no_fmt_qual.len_256.samples_1.1d.rgen	NotSupported	VK_KHR_ray_tracing_pipeline is not supported at vktTestCase.cpp:1394
dEQP-VK.robustness.robustness2.bind.notemplate.rgba32f.unroll.nonvolatile.uniform_buffer.no_fmt_qual.len_260.samples_1.1d.comp_compute	NotSupported	Exclusive compute queue not supported. at vktRobustnessExtsTests.cpp:737
dEQP-VK.robustness.robustness2.bind.notemplate.rgba32f.unroll.nonvolatile.uniform_buffer.no_fmt_qual.len_260.samples_1.1d.vert	Pass	Pass
dEQP-VK.robustness.robustness2.bind.notemplate.rgba32f.unroll.nonvolatile.uniform_buffer.no_fmt_qual.len_31.samples_1.1d.rgen	NotSupported	VK_KHR_ray_tracing_pipeline is not supported at vktTestCase.cpp:1394
dEQP-VK.robustness.robustness2.bind.notemplate.rgba32f.unroll.nonvolatile.uniform_buffer.no_fmt_qual.len_32.samples_1.1d.comp_compute	NotSupported	Exclusive compute queue not supported. at vktRobustnessExtsTests.cpp:737
dEQP-VK.robustness.robustness2.bind.notemplate.rgba32f.unroll.nonvolatile.uniform_buffer.no_fmt_qual.len_32.samples_1.1d.vert	Pass	Pass
dEQP-VK.robustness.robustness2.bind.notemplate.rgba32f.unroll.nonvolatile.uniform_buffer.no_fmt_qual.len_33.samples_1.1d.rgen	NotSupported	VK_KHR_ray_tracing_pipeline is not supported at vktTestCase.cpp:1394
dEQP-VK.robustness.robustness2.bind.notemplate.rgba32f.unroll.nonvolatile.uniform_buffer.no_fmt_qual.len_35.samples_1.1d.comp_compute	NotSupported	Exclusive compute queue not supported. at vktRobustnessExtsTests.cpp:737
dEQP-VK.robustness.robustness2.bind.notemplate.rgba32f.unroll.nonvolatile.uniform_buffer.no_fmt_qual.len_35.samples_1.1d.vert	Pass	Pass
dEQP-VK.robustness.robustness2.bind.notemplate.rgba32f.unroll.nonvolatile.uniform_buffer.no_fmt_qual.len_36.samples_1.1d.rgen	NotSupported	VK_KHR_ray_tracing_pipeline is not supported at vktTestCase.cpp:1394
dEQP-VK.robustness.robustness2.bind.notemplate.rgba32f.unroll.nonvolatile.uniform_buffer.no_fmt_qual.len_39.samples_1.1d.comp_compute	NotSupported	Exclusive compute queue not supported. at vktRobustnessExtsTests.cpp:737
dEQP-VK.robustness.robustness2.bind.notemplate.rgba32f.unroll.nonvolatile.uniform_buffer.no_fmt_qual.len_39.samples_1.1d.vert	Pass	Pass
dEQP-VK.robustness.robustness2.bind.notemplate.rgba32f.unroll.nonvolatile.uniform_buffer.no_fmt_qual.len_4.samples_1.1d.rgen	NotSupported	VK_KHR_ray_tracing_pipeline is not supported at vktTestCase.cpp:1394
dEQP-VK.robustness.robustness2.bind.notemplate.rgba32f.unroll.nonvolatile.uniform_buffer.no_fmt_qual.len_41.samples_1.1d.comp_compute	NotSupported	Exclusive compute queue not supported. at vktRobustnessExtsTests.cpp:737
dEQP-VK.robustness.robustness2.bind.notemplate.rgba32f.unroll.nonvolatile.uniform_buffer.no_fmt_qual.len_41.samples_1.1d.vert	Pass	Pass
dEQP-VK.robustness.robustness2.bind.notemplate.rgba32f.unroll.nonvolatile.uniform_buffer.no_fmt_qual.len_8.samples_1.1d.rgen	NotSupported	VK_KHR_ray_tracing_pipeline is not supported at vktTestCase.cpp:1394
dEQP-VK.robustness.robustness2.bind.notemplate.rgba32f.unroll.nonvolatile.uniform_buffer.no_fmt_qual.null_descriptor.samples_1.1d.comp_compute	NotSupported	Exclusive compute queue not supported. at vktRobustnessExtsTests.cpp:737
dEQP-VK.robustness.robustness2.bind.notemplate.rgba32f.unroll.nonvolatile.uniform_buffer.no_fmt_qual.null_descriptor.samples_1.1d.vert	Pass	Pass
dEQP-VK.robustness.robustness2.bind.notemplate.rgba32f.unroll.nonvolatile.uniform_buffer_dynamic.no_fmt_qual.len_12.samples_1.1d.rgen	NotSupported	VK_KHR_ray_tracing_pipeline is not supported at vktTestCase.cpp:1394
dEQP-VK.robustness.robustness2.bind.notemplate.rgba32f.unroll.nonvolatile.uniform_buffer_dynamic.no_fmt_qual.len_16.samples_1.1d.comp_compute	NotSupported	Exclusive compute queue not supported. at vktRobustnessExtsTests.cpp:737
dEQP-VK.robustness.robustness2.bind.notemplate.rgba32f.unroll.nonvolatile.uniform_buffer_dynamic.no_fmt_qual.len_16.samples_1.1d.vert	Pass	Pass
dEQP-VK.robustness.robustness2.bind.notemplate.rgba32f.unroll.nonvolatile.uniform_buffer_dynamic.no_fmt_qual.len_20.samples_1.1d.rgen	NotSupported	VK_KHR_ray_tracing_pipeline is not supported at vktTestCase.cpp:1394
dEQP-VK.robustness.robustness2.bind.notemplate.rgba32f.unroll.nonvolatile.uniform_buffer_dynamic.no_fmt_qual.len_252.samples_1.1d.comp_compute	NotSupported	Exclusive compute queue not supported. at vktRobustnessExtsTests.cpp:737
dEQP-VK.robustness.robustness2.bind.notemplate.rgba32f.unroll.nonvolatile.uniform_buffer_dynamic.no_fmt_qual.len_252.samples_1.1d.vert	Pass	Pass
dEQP-VK.robustness.robustness2.bind.notemplate.rgba32f.unroll.nonvolatile.uniform_buffer_dynamic.no_fmt_qual.len_256.samples_1.1d.rgen	NotSupported	VK_KHR_ray_tracing_pipeline is not supported at vktTestCase.cpp:1394
dEQP-VK.robustness.robustness2.bind.notemplate.rgba32f.unroll.nonvolatile.uniform_buffer_dynamic.no_fmt_qual.len_260.samples_1.1d.comp_compute	NotSupported	Exclusive compute queue not supported. at vktRobustnessExtsTests.cpp:737
dEQP-VK.robustness.robustness2.bind.notemplate.rgba32f.unroll.nonvolatile.uniform_buffer_dynamic.no_fmt_qual.len_260.samples_1.1d.vert	Pass	Pass
dEQP-VK.robustness.robustness2.bind.notemplate.rgba32f.unroll.nonvolatile.uniform_buffer_dynamic.no_fmt_qual.len_31.samples_1.1d.rgen	NotSupported	VK_KHR_ray_tracing_pipeline is not supported at vktTestCase.cpp:1394
dEQP-VK.robustness.robustness2.bind.notemplate.rgba32f.unroll.nonvolatile.uniform_buffer_dynamic.no_fmt_qual.len_32.samples_1.1d.comp_compute	NotSupported	Exclusive compute queue not supported. at vktRobustnessExtsTests.cpp:737
dEQP-VK.robustness.robustness2.bind.notemplate.rgba32f.unroll.nonvolatile.uniform_buffer_dynamic.no_fmt_qual.len_32.samples_1.1d.vert	Pass	Pass
dEQP-VK.robustness.robustness2.bind.notemplate.rgba32f.unroll.nonvolatile.uniform_buffer_dynamic.no_fmt_qual.len_33.samples_1.1d.rgen	NotSupported	VK_KHR_ray_tracing_pipeline is not supported at vktTestCase.cpp:1394
dEQP-VK.robustness.robustness2.bind.notemplate.rgba32f.unroll.nonvolatile.uniform_buffer_dynamic.no_fmt_qual.len_35.samples_1.1d.comp_compute	NotSupported	Exclusive compute queue not supported. at vktRobustnessExtsTests.cpp:737
dEQP-VK.robustness.robustness2.bind.notemplate.rgba32f.unroll.nonvolatile.uniform_buffer_dynamic.no_fmt_qual.len_35.samples_1.1d.vert	Pass	Pass
dEQP-VK.robustness.robustness2.bind.notemplate.rgba32f.unroll.nonvolatile.uniform_buffer_dynamic.no_fmt_qual.len_36.samples_1.1d.rgen	NotSupported	VK_KHR_ray_tracing_pipeline is not supported at vktTestCase.cpp:1394
dEQP-VK.robustness.robustness2.bind.notemplate.rgba32f.unroll.nonvolatile.uniform_buffer_dynamic.no_fmt_qual.len_39.samples_1.1d.comp_compute	NotSupported	Exclusive compute queue not supported. at vktRobustnessExtsTests.cpp:737
dEQP-VK.robustness.robustness2.bind.notemplate.rgba32f.unroll.nonvolatile.uniform_buffer_dynamic.no_fmt_qual.len_39.samples_1.1d.vert	Pass	Pass
dEQP-VK.robustness.robustness2.bind.notemplate.rgba32f.unroll.nonvolatile.uniform_buffer_dynamic.no_fmt_qual.len_4.samples_1.1d.rgen	NotSupported	VK_KHR_ray_tracing_pipeline is not supported at vktTestCase.cpp:1394
dEQP-VK.robustness.robustness2.bind.notemplate.rgba32f.unroll.nonvolatile.uniform_buffer_dynamic.no_fmt_qual.len_41.samples_1.1d.comp_compute	NotSupported	Exclusive compute queue not supported. at vktRobustnessExtsTests.cpp:737
dEQP-VK.robustness.robustness2.bind.notemplate.rgba32f.unroll.nonvolatile.uniform_buffer_dynamic.no_fmt_qual.len_41.samples_1.1d.vert	Pass	Pass
dEQP-VK.robustness.robustness2.bind.notemplate.rgba32f.unroll.nonvolatile.uniform_buffer_dynamic.no_fmt_qual.len_8.samples_1.1d.rgen	NotSupported	VK_KHR_ray_tracing_pipeline is not supported at vktTestCase.cpp:1394
dEQP-VK.robustness.robustness2.bind.notemplate.rgba32f.unroll.nonvolatile.uniform_buffer_dynamic.no_fmt_qual.null_descriptor.samples_1.1d.comp_compute	NotSupported	Exclusive compute queue not supported. at vktRobustnessExtsTests.cpp:737
dEQP-VK.robustness.robustness2.bind.notemplate.rgba32f.unroll.nonvolatile.uniform_buffer_dynamic.no_fmt_qual.null_descriptor.samples_1.1d.vert	Pass	Pass
dEQP-VK.robustness.robustness2.bind.notemplate.rgba32f.unroll.nonvolatile.uniform_texel_buffer.no_fmt_qual.len_16.samples_1.1d.comp	Fail	Fail
dEQP-VK.robustness.robustness2.bind.notemplate.rgba32f.unroll.nonvolatile.uniform_texel_buffer.no_fmt_qual.len_16.samples_1.1d.comp_compute	NotSupported	Exclusive compute queue not supported. at vktRobustnessExtsTests.cpp:737
dEQP-VK.robustness.robustness2.bind.notemplate.rgba32f.unroll.nonvolatile.uniform_texel_buffer.no_fmt_qual.len_16.samples_1.1d.frag	Fail	Fail
dEQP-VK.robustness.robustness2.bind.notemplate.rgba32f.unroll.nonvolatile.uniform_texel_buffer.no_fmt_qual.len_16.samples_1.1d.rgen	NotSupported	VK_KHR_ray_tracing_pipeline is not supported at vktTestCase.cpp:1394
dEQP-VK.robustness.robustness2.bind.notemplate.rgba32f.unroll.nonvolatile.uniform_texel_buffer.no_fmt_qual.len_16.samples_1.1d.rgen_compute	NotSupported	VK_KHR_ray_tracing_pipeline is not supported at vktTestCase.cpp:1394
dEQP-VK.robustness.robustness2.bind.notemplate.rgba32f.unroll.nonvolatile.uniform_texel_buffer.no_fmt_qual.len_16.samples_1.1d.vert	Fail	Fail
dEQP-VK.robustness.robustness2.bind.notemplate.rgba32f.unroll.nonvolatile.uniform_texel_buffer.no_fmt_qual.len_256.samples_1.1d.comp	Fail	Fail
dEQP-VK.robustness.robustness2.bind.notemplate.rgba32f.unroll.nonvolatile.uniform_texel_buffer.no_fmt_qual.len_256.samples_1.1d.comp_compute	NotSupported	Exclusive compute queue not supported. at vktRobustnessExtsTests.cpp:737
dEQP-VK.robustness.robustness2.bind.notemplate.rgba32f.unroll.nonvolatile.uniform_texel_buffer.no_fmt_qual.len_256.samples_1.1d.frag	Fail	Fail
dEQP-VK.robustness.robustness2.bind.notemplate.rgba32f.unroll.nonvolatile.uniform_texel_buffer.no_fmt_qual.len_256.samples_1.1d.rgen	NotSupported	VK_KHR_ray_tracing_pipeline is not supported at vktTestCase.cpp:1394
dEQP-VK.robustness.robustness2.bind.notemplate.rgba32f.unroll.nonvolatile.uniform_texel_buffer.no_fmt_qual.len_256.samples_1.1d.rgen_compute	NotSupported	VK_KHR_ray_tracing_pipeline is not supported at vktTestCase.cpp:1394
dEQP-VK.robustness.robustness2.bind.notemplate.rgba32f.unroll.nonvolatile.uniform_texel_buffer.no_fmt_qual.len_256.samples_1.1d.vert	Fail	Fail
dEQP-VK.robustness.robustness2.bind.notemplate.rgba32f.unroll.nonvolatile.uniform_texel_buffer.no_fmt_qual.len_32.samples_1.1d.comp	Fail	Fail
dEQP-VK.robustness.robustness2.bind.notemplate.rgba32f.unroll.nonvolatile.uniform_texel_buffer.no_fmt_qual.len_32.samples_1.1d.comp_compute	NotSupported	Exclusive compute queue not supported. at vktRobustnessExtsTests.cpp:737
dEQP-VK.robustness.robustness2.bind.notemplate.rgba32f.unroll.nonvolatile.uniform_texel_buffer.no_fmt_qual.len_32.samples_1.1d.frag	Fail	Fail
dEQP-VK.robustness.robustness2.bind.notemplate.rgba32f.unroll.nonvolatile.uniform_texel_buffer.no_fmt_qual.len_32.samples_1.1d.rgen	NotSupported	VK_KHR_ray_tracing_pipeline is not supported at vktTestCase.cpp:1394
dEQP-VK.robustness.robustness2.bind.notemplate.rgba32f.unroll.nonvolatile.uniform_texel_buffer.no_fmt_qual.len_32.samples_1.1d.rgen_compute	NotSupported	VK_KHR_ray_tracing_pipeline is not supported at vktTestCase.cpp:1394
dEQP-VK.robustness.robustness2.bind.notemplate.rgba32f.unroll.nonvolatile.uniform_texel_buffer.no_fmt_qual.len_32.samples_1.1d.vert	Fail	Fail
dEQP-VK.robustness.robustness2.bind.notemplate.rgba32f.unroll.nonvolatile.uniform_texel_buffer.no_fmt_qual.null_descriptor.samples_1.1d.comp	Pass	Pass
dEQP-VK.robustness.robustness2.bind.notemplate.rgba32f.unroll.nonvolatile.uniform_texel_buffer.no_fmt_qual.null_descriptor.samples_1.1d.comp_compute	NotSupported	Exclusive compute queue not supported. at vktRobustnessExtsTests.cpp:737
dEQP-VK.robustness.robustness2.bind.notemplate.rgba32f.unroll.nonvolatile.uniform_texel_buffer.no_fmt_qual.null_descriptor.samples_1.1d.frag	Pass	Pass
dEQP-VK.robustness.robustness2.bind.notemplate.rgba32f.unroll.nonvolatile.uniform_texel_buffer.no_fmt_qual.null_descriptor.samples_1.1d.rgen	NotSupported	VK_KHR_ray_tracing_pipeline is not supported at vktTestCase.cpp:1394
dEQP-VK.robustness.robustness2.bind.notemplate.rgba32f.unroll.nonvolatile.uniform_texel_buffer.no_fmt_qual.null_descriptor.samples_1.1d.rgen_compute	NotSupported	VK_KHR_ray_tracing_pipeline is not supported at vktTestCase.cpp:1394
dEQP-VK.robustness.robustness2.bind.notemplate.rgba32f.unroll.nonvolatile.uniform_texel_buffer.no_fmt_qual.null_descriptor.samples_1.1d.vert	Pass	Pass
dEQP-VK.robustness.robustness2.bind.notemplate.rgba32f.unroll.nonvolatile.vertex_attribute_fetch.no_fmt_qual.len_252.samples_1.1d.vert	Fail	Fail
dEQP-VK.robustness.robustness2.bind.notemplate.rgba32f.unroll.nonvolatile.vertex_attribute_fetch.no_fmt_qual.len_32.samples_1.1d.vert	Fail	Fail
dEQP-VK.robustness.robustness2.bind.notemplate.rgba32f.unroll.nonvolatile.vertex_attribute_fetch.no_fmt_qual.len_39.samples_1.1d.vert	Fail	Fail
dEQP-VK.robustness.robustness2.bind.notemplate.rgba32f.unroll.nonvolatile.vertex_attribute_fetch.no_fmt_qual.null_descriptor.samples_1.1d.vert	Fail	Fail
dEQP-VK.robustness.robustness2.bind.notemplate.rgba32ui.unroll.nonvolatile.sampled_image.no_fmt_qual.img.samples_1.1d.rgen	NotSupported	VK_KHR_ray_tracing_pipeline is not supported at vktTestCase.cpp:1394
dEQP-VK.robustness.robustness2.bind.notemplate.rgba32ui.unroll.nonvolatile.sampled_image.no_fmt_qual.img.samples_1.1d_array.comp_compute	NotSupported	robustImageAccess2 not supported at vktRobustnessExtsTests.cpp:665
dEQP-VK.robustness.robustness2.bind.notemplate.rgba32ui.unroll.nonvolatile.sampled_image.no_fmt_qual.img.samples_1.1d_array.vert	NotSupported	robustImageAccess2 not supported at vktRobustnessExtsTests.cpp:665
dEQP-VK.robustness.robustness2.bind.notemplate.rgba32ui.unroll.nonvolatile.sampled_image.no_fmt_qual.img.samples_1.2d.rgen	NotSupported	VK_KHR_ray_tracing_pipeline is not supported at vktTestCase.cpp:1394
dEQP-VK.robustness.robustness2.bind.notemplate.rgba32ui.unroll.nonvolatile.sampled_image.no_fmt_qual.img.samples_1.2d_array.comp_compute	NotSupported	robustImageAccess2 not supported at vktRobustnessExtsTests.cpp:665
dEQP-VK.robustness.robustness2.bind.notemplate.rgba32ui.unroll.nonvolatile.sampled_image.no_fmt_qual.img.samples_1.2d_array.vert	NotSupported	robustImageAccess2 not supported at vktRobustnessExtsTests.cpp:665
dEQP-VK.robustness.robustness2.bind.notemplate.rgba32ui.unroll.nonvolatile.sampled_image.no_fmt_qual.img.samples_1.3d.rgen	NotSupported	VK_KHR_ray_tracing_pipeline is not supported at vktTestCase.cpp:1394
dEQP-VK.robustness.robustness2.bind.notemplate.rgba32ui.unroll.nonvolatile.sampled_image.no_fmt_qual.img.samples_1.cube.comp_compute	NotSupported	robustImageAccess2 not supported at vktRobustnessExtsTests.cpp:665
dEQP-VK.robustness.robustness2.bind.notemplate.rgba32ui.unroll.nonvolatile.sampled_image.no_fmt_qual.img.samples_1.cube.vert	NotSupported	robustImageAccess2 not supported at vktRobustnessExtsTests.cpp:665
dEQP-VK.robustness.robustness2.bind.notemplate.rgba32ui.unroll.nonvolatile.sampled_image.no_fmt_qual.img.samples_1.cube_array.rgen	NotSupported	VK_KHR_ray_tracing_pipeline is not supported at vktTestCase.cpp:1394
dEQP-VK.robustness.robustness2.bind.notemplate.rgba32ui.unroll.nonvolatile.sampled_image.no_fmt_qual.img.samples_4.2d.comp_compute	NotSupported	robustImageAccess2 not supported at vktRobustnessExtsTests.cpp:665
dEQP-VK.robustness.robustness2.bind.notemplate.rgba32ui.unroll.nonvolatile.sampled_image.no_fmt_qual.img.samples_4.2d.vert	NotSupported	robustImageAccess2 not supported at vktRobustnessExtsTests.cpp:665
dEQP-VK.robustness.robustness2.bind.notemplate.rgba32ui.unroll.nonvolatile.sampled_image.no_fmt_qual.img.samples_4.2d_array.rgen	NotSupported	VK_KHR_ray_tracing_pipeline is not supported at vktTestCase.cpp:1394
dEQP-VK.robustness.robustness2.bind.notemplate.rgba32ui.unroll.nonvolatile.sampled_image.no_fmt_qual.null_descriptor.samples_1.1d.comp_compute	NotSupported	Exclusive compute queue not supported. at vktRobustnessExtsTests.cpp:737
dEQP-VK.robustness.robustness2.bind.notemplate.rgba32ui.unroll.nonvolatile.sampled_image.no_fmt_qual.null_descriptor.samples_1.1d.vert	Fail	Fail
dEQP-VK.robustness.robustness2.bind.notemplate.rgba32ui.unroll.nonvolatile.sampled_image.no_fmt_qual.null_descriptor.samples_1.1d_array.rgen	NotSupported	VK_KHR_ray_tracing_pipeline is not supported at vktTestCase.cpp:1394
dEQP-VK.robustness.robustness2.bind.notemplate.rgba32ui.unroll.nonvolatile.sampled_image.no_fmt_qual.null_descriptor.samples_1.2d.comp_compute	NotSupported	Exclusive compute queue not supported. at vktRobustnessExtsTests.cpp:737
dEQP-VK.robustness.robustness2.bind.notemplate.rgba32ui.unroll.nonvolatile.sampled_image.no_fmt_qual.null_descriptor.samples_1.2d.vert	Fail	Fail
dEQP-VK.robustness.robustness2.bind.notemplate.rgba32ui.unroll.nonvolatile.sampled_image.no_fmt_qual.null_descriptor.samples_1.2d_array.rgen	NotSupported	VK_KHR_ray_tracing_pipeline is not supported at vktTestCase.cpp:1394
dEQP-VK.robustness.robustness2.bind.notemplate.rgba32ui.unroll.nonvolatile.sampled_image.no_fmt_qual.null_descriptor.samples_1.3d.comp_compute	NotSupported	Exclusive compute queue not supported. at vktRobustnessExtsTests.cpp:737
dEQP-VK.robustness.robustness2.bind.notemplate.rgba32ui.unroll.nonvolatile.sampled_image.no_fmt_qual.null_descriptor.samples_1.3d.vert	Fail	Fail
dEQP-VK.robustness.robustness2.bind.notemplate.rgba32ui.unroll.nonvolatile.sampled_image.no_fmt_qual.null_descriptor.samples_1.cube.rgen	NotSupported	VK_KHR_ray_tracing_pipeline is not supported at vktTestCase.cpp:1394
dEQP-VK.robustness.robustness2.bind.notemplate.rgba32ui.unroll.nonvolatile.sampled_image.no_fmt_qual.null_descriptor.samples_1.cube_array.comp_compute	NotSupported	Exclusive compute queue not supported. at vktRobustnessExtsTests.cpp:737
dEQP-VK.robustness.robustness2.bind.notemplate.rgba32ui.unroll.nonvolatile.sampled_image.no_fmt_qual.null_descriptor.samples_1.cube_array.vert	Fail	Fail
dEQP-VK.robustness.robustness2.bind.notemplate.rgba32ui.unroll.nonvolatile.sampled_image.no_fmt_qual.null_descriptor.samples_4.2d.rgen	NotSupported	VK_KHR_ray_tracing_pipeline is not supported at vktTestCase.cpp:1394
dEQP-VK.robustness.robustness2.bind.notemplate.rgba32ui.unroll.nonvolatile.sampled_image.no_fmt_qual.null_descriptor.samples_4.2d_array.comp_compute	NotSupported	Exclusive compute queue not supported. at vktRobustnessExtsTests.cpp:737
dEQP-VK.robustness.robustness2.bind.notemplate.rgba32ui.unroll.nonvolatile.sampled_image.no_fmt_qual.null_descriptor.samples_4.2d_array.vert	Fail	Fail
dEQP-VK.robustness.robustness2.bind.notemplate.rgba32ui.unroll.nonvolatile.storage_buffer.readonly.no_fmt_qual.len_12.samples_1.1d.rgen	NotSupported	VK_KHR_ray_tracing_pipeline is not supported at vktTestCase.cpp:1394
dEQP-VK.robustness.robustness2.bind.notemplate.rgba32ui.unroll.nonvolatile.storage_buffer.readonly.no_fmt_qual.len_16.samples_1.1d.comp_compute	NotSupported	Exclusive compute queue not supported. at vktRobustnessExtsTests.cpp:737
dEQP-VK.robustness.robustness2.bind.notemplate.rgba32ui.unroll.nonvolatile.storage_buffer.readonly.no_fmt_qual.len_16.samples_1.1d.vert	Pass	Pass
dEQP-VK.robustness.robustness2.bind.notemplate.rgba32ui.unroll.nonvolatile.storage_buffer.readonly.no_fmt_qual.len_20.samples_1.1d.rgen	NotSupported	VK_KHR_ray_tracing_pipeline is not supported at vktTestCase.cpp:1394
dEQP-VK.robustness.robustness2.bind.notemplate.rgba32ui.unroll.nonvolatile.storage_buffer.readonly.no_fmt_qual.len_252.samples_1.1d.comp_compute	NotSupported	Exclusive compute queue not supported. at vktRobustnessExtsTests.cpp:737
dEQP-VK.robustness.robustness2.bind.notemplate.rgba32ui.unroll.nonvolatile.storage_buffer.readonly.no_fmt_qual.len_252.samples_1.1d.vert	Pass	Pass
dEQP-VK.robustness.robustness2.bind.notemplate.rgba32ui.unroll.nonvolatile.storage_buffer.readonly.no_fmt_qual.len_256.samples_1.1d.rgen	NotSupported	VK_KHR_ray_tracing_pipeline is not supported at vktTestCase.cpp:1394
dEQP-VK.robustness.robustness2.bind.notemplate.rgba32ui.unroll.nonvolatile.storage_buffer.readonly.no_fmt_qual.len_260.samples_1.1d.comp_compute	NotSupported	Exclusive compute queue not supported. at vktRobustnessExtsTests.cpp:737
dEQP-VK.robustness.robustness2.bind.notemplate.rgba32ui.unroll.nonvolatile.storage_buffer.readonly.no_fmt_qual.len_260.samples_1.1d.vert	Pass	Pass
dEQP-VK.robustness.robustness2.bind.notemplate.rgba32ui.unroll.nonvolatile.storage_buffer.readonly.no_fmt_qual.len_31.samples_1.1d.rgen	NotSupported	VK_KHR_ray_tracing_pipeline is not supported at vktTestCase.cpp:1394
dEQP-VK.robustness.robustness2.bind.notemplate.rgba32ui.unroll.nonvolatile.storage_buffer.readonly.no_fmt_qual.len_32.samples_1.1d.comp_compute	NotSupported	Exclusive compute queue not supported. at vktRobustnessExtsTests.cpp:737
dEQP-VK.robustness.robustness2.bind.notemplate.rgba32ui.unroll.nonvolatile.storage_buffer.readonly.no_fmt_qual.len_32.samples_1.1d.vert	Pass	Pass
dEQP-VK.robustness.robustness2.bind.notemplate.rgba32ui.unroll.nonvolatile.storage_buffer.readonly.no_fmt_qual.len_33.samples_1.1d.rgen	NotSupported	VK_KHR_ray_tracing_pipeline is not supported at vktTestCase.cpp:1394
dEQP-VK.robustness.robustness2.bind.notemplate.rgba32ui.unroll.nonvolatile.storage_buffer.readonly.no_fmt_qual.len_35.samples_1.1d.comp_compute	NotSupported	Exclusive compute queue not supported. at vktRobustnessExtsTests.cpp:737
dEQP-VK.robustness.robustness2.bind.notemplate.rgba32ui.unroll.nonvolatile.storage_buffer.readonly.no_fmt_qual.len_35.samples_1.1d.vert	Pass	Pass
dEQP-VK.robustness.robustness2.bind.notemplate.rgba32ui.unroll.nonvolatile.storage_buffer.readonly.no_fmt_qual.len_36.samples_1.1d.rgen	NotSupported	VK_KHR_ray_tracing_pipeline is not supported at vktTestCase.cpp:1394
dEQP-VK.robustness.robustness2.bind.notemplate.rgba32ui.unroll.nonvolatile.storage_buffer.readonly.no_fmt_qual.len_39.samples_1.1d.comp_compute	NotSupported	Exclusive compute queue not supported. at vktRobustnessExtsTests.cpp:737
dEQP-VK.robustness.robustness2.bind.notemplate.rgba32ui.unroll.nonvolatile.storage_buffer.readonly.no_fmt_qual.len_39.samples_1.1d.vert	Pass	Pass
dEQP-VK.robustness.robustness2.bind.notemplate.rgba32ui.unroll.nonvolatile.storage_buffer.readonly.no_fmt_qual.len_4.samples_1.1d.rgen	NotSupported	VK_KHR_ray_tracing_pipeline is not supported at vktTestCase.cpp:1394
dEQP-VK.robustness.robustness2.bind.notemplate.rgba32ui.unroll.nonvolatile.storage_buffer.readonly.no_fmt_qual.len_41.samples_1.1d.comp_compute	NotSupported	Exclusive compute queue not supported. at vktRobustnessExtsTests.cpp:737
dEQP-VK.robustness.robustness2.bind.notemplate.rgba32ui.unroll.nonvolatile.storage_buffer.readonly.no_fmt_qual.len_41.samples_1.1d.vert	Pass	Pass
dEQP-VK.robustness.robustness2.bind.notemplate.rgba32ui.unroll.nonvolatile.storage_buffer.readonly.no_fmt_qual.len_8.samples_1.1d.rgen	NotSupported	VK_KHR_ray_tracing_pipeline is not supported at vktTestCase.cpp:1394
dEQP-VK.robustness.robustness2.bind.notemplate.rgba32ui.unroll.nonvolatile.storage_buffer.readonly.no_fmt_qual.null_descriptor.samples_1.1d.comp_compute	NotSupported	Exclusive compute queue not supported. at vktRobustnessExtsTests.cpp:737
dEQP-VK.robustness.robustness2.bind.notemplate.rgba32ui.unroll.nonvolatile.storage_buffer.readonly.no_fmt_qual.null_descriptor.samples_1.1d.vert	Pass	Pass
dEQP-VK.robustness.robustness2.bind.notemplate.rgba32ui.unroll.nonvolatile.storage_buffer.readwrite.no_fmt_qual.len_12.samples_1.1d.rgen	NotSupported	VK_KHR_ray_tracing_pipeline is not supported at vktTestCase.cpp:1394
dEQP-VK.robustness.robustness2.bind.notemplate.rgba32ui.unroll.nonvolatile.storage_buffer.readwrite.no_fmt_qual.len_16.samples_1.1d.comp_compute	NotSupported	Exclusive compute queue not supported. at vktRobustnessExtsTests.cpp:737
dEQP-VK.robustness.robustness2.bind.notemplate.rgba32ui.unroll.nonvolatile.storage_buffer.readwrite.no_fmt_qual.len_16.samples_1.1d.vert	Pass	Pass
dEQP-VK.robustness.robustness2.bind.notemplate.rgba32ui.unroll.nonvolatile.storage_buffer.readwrite.no_fmt_qual.len_20.samples_1.1d.rgen	NotSupported	VK_KHR_ray_tracing_pipeline is not supported at vktTestCase.cpp:1394
dEQP-VK.robustness.robustness2.bind.notemplate.rgba32ui.unroll.nonvolatile.storage_buffer.readwrite.no_fmt_qual.len_252.samples_1.1d.comp_compute	NotSupported	Exclusive compute queue not supported. at vktRobustnessExtsTests.cpp:737
dEQP-VK.robustness.robustness2.bind.notemplate.rgba32ui.unroll.nonvolatile.storage_buffer.readwrite.no_fmt_qual.len_252.samples_1.1d.vert	Pass	Pass
dEQP-VK.robustness.robustness2.bind.notemplate.rgba32ui.unroll.nonvolatile.storage_buffer.readwrite.no_fmt_qual.len_256.samples_1.1d.rgen	NotSupported	VK_KHR_ray_tracing_pipeline is not supported at vktTestCase.cpp:1394
dEQP-VK.robustness.robustness2.bind.notemplate.rgba32ui.unroll.nonvolatile.storage_buffer.readwrite.no_fmt_qual.len_260.samples_1.1d.comp_compute	NotSupported	Exclusive compute queue not supported. at vktRobustnessExtsTests.cpp:737
dEQP-VK.robustness.robustness2.bind.notemplate.rgba32ui.unroll.nonvolatile.storage_buffer.readwrite.no_fmt_qual.len_260.samples_1.1d.vert	Pass	Pass
dEQP-VK.robustness.robustness2.bind.notemplate.rgba32ui.unroll.nonvolatile.storage_buffer.readwrite.no_fmt_qual.len_31.samples_1.1d.rgen	NotSupported	VK_KHR_ray_tracing_pipeline is not supported at vktTestCase.cpp:1394
dEQP-VK.robustness.robustness2.bind.notemplate.rgba32ui.unroll.nonvolatile.storage_buffer.readwrite.no_fmt_qual.len_32.samples_1.1d.comp_compute	NotSupported	Exclusive compute queue not supported. at vktRobustnessExtsTests.cpp:737
dEQP-VK.robustness.robustness2.bind.notemplate.rgba32ui.unroll.nonvolatile.storage_buffer.readwrite.no_fmt_qual.len_32.samples_1.1d.vert	Pass	Pass
dEQP-VK.robustness.robustness2.bind.notemplate.rgba32ui.unroll.nonvolatile.storage_buffer.readwrite.no_fmt_qual.len_33.samples_1.1d.rgen	NotSupported	VK_KHR_ray_tracing_pipeline is not supported at vktTestCase.cpp:1394
dEQP-VK.robustness.robustness2.bind.notemplate.rgba32ui.unroll.nonvolatile.storage_buffer.readwrite.no_fmt_qual.len_35.samples_1.1d.comp_compute	NotSupported	Exclusive compute queue not supported. at vktRobustnessExtsTests.cpp:737
dEQP-VK.robustness.robustness2.bind.notemplate.rgba32ui.unroll.nonvolatile.storage_buffer.readwrite.no_fmt_qual.len_35.samples_1.1d.vert	Pass	Pass
dEQP-VK.robustness.robustness2.bind.notemplate.rgba32ui.unroll.nonvolatile.storage_buffer.readwrite.no_fmt_qual.len_36.samples_1.1d.rgen	NotSupported	VK_KHR_ray_tracing_pipeline is not supported at vktTestCase.cpp:1394
dEQP-VK.robustness.robustness2.bind.notemplate.rgba32ui.unroll.nonvolatile.storage_buffer.readwrite.no_fmt_qual.len_39.samples_1.1d.comp_compute	NotSupported	Exclusive compute queue not supported. at vktRobustnessExtsTests.cpp:737
dEQP-VK.robustness.robustness2.bind.notemplate.rgba32ui.unroll.nonvolatile.storage_buffer.readwrite.no_fmt_qual.len_39.samples_1.1d.vert	Pass	Pass
dEQP-VK.robustness.robustness2.bind.notemplate.rgba32ui.unroll.nonvolatile.storage_buffer.readwrite.no_fmt_qual.len_4.samples_1.1d.rgen	NotSupported	VK_KHR_ray_tracing_pipeline is not supported at vktTestCase.cpp:1394
dEQP-VK.robustness.robustness2.bind.notemplate.rgba32ui.unroll.nonvolatile.storage_buffer.readwrite.no_fmt_qual.len_41.samples_1.1d.comp_compute	NotSupported	Exclusive compute queue not supported. at vktRobustnessExtsTests.cpp:737
dEQP-VK.robustness.robustness2.bind.notemplate.rgba32ui.unroll.nonvolatile.storage_buffer.readwrite.no_fmt_qual.len_41.samples_1.1d.vert	Pass	Pass
dEQP-VK.robustness.robustness2.bind.notemplate.rgba32ui.unroll.nonvolatile.storage_buffer.readwrite.no_fmt_qual.len_8.samples_1.1d.rgen	NotSupported	VK_KHR_ray_tracing_pipeline is not supported at vktTestCase.cpp:1394
dEQP-VK.robustness.robustness2.bind.notemplate.rgba32ui.unroll.nonvolatile.storage_buffer.readwrite.no_fmt_qual.null_descriptor.samples_1.1d.comp_compute	NotSupported	Exclusive compute queue not supported. at vktRobustnessExtsTests.cpp:737
dEQP-VK.robustness.robustness2.bind.notemplate.rgba32ui.unroll.nonvolatile.storage_buffer.readwrite.no_fmt_qual.null_descriptor.samples_1.1d.vert	Pass	Pass
dEQP-VK.robustness.robustness2.bind.notemplate.rgba32ui.unroll.nonvolatile.storage_buffer_dynamic.readonly.no_fmt_qual.len_12.samples_1.1d.rgen	NotSupported	VK_KHR_ray_tracing_pipeline is not supported at vktTestCase.cpp:1394
dEQP-VK.robustness.robustness2.bind.notemplate.rgba32ui.unroll.nonvolatile.storage_buffer_dynamic.readonly.no_fmt_qual.len_16.samples_1.1d.comp_compute	NotSupported	Exclusive compute queue not supported. at vktRobustnessExtsTests.cpp:737
dEQP-VK.robustness.robustness2.bind.notemplate.rgba32ui.unroll.nonvolatile.storage_buffer_dynamic.readonly.no_fmt_qual.len_16.samples_1.1d.vert	Pass	Pass
dEQP-VK.robustness.robustness2.bind.notemplate.rgba32ui.unroll.nonvolatile.storage_buffer_dynamic.readonly.no_fmt_qual.len_20.samples_1.1d.rgen	NotSupported	VK_KHR_ray_tracing_pipeline is not supported at vktTestCase.cpp:1394
dEQP-VK.robustness.robustness2.bind.notemplate.rgba32ui.unroll.nonvolatile.storage_buffer_dynamic.readonly.no_fmt_qual.len_252.samples_1.1d.comp_compute	NotSupported	Exclusive compute queue not supported. at vktRobustnessExtsTests.cpp:737
dEQP-VK.robustness.robustness2.bind.notemplate.rgba32ui.unroll.nonvolatile.storage_buffer_dynamic.readonly.no_fmt_qual.len_252.samples_1.1d.vert	Pass	Pass
dEQP-VK.robustness.robustness2.bind.notemplate.rgba32ui.unroll.nonvolatile.storage_buffer_dynamic.readonly.no_fmt_qual.len_256.samples_1.1d.rgen	NotSupported	VK_KHR_ray_tracing_pipeline is not supported at vktTestCase.cpp:1394
dEQP-VK.robustness.robustness2.bind.notemplate.rgba32ui.unroll.nonvolatile.storage_buffer_dynamic.readonly.no_fmt_qual.len_260.samples_1.1d.comp_compute	NotSupported	Exclusive compute queue not supported. at vktRobustnessExtsTests.cpp:737
dEQP-VK.robustness.robustness2.bind.notemplate.rgba32ui.unroll.nonvolatile.storage_buffer_dynamic.readonly.no_fmt_qual.len_260.samples_1.1d.vert	Pass	Pass
dEQP-VK.robustness.robustness2.bind.notemplate.rgba32ui.unroll.nonvolatile.storage_buffer_dynamic.readonly.no_fmt_qual.len_31.samples_1.1d.rgen	NotSupported	VK_KHR_ray_tracing_pipeline is not supported at vktTestCase.cpp:1394
dEQP-VK.robustness.robustness2.bind.notemplate.rgba32ui.unroll.nonvolatile.storage_buffer_dynamic.readonly.no_fmt_qual.len_32.samples_1.1d.comp_compute	NotSupported	Exclusive compute queue not supported. at vktRobustnessExtsTests.cpp:737
dEQP-VK.robustness.robustness2.bind.notemplate.rgba32ui.unroll.nonvolatile.storage_buffer_dynamic.readonly.no_fmt_qual.len_32.samples_1.1d.vert	Pass	Pass
dEQP-VK.robustness.robustness2.bind.notemplate.rgba32ui.unroll.nonvolatile.storage_buffer_dynamic.readonly.no_fmt_qual.len_33.samples_1.1d.rgen	NotSupported	VK_KHR_ray_tracing_pipeline is not supported at vktTestCase.cpp:1394
dEQP-VK.robustness.robustness2.bind.notemplate.rgba32ui.unroll.nonvolatile.storage_buffer_dynamic.readonly.no_fmt_qual.len_35.samples_1.1d.comp_compute	NotSupported	Exclusive compute queue not supported. at vktRobustnessExtsTests.cpp:737
dEQP-VK.robustness.robustness2.bind.notemplate.rgba32ui.unroll.nonvolatile.storage_buffer_dynamic.readonly.no_fmt_qual.len_35.samples_1.1d.vert	Pass	Pass
dEQP-VK.robustness.robustness2.bind.notemplate.rgba32ui.unroll.nonvolatile.storage_buffer_dynamic.readonly.no_fmt_qual.len_36.samples_1.1d.rgen	NotSupported	VK_KHR_ray_tracing_pipeline is not supported at vktTestCase.cpp:1394
dEQP-VK.robustness.robustness2.bind.notemplate.rgba32ui.unroll.nonvolatile.storage_buffer_dynamic.readonly.no_fmt_qual.len_39.samples_1.1d.comp_compute	NotSupported	Exclusive compute queue not supported. at vktRobustnessExtsTests.cpp:737
dEQP-VK.robustness.robustness2.bind.notemplate.rgba32ui.unroll.nonvolatile.storage_buffer_dynamic.readonly.no_fmt_qual.len_39.samples_1.1d.vert	Pass	Pass
dEQP-VK.robustness.robustness2.bind.notemplate.rgba32ui.unroll.nonvolatile.storage_buffer_dynamic.readonly.no_fmt_qual.len_4.samples_1.1d.rgen	NotSupported	VK_KHR_ray_tracing_pipeline is not supported at vktTestCase.cpp:1394
dEQP-VK.robustness.robustness2.bind.notemplate.rgba32ui.unroll.nonvolatile.storage_buffer_dynamic.readonly.no_fmt_qual.len_41.samples_1.1d.comp_compute	NotSupported	Exclusive compute queue not supported. at vktRobustnessExtsTests.cpp:737
dEQP-VK.robustness.robustness2.bind.notemplate.rgba32ui.unroll.nonvolatile.storage_buffer_dynamic.readonly.no_fmt_qual.len_41.samples_1.1d.vert	Pass	Pass
dEQP-VK.robustness.robustness2.bind.notemplate.rgba32ui.unroll.nonvolatile.storage_buffer_dynamic.readonly.no_fmt_qual.len_8.samples_1.1d.rgen	NotSupported	VK_KHR_ray_tracing_pipeline is not supported at vktTestCase.cpp:1394
dEQP-VK.robustness.robustness2.bind.notemplate.rgba32ui.unroll.nonvolatile.storage_buffer_dynamic.readonly.no_fmt_qual.null_descriptor.samples_1.1d.comp_compute	NotSupported	Exclusive compute queue not supported. at vktRobustnessExtsTests.cpp:737
dEQP-VK.robustness.robustness2.bind.notemplate.rgba32ui.unroll.nonvolatile.storage_buffer_dynamic.readonly.no_fmt_qual.null_descriptor.samples_1.1d.vert	Pass	Pass
dEQP-VK.robustness.robustness2.bind.notemplate.rgba32ui.unroll.nonvolatile.storage_buffer_dynamic.readwrite.no_fmt_qual.len_12.samples_1.1d.rgen	NotSupported	VK_KHR_ray_tracing_pipeline is not supported at vktTestCase.cpp:1394
dEQP-VK.robustness.robustness2.bind.notemplate.rgba32ui.unroll.nonvolatile.storage_buffer_dynamic.readwrite.no_fmt_qual.len_16.samples_1.1d.comp_compute	NotSupported	Exclusive compute queue not supported. at vktRobustnessExtsTests.cpp:737
dEQP-VK.robustness.robustness2.bind.notemplate.rgba32ui.unroll.nonvolatile.storage_buffer_dynamic.readwrite.no_fmt_qual.len_16.samples_1.1d.vert	Pass	Pass
dEQP-VK.robustness.robustness2.bind.notemplate.rgba32ui.unroll.nonvolatile.storage_buffer_dynamic.readwrite.no_fmt_qual.len_20.samples_1.1d.rgen	NotSupported	VK_KHR_ray_tracing_pipeline is not supported at vktTestCase.cpp:1394
dEQP-VK.robustness.robustness2.bind.notemplate.rgba32ui.unroll.nonvolatile.storage_buffer_dynamic.readwrite.no_fmt_qual.len_252.samples_1.1d.comp_compute	NotSupported	Exclusive compute queue not supported. at vktRobustnessExtsTests.cpp:737
dEQP-VK.robustness.robustness2.bind.notemplate.rgba32ui.unroll.nonvolatile.storage_buffer_dynamic.readwrite.no_fmt_qual.len_252.samples_1.1d.vert	Pass	Pass
dEQP-VK.robustness.robustness2.bind.notemplate.rgba32ui.unroll.nonvolatile.storage_buffer_dynamic.readwrite.no_fmt_qual.len_256.samples_1.1d.rgen	NotSupported	VK_KHR_ray_tracing_pipeline is not supported at vktTestCase.cpp:1394
dEQP-VK.robustness.robustness2.bind.notemplate.rgba32ui.unroll.nonvolatile.storage_buffer_dynamic.readwrite.no_fmt_qual.len_260.samples_1.1d.comp_compute	NotSupported	Exclusive compute queue not supported. at vktRobustnessExtsTests.cpp:737
dEQP-VK.robustness.robustness2.bind.notemplate.rgba32ui.unroll.nonvolatile.storage_buffer_dynamic.readwrite.no_fmt_qual.len_260.samples_1.1d.vert	Pass	Pass
dEQP-VK.robustness.robustness2.bind.notemplate.rgba32ui.unroll.nonvolatile.storage_buffer_dynamic.readwrite.no_fmt_qual.len_31.samples_1.1d.rgen	NotSupported	VK_KHR_ray_tracing_pipeline is not supported at vktTestCase.cpp:1394
dEQP-VK.robustness.robustness2.bind.notemplate.rgba32ui.unroll.nonvolatile.storage_buffer_dynamic.readwrite.no_fmt_qual.len_32.samples_1.1d.comp_compute	NotSupported	Exclusive compute queue not supported. at vktRobustnessExtsTests.cpp:737
dEQP-VK.robustness.robustness2.bind.notemplate.rgba32ui.unroll.nonvolatile.storage_buffer_dynamic.readwrite.no_fmt_qual.len_32.samples_1.1d.vert	Pass	Pass
dEQP-VK.robustness.robustness2.bind.notemplate.rgba32ui.unroll.nonvolatile.storage_buffer_dynamic.readwrite.no_fmt_qual.len_33.samples_1.1d.rgen	NotSupported	VK_KHR_ray_tracing_pipeline is not supported at vktTestCase.cpp:1394
dEQP-VK.robustness.robustness2.bind.notemplate.rgba32ui.unroll.nonvolatile.storage_buffer_dynamic.readwrite.no_fmt_qual.len_35.samples_1.1d.comp_compute	NotSupported	Exclusive compute queue not supported. at vktRobustnessExtsTests.cpp:737
dEQP-VK.robustness.robustness2.bind.notemplate.rgba32ui.unroll.nonvolatile.storage_buffer_dynamic.readwrite.no_fmt_qual.len_35.samples_1.1d.vert	Pass	Pass
dEQP-VK.robustness.robustness2.bind.notemplate.rgba32ui.unroll.nonvolatile.storage_buffer_dynamic.readwrite.no_fmt_qual.len_36.samples_1.1d.rgen	NotSupported	VK_KHR_ray_tracing_pipeline is not supported at vktTestCase.cpp:1394
dEQP-VK.robustness.robustness2.bind.notemplate.rgba32ui.unroll.nonvolatile.storage_buffer_dynamic.readwrite.no_fmt_qual.len_39.samples_1.1d.comp_compute	NotSupported	Exclusive compute queue not supported. at vktRobustnessExtsTests.cpp:737
dEQP-VK.robustness.robustness2.bind.notemplate.rgba32ui.unroll.nonvolatile.storage_buffer_dynamic.readwrite.no_fmt_qual.len_39.samples_1.1d.vert	Pass	Pass
dEQP-VK.robustness.robustness2.bind.notemplate.rgba32ui.unroll.nonvolatile.storage_buffer_dynamic.readwrite.no_fmt_qual.len_4.samples_1.1d.rgen	NotSupported	VK_KHR_ray_tracing_pipeline is not supported at vktTestCase.cpp:1394
dEQP-VK.robustness.robustness2.bind.notemplate.rgba32ui.unroll.nonvolatile.storage_buffer_dynamic.readwrite.no_fmt_qual.len_41.samples_1.1d.comp_compute	NotSupported	Exclusive compute queue not supported. at vktRobustnessExtsTests.cpp:737
dEQP-VK.robustness.robustness2.bind.notemplate.rgba32ui.unroll.nonvolatile.storage_buffer_dynamic.readwrite.no_fmt_qual.len_41.samples_1.1d.vert	Pass	Pass
dEQP-VK.robustness.robustness2.bind.notemplate.rgba32ui.unroll.nonvolatile.storage_buffer_dynamic.readwrite.no_fmt_qual.len_8.samples_1.1d.rgen	NotSupported	VK_KHR_ray_tracing_pipeline is not supported at vktTestCase.cpp:1394
dEQP-VK.robustness.robustness2.bind.notemplate.rgba32ui.unroll.nonvolatile.storage_buffer_dynamic.readwrite.no_fmt_qual.null_descriptor.samples_1.1d.comp_compute	NotSupported	Exclusive compute queue not supported. at vktRobustnessExtsTests.cpp:737
dEQP-VK.robustness.robustness2.bind.notemplate.rgba32ui.unroll.nonvolatile.storage_buffer_dynamic.readwrite.no_fmt_qual.null_descriptor.samples_1.1d.vert	Pass	Pass
dEQP-VK.robustness.robustness2.bind.notemplate.rgba32ui.unroll.nonvolatile.storage_image.fmt_qual.img.samples_1.1d.rgen	NotSupported	VK_KHR_ray_tracing_pipeline is not supported at vktTestCase.cpp:1394
dEQP-VK.robustness.robustness2.bind.notemplate.rgba32ui.unroll.nonvolatile.storage_image.fmt_qual.img.samples_1.1d_array.comp_compute	NotSupported	robustImageAccess2 not supported at vktRobustnessExtsTests.cpp:665
dEQP-VK.robustness.robustness2.bind.notemplate.rgba32ui.unroll.nonvolatile.storage_image.fmt_qual.img.samples_1.1d_array.vert	NotSupported	robustImageAccess2 not supported at vktRobustnessExtsTests.cpp:665
dEQP-VK.robustness.robustness2.bind.notemplate.rgba32ui.unroll.nonvolatile.storage_image.fmt_qual.img.samples_1.2d.rgen	NotSupported	VK_KHR_ray_tracing_pipeline is not supported at vktTestCase.cpp:1394
dEQP-VK.robustness.robustness2.bind.notemplate.rgba32ui.unroll.nonvolatile.storage_image.fmt_qual.img.samples_1.2d_array.comp_compute	NotSupported	robustImageAccess2 not supported at vktRobustnessExtsTests.cpp:665
dEQP-VK.robustness.robustness2.bind.notemplate.rgba32ui.unroll.nonvolatile.storage_image.fmt_qual.img.samples_1.2d_array.vert	NotSupported	robustImageAccess2 not supported at vktRobustnessExtsTests.cpp:665
dEQP-VK.robustness.robustness2.bind.notemplate.rgba32ui.unroll.nonvolatile.storage_image.fmt_qual.img.samples_1.3d.rgen	NotSupported	VK_KHR_ray_tracing_pipeline is not supported at vktTestCase.cpp:1394
dEQP-VK.robustness.robustness2.bind.notemplate.rgba32ui.unroll.nonvolatile.storage_image.fmt_qual.img.samples_1.cube.comp_compute	NotSupported	robustImageAccess2 not supported at vktRobustnessExtsTests.cpp:665
dEQP-VK.robustness.robustness2.bind.notemplate.rgba32ui.unroll.nonvolatile.storage_image.fmt_qual.img.samples_1.cube.vert	NotSupported	robustImageAccess2 not supported at vktRobustnessExtsTests.cpp:665
dEQP-VK.robustness.robustness2.bind.notemplate.rgba32ui.unroll.nonvolatile.storage_image.fmt_qual.img.samples_1.cube_array.rgen	NotSupported	VK_KHR_ray_tracing_pipeline is not supported at vktTestCase.cpp:1394
dEQP-VK.robustness.robustness2.bind.notemplate.rgba32ui.unroll.nonvolatile.storage_image.fmt_qual.img.samples_4.2d.comp_compute	NotSupported	robustImageAccess2 not supported at vktRobustnessExtsTests.cpp:665
dEQP-VK.robustness.robustness2.bind.notemplate.rgba32ui.unroll.nonvolatile.storage_image.fmt_qual.img.samples_4.2d.vert	NotSupported	robustImageAccess2 not supported at vktRobustnessExtsTests.cpp:665
dEQP-VK.robustness.robustness2.bind.notemplate.rgba32ui.unroll.nonvolatile.storage_image.fmt_qual.img.samples_4.2d_array.rgen	NotSupported	VK_KHR_ray_tracing_pipeline is not supported at vktTestCase.cpp:1394
dEQP-VK.robustness.robustness2.bind.notemplate.rgba32ui.unroll.nonvolatile.storage_image.fmt_qual.null_descriptor.samples_1.1d.comp_compute	NotSupported	Exclusive compute queue not supported. at vktRobustnessExtsTests.cpp:737
dEQP-VK.robustness.robustness2.bind.notemplate.rgba32ui.unroll.nonvolatile.storage_image.fmt_qual.null_descriptor.samples_1.1d.vert	Pass	Pass
dEQP-VK.robustness.robustness2.bind.notemplate.rgba32ui.unroll.nonvolatile.storage_image.fmt_qual.null_descriptor.samples_1.1d_array.rgen	NotSupported	VK_KHR_ray_tracing_pipeline is not supported at vktTestCase.cpp:1394
dEQP-VK.robustness.robustness2.bind.notemplate.rgba32ui.unroll.nonvolatile.storage_image.fmt_qual.null_descriptor.samples_1.2d.comp_compute	NotSupported	Exclusive compute queue not supported. at vktRobustnessExtsTests.cpp:737
dEQP-VK.robustness.robustness2.bind.notemplate.rgba32ui.unroll.nonvolatile.storage_image.fmt_qual.null_descriptor.samples_1.2d.vert	Pass	Pass
dEQP-VK.robustness.robustness2.bind.notemplate.rgba32ui.unroll.nonvolatile.storage_image.fmt_qual.null_descriptor.samples_1.2d_array.rgen	NotSupported	VK_KHR_ray_tracing_pipeline is not supported at vktTestCase.cpp:1394
dEQP-VK.robustness.robustness2.bind.notemplate.rgba32ui.unroll.nonvolatile.storage_image.fmt_qual.null_descriptor.samples_1.3d.comp_compute	NotSupported	Exclusive compute queue not supported. at vktRobustnessExtsTests.cpp:737
dEQP-VK.robustness.robustness2.bind.notemplate.rgba32ui.unroll.nonvolatile.storage_image.fmt_qual.null_descriptor.samples_1.3d.vert	Pass	Pass
dEQP-VK.robustness.robustness2.bind.notemplate.rgba32ui.unroll.nonvolatile.storage_image.fmt_qual.null_descriptor.samples_1.cube.rgen	NotSupported	VK_KHR_ray_tracing_pipeline is not supported at vktTestCase.cpp:1394
dEQP-VK.robustness.robustness2.bind.notemplate.rgba32ui.unroll.nonvolatile.storage_image.fmt_qual.null_descriptor.samples_1.cube_array.comp_compute	NotSupported	Exclusive compute queue not supported. at vktRobustnessExtsTests.cpp:737
dEQP-VK.robustness.robustness2.bind.notemplate.rgba32ui.unroll.nonvolatile.storage_image.fmt_qual.null_descriptor.samples_1.cube_array.vert	Pass	Pass
dEQP-VK.robustness.robustness2.bind.notemplate.rgba32ui.unroll.nonvolatile.storage_image.fmt_qual.null_descriptor.samples_4.2d.rgen	NotSupported	VK_KHR_ray_tracing_pipeline is not supported at vktTestCase.cpp:1394
dEQP-VK.robustness.robustness2.bind.notemplate.rgba32ui.unroll.nonvolatile.storage_image.fmt_qual.null_descriptor.samples_4.2d_array.comp_compute	NotSupported	shaderStorageImageMultisample not supported at vktRobustnessExtsTests.cpp:685
dEQP-VK.robustness.robustness2.bind.notemplate.rgba32ui.unroll.nonvolatile.storage_image.fmt_qual.null_descriptor.samples_4.2d_array.vert	NotSupported	shaderStorageImageMultisample not supported at vktRobustnessExtsTests.cpp:685
dEQP-VK.robustness.robustness2.bind.notemplate.rgba32ui.unroll.nonvolatile.storage_image.no_fmt_qual.img.samples_1.1d.rgen	NotSupported	VK_KHR_ray_tracing_pipeline is not supported at vktTestCase.cpp:1394
dEQP-VK.robustness.robustness2.bind.notemplate.rgba32ui.unroll.nonvolatile.storage_image.no_fmt_qual.img.samples_1.1d_array.comp_compute	NotSupported	robustImageAccess2 not supported at vktRobustnessExtsTests.cpp:665
dEQP-VK.robustness.robustness2.bind.notemplate.rgba32ui.unroll.nonvolatile.storage_image.no_fmt_qual.img.samples_1.1d_array.vert	NotSupported	robustImageAccess2 not supported at vktRobustnessExtsTests.cpp:665
dEQP-VK.robustness.robustness2.bind.notemplate.rgba32ui.unroll.nonvolatile.storage_image.no_fmt_qual.img.samples_1.2d.rgen	NotSupported	VK_KHR_ray_tracing_pipeline is not supported at vktTestCase.cpp:1394
dEQP-VK.robustness.robustness2.bind.notemplate.rgba32ui.unroll.nonvolatile.storage_image.no_fmt_qual.img.samples_1.2d_array.comp_compute	NotSupported	robustImageAccess2 not supported at vktRobustnessExtsTests.cpp:665
dEQP-VK.robustness.robustness2.bind.notemplate.rgba32ui.unroll.nonvolatile.storage_image.no_fmt_qual.img.samples_1.2d_array.vert	NotSupported	robustImageAccess2 not supported at vktRobustnessExtsTests.cpp:665
dEQP-VK.robustness.robustness2.bind.notemplate.rgba32ui.unroll.nonvolatile.storage_image.no_fmt_qual.img.samples_1.3d.rgen	NotSupported	VK_KHR_ray_tracing_pipeline is not supported at vktTestCase.cpp:1394
dEQP-VK.robustness.robustness2.bind.notemplate.rgba32ui.unroll.nonvolatile.storage_image.no_fmt_qual.img.samples_1.cube.comp_compute	NotSupported	robustImageAccess2 not supported at vktRobustnessExtsTests.cpp:665
dEQP-VK.robustness.robustness2.bind.notemplate.rgba32ui.unroll.nonvolatile.storage_image.no_fmt_qual.img.samples_1.cube.vert	NotSupported	robustImageAccess2 not supported at vktRobustnessExtsTests.cpp:665
dEQP-VK.robustness.robustness2.bind.notemplate.rgba32ui.unroll.nonvolatile.storage_image.no_fmt_qual.img.samples_1.cube_array.rgen	NotSupported	VK_KHR_ray_tracing_pipeline is not supported at vktTestCase.cpp:1394
dEQP-VK.robustness.robustness2.bind.notemplate.rgba32ui.unroll.nonvolatile.storage_image.no_fmt_qual.img.samples_4.2d.comp_compute	NotSupported	robustImageAccess2 not supported at vktRobustnessExtsTests.cpp:665
dEQP-VK.robustness.robustness2.bind.notemplate.rgba32ui.unroll.nonvolatile.storage_image.no_fmt_qual.img.samples_4.2d.vert	NotSupported	robustImageAccess2 not supported at vktRobustnessExtsTests.cpp:665
dEQP-VK.robustness.robustness2.bind.notemplate.rgba32ui.unroll.nonvolatile.storage_image.no_fmt_qual.img.samples_4.2d_array.rgen	NotSupported	VK_KHR_ray_tracing_pipeline is not supported at vktTestCase.cpp:1394
dEQP-VK.robustness.robustness2.bind.notemplate.rgba32ui.unroll.nonvolatile.storage_image.no_fmt_qual.null_descriptor.samples_1.1d.comp_compute	NotSupported	Exclusive compute queue not supported. at vktRobustnessExtsTests.cpp:737
dEQP-VK.robustness.robustness2.bind.notemplate.rgba32ui.unroll.nonvolatile.storage_image.no_fmt_qual.null_descriptor.samples_1.1d.vert	Pass	Pass
dEQP-VK.robustness.robustness2.bind.notemplate.rgba32ui.unroll.nonvolatile.storage_image.no_fmt_qual.null_descriptor.samples_1.1d_array.rgen	NotSupported	VK_KHR_ray_tracing_pipeline is not supported at vktTestCase.cpp:1394
dEQP-VK.robustness.robustness2.bind.notemplate.rgba32ui.unroll.nonvolatile.storage_image.no_fmt_qual.null_descriptor.samples_1.2d.comp_compute	NotSupported	Exclusive compute queue not supported. at vktRobustnessExtsTests.cpp:737
dEQP-VK.robustness.robustness2.bind.notemplate.rgba32ui.unroll.nonvolatile.storage_image.no_fmt_qual.null_descriptor.samples_1.2d.vert	Pass	Pass
dEQP-VK.robustness.robustness2.bind.notemplate.rgba32ui.unroll.nonvolatile.storage_image.no_fmt_qual.null_descriptor.samples_1.2d_array.rgen	NotSupported	VK_KHR_ray_tracing_pipeline is not supported at vktTestCase.cpp:1394
dEQP-VK.robustness.robustness2.bind.notemplate.rgba32ui.unroll.nonvolatile.storage_image.no_fmt_qual.null_descriptor.samples_1.3d.comp_compute	NotSupported	Exclusive compute queue not supported. at vktRobustnessExtsTests.cpp:737
dEQP-VK.robustness.robustness2.bind.notemplate.rgba32ui.unroll.nonvolatile.storage_image.no_fmt_qual.null_descriptor.samples_1.3d.vert	Pass	Pass
dEQP-VK.robustness.robustness2.bind.notemplate.rgba32ui.unroll.nonvolatile.storage_image.no_fmt_qual.null_descriptor.samples_1.cube.rgen	NotSupported	VK_KHR_ray_tracing_pipeline is not supported at vktTestCase.cpp:1394
dEQP-VK.robustness.robustness2.bind.notemplate.rgba32ui.unroll.nonvolatile.storage_image.no_fmt_qual.null_descriptor.samples_1.cube_array.comp_compute	NotSupported	Exclusive compute queue not supported. at vktRobustnessExtsTests.cpp:737
dEQP-VK.robustness.robustness2.bind.notemplate.rgba32ui.unroll.nonvolatile.storage_image.no_fmt_qual.null_descriptor.samples_1.cube_array.vert	Pass	Pass
dEQP-VK.robustness.robustness2.bind.notemplate.rgba32ui.unroll.nonvolatile.storage_image.no_fmt_qual.null_descriptor.samples_4.2d.rgen	NotSupported	VK_KHR_ray_tracing_pipeline is not supported at vktTestCase.cpp:1394
dEQP-VK.robustness.robustness2.bind.notemplate.rgba32ui.unroll.nonvolatile.storage_image.no_fmt_qual.null_descriptor.samples_4.2d_array.comp_compute	NotSupported	shaderStorageImageMultisample not supported at vktRobustnessExtsTests.cpp:685
dEQP-VK.robustness.robustness2.bind.notemplate.rgba32ui.unroll.nonvolatile.storage_image.no_fmt_qual.null_descriptor.samples_4.2d_array.vert	NotSupported	shaderStorageImageMultisample not supported at vktRobustnessExtsTests.cpp:685
dEQP-VK.robustness.robustness2.bind.notemplate.rgba32ui.unroll.nonvolatile.storage_texel_buffer.fmt_qual.len_16.samples_1.1d.comp	Fail	Fail
dEQP-VK.robustness.robustness2.bind.notemplate.rgba32ui.unroll.nonvolatile.storage_texel_buffer.fmt_qual.len_16.samples_1.1d.comp_compute	NotSupported	Exclusive compute queue not supported. at vktRobustnessExtsTests.cpp:737
dEQP-VK.robustness.robustness2.bind.notemplate.rgba32ui.unroll.nonvolatile.storage_texel_buffer.fmt_qual.len_16.samples_1.1d.frag	Fail	Fail
dEQP-VK.robustness.robustness2.bind.notemplate.rgba32ui.unroll.nonvolatile.storage_texel_buffer.fmt_qual.len_16.samples_1.1d.rgen	NotSupported	VK_KHR_ray_tracing_pipeline is not supported at vktTestCase.cpp:1394
dEQP-VK.robustness.robustness2.bind.notemplate.rgba32ui.unroll.nonvolatile.storage_texel_buffer.fmt_qual.len_16.samples_1.1d.rgen_compute	NotSupported	VK_KHR_ray_tracing_pipeline is not supported at vktTestCase.cpp:1394
dEQP-VK.robustness.robustness2.bind.notemplate.rgba32ui.unroll.nonvolatile.storage_texel_buffer.fmt_qual.len_16.samples_1.1d.vert	Fail	Fail
dEQP-VK.robustness.robustness2.bind.notemplate.rgba32ui.unroll.nonvolatile.storage_texel_buffer.fmt_qual.len_256.samples_1.1d.comp	Fail	Fail
dEQP-VK.robustness.robustness2.bind.notemplate.rgba32ui.unroll.nonvolatile.storage_texel_buffer.fmt_qual.len_256.samples_1.1d.comp_compute	NotSupported	Exclusive compute queue not supported. at vktRobustnessExtsTests.cpp:737
dEQP-VK.robustness.robustness2.bind.notemplate.rgba32ui.unroll.nonvolatile.storage_texel_buffer.fmt_qual.len_256.samples_1.1d.frag	Fail	Fail
dEQP-VK.robustness.robustness2.bind.notemplate.rgba32ui.unroll.nonvolatile.storage_texel_buffer.fmt_qual.len_256.samples_1.1d.rgen	NotSupported	VK_KHR_ray_tracing_pipeline is not supported at vktTestCase.cpp:1394
dEQP-VK.robustness.robustness2.bind.notemplate.rgba32ui.unroll.nonvolatile.storage_texel_buffer.fmt_qual.len_256.samples_1.1d.rgen_compute	NotSupported	VK_KHR_ray_tracing_pipeline is not supported at vktTestCase.cpp:1394
dEQP-VK.robustness.robustness2.bind.notemplate.rgba32ui.unroll.nonvolatile.storage_texel_buffer.fmt_qual.len_256.samples_1.1d.vert	Fail	Fail
dEQP-VK.robustness.robustness2.bind.notemplate.rgba32ui.unroll.nonvolatile.storage_texel_buffer.fmt_qual.len_32.samples_1.1d.comp	Fail	Fail
dEQP-VK.robustness.robustness2.bind.notemplate.rgba32ui.unroll.nonvolatile.storage_texel_buffer.fmt_qual.len_32.samples_1.1d.comp_compute	NotSupported	Exclusive compute queue not supported. at vktRobustnessExtsTests.cpp:737
dEQP-VK.robustness.robustness2.bind.notemplate.rgba32ui.unroll.nonvolatile.storage_texel_buffer.fmt_qual.len_32.samples_1.1d.frag	Fail	Fail
dEQP-VK.robustness.robustness2.bind.notemplate.rgba32ui.unroll.nonvolatile.storage_texel_buffer.fmt_qual.len_32.samples_1.1d.rgen	NotSupported	VK_KHR_ray_tracing_pipeline is not supported at vktTestCase.cpp:1394
dEQP-VK.robustness.robustness2.bind.notemplate.rgba32ui.unroll.nonvolatile.storage_texel_buffer.fmt_qual.len_32.samples_1.1d.rgen_compute	NotSupported	VK_KHR_ray_tracing_pipeline is not supported at vktTestCase.cpp:1394
dEQP-VK.robustness.robustness2.bind.notemplate.rgba32ui.unroll.nonvolatile.storage_texel_buffer.fmt_qual.len_32.samples_1.1d.vert	Fail	Fail
dEQP-VK.robustness.robustness2.bind.notemplate.rgba32ui.unroll.nonvolatile.storage_texel_buffer.fmt_qual.null_descriptor.samples_1.1d.comp	Pass	Pass
dEQP-VK.robustness.robustness2.bind.notemplate.rgba32ui.unroll.nonvolatile.storage_texel_buffer.fmt_qual.null_descriptor.samples_1.1d.comp_compute	NotSupported	Exclusive compute queue not supported. at vktRobustnessExtsTests.cpp:737
dEQP-VK.robustness.robustness2.bind.notemplate.rgba32ui.unroll.nonvolatile.storage_texel_buffer.fmt_qual.null_descriptor.samples_1.1d.frag	Pass	Pass
dEQP-VK.robustness.robustness2.bind.notemplate.rgba32ui.unroll.nonvolatile.storage_texel_buffer.fmt_qual.null_descriptor.samples_1.1d.rgen	NotSupported	VK_KHR_ray_tracing_pipeline is not supported at vktTestCase.cpp:1394
dEQP-VK.robustness.robustness2.bind.notemplate.rgba32ui.unroll.nonvolatile.storage_texel_buffer.fmt_qual.null_descriptor.samples_1.1d.rgen_compute	NotSupported	VK_KHR_ray_tracing_pipeline is not supported at vktTestCase.cpp:1394
dEQP-VK.robustness.robustness2.bind.notemplate.rgba32ui.unroll.nonvolatile.storage_texel_buffer.fmt_qual.null_descriptor.samples_1.1d.vert	Pass	Pass
dEQP-VK.robustness.robustness2.bind.notemplate.rgba32ui.unroll.nonvolatile.storage_texel_buffer.no_fmt_qual.len_16.samples_1.1d.comp	Fail	Fail
dEQP-VK.robustness.robustness2.bind.notemplate.rgba32ui.unroll.nonvolatile.storage_texel_buffer.no_fmt_qual.len_16.samples_1.1d.comp_compute	NotSupported	Exclusive compute queue not supported. at vktRobustnessExtsTests.cpp:737
dEQP-VK.robustness.robustness2.bind.notemplate.rgba32ui.unroll.nonvolatile.storage_texel_buffer.no_fmt_qual.len_16.samples_1.1d.frag	Fail	Fail
dEQP-VK.robustness.robustness2.bind.notemplate.rgba32ui.unroll.nonvolatile.storage_texel_buffer.no_fmt_qual.len_16.samples_1.1d.rgen	NotSupported	VK_KHR_ray_tracing_pipeline is not supported at vktTestCase.cpp:1394
dEQP-VK.robustness.robustness2.bind.notemplate.rgba32ui.unroll.nonvolatile.storage_texel_buffer.no_fmt_qual.len_16.samples_1.1d.rgen_compute	NotSupported	VK_KHR_ray_tracing_pipeline is not supported at vktTestCase.cpp:1394
dEQP-VK.robustness.robustness2.bind.notemplate.rgba32ui.unroll.nonvolatile.storage_texel_buffer.no_fmt_qual.len_16.samples_1.1d.vert	Fail	Fail
dEQP-VK.robustness.robustness2.bind.notemplate.rgba32ui.unroll.nonvolatile.storage_texel_buffer.no_fmt_qual.len_256.samples_1.1d.comp	Fail	Fail
dEQP-VK.robustness.robustness2.bind.notemplate.rgba32ui.unroll.nonvolatile.storage_texel_buffer.no_fmt_qual.len_256.samples_1.1d.comp_compute	NotSupported	Exclusive compute queue not supported. at vktRobustnessExtsTests.cpp:737
dEQP-VK.robustness.robustness2.bind.notemplate.rgba32ui.unroll.nonvolatile.storage_texel_buffer.no_fmt_qual.len_256.samples_1.1d.frag	Fail	Fail
dEQP-VK.robustness.robustness2.bind.notemplate.rgba32ui.unroll.nonvolatile.storage_texel_buffer.no_fmt_qual.len_256.samples_1.1d.rgen	NotSupported	VK_KHR_ray_tracing_pipeline is not supported at vktTestCase.cpp:1394
dEQP-VK.robustness.robustness2.bind.notemplate.rgba32ui.unroll.nonvolatile.storage_texel_buffer.no_fmt_qual.len_256.samples_1.1d.rgen_compute	NotSupported	VK_KHR_ray_tracing_pipeline is not supported at vktTestCase.cpp:1394
dEQP-VK.robustness.robustness2.bind.notemplate.rgba32ui.unroll.nonvolatile.storage_texel_buffer.no_fmt_qual.len_256.samples_1.1d.vert	Fail	Fail
dEQP-VK.robustness.robustness2.bind.notemplate.rgba32ui.unroll.nonvolatile.storage_texel_buffer.no_fmt_qual.len_32.samples_1.1d.comp	Fail	Fail
dEQP-VK.robustness.robustness2.bind.notemplate.rgba32ui.unroll.nonvolatile.storage_texel_buffer.no_fmt_qual.len_32.samples_1.1d.comp_compute	NotSupported	Exclusive compute queue not supported. at vktRobustnessExtsTests.cpp:737
dEQP-VK.robustness.robustness2.bind.notemplate.rgba32ui.unroll.nonvolatile.storage_texel_buffer.no_fmt_qual.len_32.samples_1.1d.frag	Fail	Fail
dEQP-VK.robustness.robustness2.bind.notemplate.rgba32ui.unroll.nonvolatile.storage_texel_buffer.no_fmt_qual.len_32.samples_1.1d.rgen	NotSupported	VK_KHR_ray_tracing_pipeline is not supported at vktTestCase.cpp:1394
dEQP-VK.robustness.robustness2.bind.notemplate.rgba32ui.unroll.nonvolatile.storage_texel_buffer.no_fmt_qual.len_32.samples_1.1d.rgen_compute	NotSupported	VK_KHR_ray_tracing_pipeline is not supported at vktTestCase.cpp:1394
dEQP-VK.robustness.robustness2.bind.notemplate.rgba32ui.unroll.nonvolatile.storage_texel_buffer.no_fmt_qual.len_32.samples_1.1d.vert	Fail	Fail
dEQP-VK.robustness.robustness2.bind.notemplate.rgba32ui.unroll.nonvolatile.storage_texel_buffer.no_fmt_qual.null_descriptor.samples_1.1d.comp	Pass	Pass
dEQP-VK.robustness.robustness2.bind.notemplate.rgba32ui.unroll.nonvolatile.storage_texel_buffer.no_fmt_qual.null_descriptor.samples_1.1d.comp_compute	NotSupported	Exclusive compute queue not supported. at vktRobustnessExtsTests.cpp:737
dEQP-VK.robustness.robustness2.bind.notemplate.rgba32ui.unroll.nonvolatile.storage_texel_buffer.no_fmt_qual.null_descriptor.samples_1.1d.frag	Pass	Pass
dEQP-VK.robustness.robustness2.bind.notemplate.rgba32ui.unroll.nonvolatile.storage_texel_buffer.no_fmt_qual.null_descriptor.samples_1.1d.rgen	NotSupported	VK_KHR_ray_tracing_pipeline is not supported at vktTestCase.cpp:1394
dEQP-VK.robustness.robustness2.bind.notemplate.rgba32ui.unroll.nonvolatile.storage_texel_buffer.no_fmt_qual.null_descriptor.samples_1.1d.rgen_compute	NotSupported	VK_KHR_ray_tracing_pipeline is not supported at vktTestCase.cpp:1394
dEQP-VK.robustness.robustness2.bind.notemplate.rgba32ui.unroll.nonvolatile.storage_texel_buffer.no_fmt_qual.null_descriptor.samples_1.1d.vert	Pass	Pass
dEQP-VK.robustness.robustness2.bind.notemplate.rgba32ui.unroll.nonvolatile.uniform_buffer.no_fmt_qual.len_12.samples_1.1d.rgen	NotSupported	VK_KHR_ray_tracing_pipeline is not supported at vktTestCase.cpp:1394
dEQP-VK.robustness.robustness2.bind.notemplate.rgba32ui.unroll.nonvolatile.uniform_buffer.no_fmt_qual.len_16.samples_1.1d.comp_compute	NotSupported	Exclusive compute queue not supported. at vktRobustnessExtsTests.cpp:737
dEQP-VK.robustness.robustness2.bind.notemplate.rgba32ui.unroll.nonvolatile.uniform_buffer.no_fmt_qual.len_16.samples_1.1d.vert	Pass	Pass
dEQP-VK.robustness.robustness2.bind.notemplate.rgba32ui.unroll.nonvolatile.uniform_buffer.no_fmt_qual.len_20.samples_1.1d.rgen	NotSupported	VK_KHR_ray_tracing_pipeline is not supported at vktTestCase.cpp:1394
dEQP-VK.robustness.robustness2.bind.notemplate.rgba32ui.unroll.nonvolatile.uniform_buffer.no_fmt_qual.len_252.samples_1.1d.comp_compute	NotSupported	Exclusive compute queue not supported. at vktRobustnessExtsTests.cpp:737
dEQP-VK.robustness.robustness2.bind.notemplate.rgba32ui.unroll.nonvolatile.uniform_buffer.no_fmt_qual.len_252.samples_1.1d.vert	Pass	Pass
dEQP-VK.robustness.robustness2.bind.notemplate.rgba32ui.unroll.nonvolatile.uniform_buffer.no_fmt_qual.len_256.samples_1.1d.rgen	NotSupported	VK_KHR_ray_tracing_pipeline is not supported at vktTestCase.cpp:1394
dEQP-VK.robustness.robustness2.bind.notemplate.rgba32ui.unroll.nonvolatile.uniform_buffer.no_fmt_qual.len_260.samples_1.1d.comp_compute	NotSupported	Exclusive compute queue not supported. at vktRobustnessExtsTests.cpp:737
dEQP-VK.robustness.robustness2.bind.notemplate.rgba32ui.unroll.nonvolatile.uniform_buffer.no_fmt_qual.len_260.samples_1.1d.vert	Pass	Pass
dEQP-VK.robustness.robustness2.bind.notemplate.rgba32ui.unroll.nonvolatile.uniform_buffer.no_fmt_qual.len_31.samples_1.1d.rgen	NotSupported	VK_KHR_ray_tracing_pipeline is not supported at vktTestCase.cpp:1394
dEQP-VK.robustness.robustness2.bind.notemplate.rgba32ui.unroll.nonvolatile.uniform_buffer.no_fmt_qual.len_32.samples_1.1d.comp_compute	NotSupported	Exclusive compute queue not supported. at vktRobustnessExtsTests.cpp:737
dEQP-VK.robustness.robustness2.bind.notemplate.rgba32ui.unroll.nonvolatile.uniform_buffer.no_fmt_qual.len_32.samples_1.1d.vert	Pass	Pass
dEQP-VK.robustness.robustness2.bind.notemplate.rgba32ui.unroll.nonvolatile.uniform_buffer.no_fmt_qual.len_33.samples_1.1d.rgen	NotSupported	VK_KHR_ray_tracing_pipeline is not supported at vktTestCase.cpp:1394
dEQP-VK.robustness.robustness2.bind.notemplate.rgba32ui.unroll.nonvolatile.uniform_buffer.no_fmt_qual.len_35.samples_1.1d.comp_compute	NotSupported	Exclusive compute queue not supported. at vktRobustnessExtsTests.cpp:737
dEQP-VK.robustness.robustness2.bind.notemplate.rgba32ui.unroll.nonvolatile.uniform_buffer.no_fmt_qual.len_35.samples_1.1d.vert	Pass	Pass
dEQP-VK.robustness.robustness2.bind.notemplate.rgba32ui.unroll.nonvolatile.uniform_buffer.no_fmt_qual.len_36.samples_1.1d.rgen	NotSupported	VK_KHR_ray_tracing_pipeline is not supported at vktTestCase.cpp:1394
dEQP-VK.robustness.robustness2.bind.notemplate.rgba32ui.unroll.nonvolatile.uniform_buffer.no_fmt_qual.len_39.samples_1.1d.comp_compute	NotSupported	Exclusive compute queue not supported. at vktRobustnessExtsTests.cpp:737
dEQP-VK.robustness.robustness2.bind.notemplate.rgba32ui.unroll.nonvolatile.uniform_buffer.no_fmt_qual.len_39.samples_1.1d.vert	Pass	Pass
dEQP-VK.robustness.robustness2.bind.notemplate.rgba32ui.unroll.nonvolatile.uniform_buffer.no_fmt_qual.len_4.samples_1.1d.rgen	NotSupported	VK_KHR_ray_tracing_pipeline is not supported at vktTestCase.cpp:1394
dEQP-VK.robustness.robustness2.bind.notemplate.rgba32ui.unroll.nonvolatile.uniform_buffer.no_fmt_qual.len_41.samples_1.1d.comp_compute	NotSupported	Exclusive compute queue not supported. at vktRobustnessExtsTests.cpp:737
dEQP-VK.robustness.robustness2.bind.notemplate.rgba32ui.unroll.nonvolatile.uniform_buffer.no_fmt_qual.len_41.samples_1.1d.vert	Pass	Pass
dEQP-VK.robustness.robustness2.bind.notemplate.rgba32ui.unroll.nonvolatile.uniform_buffer.no_fmt_qual.len_8.samples_1.1d.rgen	NotSupported	VK_KHR_ray_tracing_pipeline is not supported at vktTestCase.cpp:1394
dEQP-VK.robustness.robustness2.bind.notemplate.rgba32ui.unroll.nonvolatile.uniform_buffer.no_fmt_qual.null_descriptor.samples_1.1d.comp_compute	NotSupported	Exclusive compute queue not supported. at vktRobustnessExtsTests.cpp:737
dEQP-VK.robustness.robustness2.bind.notemplate.rgba32ui.unroll.nonvolatile.uniform_buffer.no_fmt_qual.null_descriptor.samples_1.1d.vert	Pass	Pass
dEQP-VK.robustness.robustness2.bind.notemplate.rgba32ui.unroll.nonvolatile.uniform_buffer_dynamic.no_fmt_qual.len_12.samples_1.1d.rgen	NotSupported	VK_KHR_ray_tracing_pipeline is not supported at vktTestCase.cpp:1394
dEQP-VK.robustness.robustness2.bind.notemplate.rgba32ui.unroll.nonvolatile.uniform_buffer_dynamic.no_fmt_qual.len_16.samples_1.1d.comp_compute	NotSupported	Exclusive compute queue not supported. at vktRobustnessExtsTests.cpp:737
dEQP-VK.robustness.robustness2.bind.notemplate.rgba32ui.unroll.nonvolatile.uniform_buffer_dynamic.no_fmt_qual.len_16.samples_1.1d.vert	Pass	Pass
dEQP-VK.robustness.robustness2.bind.notemplate.rgba32ui.unroll.nonvolatile.uniform_buffer_dynamic.no_fmt_qual.len_20.samples_1.1d.rgen	NotSupported	VK_KHR_ray_tracing_pipeline is not supported at vktTestCase.cpp:1394
dEQP-VK.robustness.robustness2.bind.notemplate.rgba32ui.unroll.nonvolatile.uniform_buffer_dynamic.no_fmt_qual.len_252.samples_1.1d.comp_compute	NotSupported	Exclusive compute queue not supported. at vktRobustnessExtsTests.cpp:737
dEQP-VK.robustness.robustness2.bind.notemplate.rgba32ui.unroll.nonvolatile.uniform_buffer_dynamic.no_fmt_qual.len_252.samples_1.1d.vert	Pass	Pass
dEQP-VK.robustness.robustness2.bind.notemplate.rgba32ui.unroll.nonvolatile.uniform_buffer_dynamic.no_fmt_qual.len_256.samples_1.1d.rgen	NotSupported	VK_KHR_ray_tracing_pipeline is not supported at vktTestCase.cpp:1394
dEQP-VK.robustness.robustness2.bind.notemplate.rgba32ui.unroll.nonvolatile.uniform_buffer_dynamic.no_fmt_qual.len_260.samples_1.1d.comp_compute	NotSupported	Exclusive compute queue not supported. at vktRobustnessExtsTests.cpp:737
dEQP-VK.robustness.robustness2.bind.notemplate.rgba32ui.unroll.nonvolatile.uniform_buffer_dynamic.no_fmt_qual.len_260.samples_1.1d.vert	Pass	Pass
dEQP-VK.robustness.robustness2.bind.notemplate.rgba32ui.unroll.nonvolatile.uniform_buffer_dynamic.no_fmt_qual.len_31.samples_1.1d.rgen	NotSupported	VK_KHR_ray_tracing_pipeline is not supported at vktTestCase.cpp:1394
dEQP-VK.robustness.robustness2.bind.notemplate.rgba32ui.unroll.nonvolatile.uniform_buffer_dynamic.no_fmt_qual.len_32.samples_1.1d.comp_compute	NotSupported	Exclusive compute queue not supported. at vktRobustnessExtsTests.cpp:737
dEQP-VK.robustness.robustness2.bind.notemplate.rgba32ui.unroll.nonvolatile.uniform_buffer_dynamic.no_fmt_qual.len_32.samples_1.1d.vert	Pass	Pass
dEQP-VK.robustness.robustness2.bind.notemplate.rgba32ui.unroll.nonvolatile.uniform_buffer_dynamic.no_fmt_qual.len_33.samples_1.1d.rgen	NotSupported	VK_KHR_ray_tracing_pipeline is not supported at vktTestCase.cpp:1394
dEQP-VK.robustness.robustness2.bind.notemplate.rgba32ui.unroll.nonvolatile.uniform_buffer_dynamic.no_fmt_qual.len_35.samples_1.1d.comp_compute	NotSupported	Exclusive compute queue not supported. at vktRobustnessExtsTests.cpp:737
dEQP-VK.robustness.robustness2.bind.notemplate.rgba32ui.unroll.nonvolatile.uniform_buffer_dynamic.no_fmt_qual.len_35.samples_1.1d.vert	Pass	Pass
dEQP-VK.robustness.robustness2.bind.notemplate.rgba32ui.unroll.nonvolatile.uniform_buffer_dynamic.no_fmt_qual.len_36.samples_1.1d.rgen	NotSupported	VK_KHR_ray_tracing_pipeline is not supported at vktTestCase.cpp:1394
dEQP-VK.robustness.robustness2.bind.notemplate.rgba32ui.unroll.nonvolatile.uniform_buffer_dynamic.no_fmt_qual.len_39.samples_1.1d.comp_compute	NotSupported	Exclusive compute queue not supported. at vktRobustnessExtsTests.cpp:737
dEQP-VK.robustness.robustness2.bind.notemplate.rgba32ui.unroll.nonvolatile.uniform_buffer_dynamic.no_fmt_qual.len_39.samples_1.1d.vert	Pass	Pass
dEQP-VK.robustness.robustness2.bind.notemplate.rgba32ui.unroll.nonvolatile.uniform_buffer_dynamic.no_fmt_qual.len_4.samples_1.1d.rgen	NotSupported	VK_KHR_ray_tracing_pipeline is not supported at vktTestCase.cpp:1394
dEQP-VK.robustness.robustness2.bind.notemplate.rgba32ui.unroll.nonvolatile.uniform_buffer_dynamic.no_fmt_qual.len_41.samples_1.1d.comp_compute	NotSupported	Exclusive compute queue not supported. at vktRobustnessExtsTests.cpp:737
dEQP-VK.robustness.robustness2.bind.notemplate.rgba32ui.unroll.nonvolatile.uniform_buffer_dynamic.no_fmt_qual.len_41.samples_1.1d.vert	Pass	Pass
dEQP-VK.robustness.robustness2.bind.notemplate.rgba32ui.unroll.nonvolatile.uniform_buffer_dynamic.no_fmt_qual.len_8.samples_1.1d.rgen	NotSupported	VK_KHR_ray_tracing_pipeline is not supported at vktTestCase.cpp:1394
dEQP-VK.robustness.robustness2.bind.notemplate.rgba32ui.unroll.nonvolatile.uniform_buffer_dynamic.no_fmt_qual.null_descriptor.samples_1.1d.comp_compute	NotSupported	Exclusive compute queue not supported. at vktRobustnessExtsTests.cpp:737
dEQP-VK.robustness.robustness2.bind.notemplate.rgba32ui.unroll.nonvolatile.uniform_buffer_dynamic.no_fmt_qual.null_descriptor.samples_1.1d.vert	Pass	Pass
dEQP-VK.robustness.robustness2.bind.notemplate.rgba32ui.unroll.nonvolatile.uniform_texel_buffer.no_fmt_qual.len_16.samples_1.1d.comp	Fail	Fail
dEQP-VK.robustness.robustness2.bind.notemplate.rgba32ui.unroll.nonvolatile.uniform_texel_buffer.no_fmt_qual.len_16.samples_1.1d.comp_compute	NotSupported	Exclusive compute queue not supported. at vktRobustnessExtsTests.cpp:737
dEQP-VK.robustness.robustness2.bind.notemplate.rgba32ui.unroll.nonvolatile.uniform_texel_buffer.no_fmt_qual.len_16.samples_1.1d.frag	Fail	Fail
dEQP-VK.robustness.robustness2.bind.notemplate.rgba32ui.unroll.nonvolatile.uniform_texel_buffer.no_fmt_qual.len_16.samples_1.1d.rgen	NotSupported	VK_KHR_ray_tracing_pipeline is not supported at vktTestCase.cpp:1394
dEQP-VK.robustness.robustness2.bind.notemplate.rgba32ui.unroll.nonvolatile.uniform_texel_buffer.no_fmt_qual.len_16.samples_1.1d.rgen_compute	NotSupported	VK_KHR_ray_tracing_pipeline is not supported at vktTestCase.cpp:1394
dEQP-VK.robustness.robustness2.bind.notemplate.rgba32ui.unroll.nonvolatile.uniform_texel_buffer.no_fmt_qual.len_16.samples_1.1d.vert	Fail	Fail
dEQP-VK.robustness.robustness2.bind.notemplate.rgba32ui.unroll.nonvolatile.uniform_texel_buffer.no_fmt_qual.len_256.samples_1.1d.comp	Fail	Fail
dEQP-VK.robustness.robustness2.bind.notemplate.rgba32ui.unroll.nonvolatile.uniform_texel_buffer.no_fmt_qual.len_256.samples_1.1d.comp_compute	NotSupported	Exclusive compute queue not supported. at vktRobustnessExtsTests.cpp:737
dEQP-VK.robustness.robustness2.bind.notemplate.rgba32ui.unroll.nonvolatile.uniform_texel_buffer.no_fmt_qual.len_256.samples_1.1d.frag	Fail	Fail
dEQP-VK.robustness.robustness2.bind.notemplate.rgba32ui.unroll.nonvolatile.uniform_texel_buffer.no_fmt_qual.len_256.samples_1.1d.rgen	NotSupported	VK_KHR_ray_tracing_pipeline is not supported at vktTestCase.cpp:1394
dEQP-VK.robustness.robustness2.bind.notemplate.rgba32ui.unroll.nonvolatile.uniform_texel_buffer.no_fmt_qual.len_256.samples_1.1d.rgen_compute	NotSupported	VK_KHR_ray_tracing_pipeline is not supported at vktTestCase.cpp:1394
dEQP-VK.robustness.robustness2.bind.notemplate.rgba32ui.unroll.nonvolatile.uniform_texel_buffer.no_fmt_qual.len_256.samples_1.1d.vert	Fail	Fail
dEQP-VK.robustness.robustness2.bind.notemplate.rgba32ui.unroll.nonvolatile.uniform_texel_buffer.no_fmt_qual.len_32.samples_1.1d.comp	Fail	Fail
dEQP-VK.robustness.robustness2.bind.notemplate.rgba32ui.unroll.nonvolatile.uniform_texel_buffer.no_fmt_qual.len_32.samples_1.1d.comp_compute	NotSupported	Exclusive compute queue not supported. at vktRobustnessExtsTests.cpp:737
dEQP-VK.robustness.robustness2.bind.notemplate.rgba32ui.unroll.nonvolatile.uniform_texel_buffer.no_fmt_qual.len_32.samples_1.1d.frag	Fail	Fail
dEQP-VK.robustness.robustness2.bind.notemplate.rgba32ui.unroll.nonvolatile.uniform_texel_buffer.no_fmt_qual.len_32.samples_1.1d.rgen	NotSupported	VK_KHR_ray_tracing_pipeline is not supported at vktTestCase.cpp:1394
dEQP-VK.robustness.robustness2.bind.notemplate.rgba32ui.unroll.nonvolatile.uniform_texel_buffer.no_fmt_qual.len_32.samples_1.1d.rgen_compute	NotSupported	VK_KHR_ray_tracing_pipeline is not supported at vktTestCase.cpp:1394
dEQP-VK.robustness.robustness2.bind.notemplate.rgba32ui.unroll.nonvolatile.uniform_texel_buffer.no_fmt_qual.len_32.samples_1.1d.vert	Fail	Fail
dEQP-VK.robustness.robustness2.bind.notemplate.rgba32ui.unroll.nonvolatile.uniform_texel_buffer.no_fmt_qual.null_descriptor.samples_1.1d.comp	Pass	Pass
dEQP-VK.robustness.robustness2.bind.notemplate.rgba32ui.unroll.nonvolatile.uniform_texel_buffer.no_fmt_qual.null_descriptor.samples_1.1d.comp_compute	NotSupported	Exclusive compute queue not supported. at vktRobustnessExtsTests.cpp:737
dEQP-VK.robustness.robustness2.bind.notemplate.rgba32ui.unroll.nonvolatile.uniform_texel_buffer.no_fmt_qual.null_descriptor.samples_1.1d.frag	Pass	Pass
dEQP-VK.robustness.robustness2.bind.notemplate.rgba32ui.unroll.nonvolatile.uniform_texel_buffer.no_fmt_qual.null_descriptor.samples_1.1d.rgen	NotSupported	VK_KHR_ray_tracing_pipeline is not supported at vktTestCase.cpp:1394
dEQP-VK.robustness.robustness2.bind.notemplate.rgba32ui.unroll.nonvolatile.uniform_texel_buffer.no_fmt_qual.null_descriptor.samples_1.1d.rgen_compute	NotSupported	VK_KHR_ray_tracing_pipeline is not supported at vktTestCase.cpp:1394
dEQP-VK.robustness.robustness2.bind.notemplate.rgba32ui.unroll.nonvolatile.uniform_texel_buffer.no_fmt_qual.null_descriptor.samples_1.1d.vert	Pass	Pass
dEQP-VK.robustness.robustness2.bind.notemplate.rgba32ui.unroll.nonvolatile.vertex_attribute_fetch.no_fmt_qual.len_252.samples_1.1d.vert	Fail	Fail
dEQP-VK.robustness.robustness2.bind.notemplate.rgba32ui.unroll.nonvolatile.vertex_attribute_fetch.no_fmt_qual.len_32.samples_1.1d.vert	Fail	Fail
dEQP-VK.robustness.robustness2.bind.notemplate.rgba32ui.unroll.nonvolatile.vertex_attribute_fetch.no_fmt_qual.len_39.samples_1.1d.vert	Fail	Fail
dEQP-VK.robustness.robustness2.bind.notemplate.rgba32ui.unroll.nonvolatile.vertex_attribute_fetch.no_fmt_qual.null_descriptor.samples_1.1d.vert	Fail	Fail
dEQP-VK.robustness.robustness2.misc.out_of_bounds_stride	Pass	Pass
dEQP-VK.robustness.robustness2.misc.out_of_bounds_stride_dynamic_stride	Pass	Pass
dEQP-VK.robustness.robustness2.push.template.r32ui.unroll.nonvolatile.storage_texel_buffer.fmt_qual.null_descriptor.samples_1.1d.comp	Pass	Pass
dEQP-VK.robustness.robustness2.push.template.r32ui.unroll.nonvolatile.storage_texel_buffer.fmt_qual.null_descriptor.samples_1.1d.comp_compute	NotSupported	Exclusive compute queue not supported. at vktRobustnessExtsTests.cpp:737
dEQP-VK.robustness.robustness2.push.template.r32ui.unroll.nonvolatile.storage_texel_buffer.fmt_qual.null_descriptor.samples_1.1d.frag	Pass	Pass
dEQP-VK.robustness.robustness2.push.template.r32ui.unroll.nonvolatile.storage_texel_buffer.fmt_qual.null_descriptor.samples_1.1d.rgen	NotSupported	VK_KHR_ray_tracing_pipeline is not supported at vktTestCase.cpp:1394
dEQP-VK.robustness.robustness2.push.template.r32ui.unroll.nonvolatile.storage_texel_buffer.fmt_qual.null_descriptor.samples_1.1d.rgen_compute	NotSupported	VK_KHR_ray_tracing_pipeline is not supported at vktTestCase.cpp:1394
dEQP-VK.robustness.robustness2.push.template.r32ui.unroll.nonvolatile.storage_texel_buffer.fmt_qual.null_descriptor.samples_1.1d.vert	Pass	Pass
dEQP-VK.robustness.robustness2.push.template.r32ui.unroll.nonvolatile.storage_texel_buffer.no_fmt_qual.null_descriptor.samples_1.1d.comp	Pass	Pass
dEQP-VK.robustness.robustness2.push.template.r32ui.unroll.nonvolatile.storage_texel_buffer.no_fmt_qual.null_descriptor.samples_1.1d.comp_compute	NotSupported	Exclusive compute queue not supported. at vktRobustnessExtsTests.cpp:737
dEQP-VK.robustness.robustness2.push.template.r32ui.unroll.nonvolatile.storage_texel_buffer.no_fmt_qual.null_descriptor.samples_1.1d.frag	Pass	Pass
dEQP-VK.robustness.robustness2.push.template.r32ui.unroll.nonvolatile.storage_texel_buffer.no_fmt_qual.null_descriptor.samples_1.1d.rgen	NotSupported	VK_KHR_ray_tracing_pipeline is not supported at vktTestCase.cpp:1394
dEQP-VK.robustness.robustness2.push.template.r32ui.unroll.nonvolatile.storage_texel_buffer.no_fmt_qual.null_descriptor.samples_1.1d.rgen_compute	NotSupported	VK_KHR_ray_tracing_pipeline is not supported at vktTestCase.cpp:1394
dEQP-VK.robustness.robustness2.push.template.r32ui.unroll.nonvolatile.storage_texel_buffer.no_fmt_qual.null_descriptor.samples_1.1d.vert	Pass	Pass
dEQP-VK.robustness.robustness2.push.template.r32ui.unroll.nonvolatile.uniform_texel_buffer.no_fmt_qual.null_descriptor.samples_1.1d.comp	Pass	Pass
dEQP-VK.robustness.robustness2.push.template.r32ui.unroll.nonvolatile.uniform_texel_buffer.no_fmt_qual.null_descriptor.samples_1.1d.comp_compute	NotSupported	Exclusive compute queue not supported. at vktRobustnessExtsTests.cpp:737
dEQP-VK.robustness.robustness2.push.template.r32ui.unroll.nonvolatile.uniform_texel_buffer.no_fmt_qual.null_descriptor.samples_1.1d.frag	Pass	Pass
dEQP-VK.robustness.robustness2.push.template.r32ui.unroll.nonvolatile.uniform_texel_buffer.no_fmt_qual.null_descriptor.samples_1.1d.rgen	NotSupported	VK_KHR_ray_tracing_pipeline is not supported at vktTestCase.cpp:1394
dEQP-VK.robustness.robustness2.push.template.r32ui.unroll.nonvolatile.uniform_texel_buffer.no_fmt_qual.null_descriptor.samples_1.1d.rgen_compute	NotSupported	VK_KHR_ray_tracing_pipeline is not supported at vktTestCase.cpp:1394
dEQP-VK.robustness.robustness2.push.template.r32ui.unroll.nonvolatile.uniform_texel_buffer.no_fmt_qual.null_descriptor.samples_1.1d.vert	Pass	Pass
dEQP-VK.robustness.robustness2.push.template.rgba32f.unroll.nonvolatile.storage_texel_buffer.fmt_qual.null_descriptor.samples_1.1d.comp	Pass	Pass
dEQP-VK.robustness.robustness2.push.template.rgba32f.unroll.nonvolatile.storage_texel_buffer.fmt_qual.null_descriptor.samples_1.1d.comp_compute	NotSupported	Exclusive compute queue not supported. at vktRobustnessExtsTests.cpp:737
dEQP-VK.robustness.robustness2.push.template.rgba32f.unroll.nonvolatile.storage_texel_buffer.fmt_qual.null_descriptor.samples_1.1d.frag	Pass	Pass
dEQP-VK.robustness.robustness2.push.template.rgba32f.unroll.nonvolatile.storage_texel_buffer.fmt_qual.null_descriptor.samples_1.1d.rgen	NotSupported	VK_KHR_ray_tracing_pipeline is not supported at vktTestCase.cpp:1394
dEQP-VK.robustness.robustness2.push.template.rgba32f.unroll.nonvolatile.storage_texel_buffer.fmt_qual.null_descriptor.samples_1.1d.rgen_compute	NotSupported	VK_KHR_ray_tracing_pipeline is not supported at vktTestCase.cpp:1394
dEQP-VK.robustness.robustness2.push.template.rgba32f.unroll.nonvolatile.storage_texel_buffer.fmt_qual.null_descriptor.samples_1.1d.vert	Pass	Pass
dEQP-VK.robustness.robustness2.push.template.rgba32f.unroll.nonvolatile.storage_texel_buffer.no_fmt_qual.null_descriptor.samples_1.1d.comp	Pass	Pass
dEQP-VK.robustness.robustness2.push.template.rgba32f.unroll.nonvolatile.storage_texel_buffer.no_fmt_qual.null_descriptor.samples_1.1d.comp_compute	NotSupported	Exclusive compute queue not supported. at vktRobustnessExtsTests.cpp:737
dEQP-VK.robustness.robustness2.push.template.rgba32f.unroll.nonvolatile.storage_texel_buffer.no_fmt_qual.null_descriptor.samples_1.1d.frag	Pass	Pass
dEQP-VK.robustness.robustness2.push.template.rgba32f.unroll.nonvolatile.storage_texel_buffer.no_fmt_qual.null_descriptor.samples_1.1d.rgen	NotSupported	VK_KHR_ray_tracing_pipeline is not supported at vktTestCase.cpp:1394
dEQP-VK.robustness.robustness2.push.template.rgba32f.unroll.nonvolatile.storage_texel_buffer.no_fmt_qual.null_descriptor.samples_1.1d.rgen_compute	NotSupported	VK_KHR_ray_tracing_pipeline is not supported at vktTestCase.cpp:1394
dEQP-VK.robustness.robustness2.push.template.rgba32f.unroll.nonvolatile.storage_texel_buffer.no_fmt_qual.null_descriptor.samples_1.1d.vert	Pass	Pass
dEQP-VK.robustness.robustness2.push.template.rgba32f.unroll.nonvolatile.uniform_texel_buffer.no_fmt_qual.null_descriptor.samples_1.1d.comp	Pass	Pass
dEQP-VK.robustness.robustness2.push.template.rgba32f.unroll.nonvolatile.uniform_texel_buffer.no_fmt_qual.null_descriptor.samples_1.1d.comp_compute	NotSupported	Exclusive compute queue not supported. at vktRobustnessExtsTests.cpp:737
dEQP-VK.robustness.robustness2.push.template.rgba32f.unroll.nonvolatile.uniform_texel_buffer.no_fmt_qual.null_descriptor.samples_1.1d.frag	Pass	Pass
dEQP-VK.robustness.robustness2.push.template.rgba32f.unroll.nonvolatile.uniform_texel_buffer.no_fmt_qual.null_descriptor.samples_1.1d.rgen	NotSupported	VK_KHR_ray_tracing_pipeline is not supported at vktTestCase.cpp:1394
dEQP-VK.robustness.robustness2.push.template.rgba32f.unroll.nonvolatile.uniform_texel_buffer.no_fmt_qual.null_descriptor.samples_1.1d.rgen_compute	NotSupported	VK_KHR_ray_tracing_pipeline is not supported at vktTestCase.cpp:1394
dEQP-VK.robustness.robustness2.push.template.rgba32f.unroll.nonvolatile.uniform_texel_buffer.no_fmt_qual.null_descriptor.samples_1.1d.vert	Pass	Pass
